minute,device_id,temperature_c,humidity_pct,pressure_bar,vibration_mm_s
2026-08-31T17:28:00,machine-01,41.594,44.027,5.686,4.37
2026-08-31T17:29:00,machine-01,42.528,42.801,5.778,4.7
2026-08-31T17:30:00,machine-01,42.884,42.554,5.669,2.974
2026-08-31T17:31:00,machine-01,42.566,43.202,5.374,3.549
2026-08-31T17:32:00,machine-01,43.222,42.038,5.375,5.162
2026-08-31T17:33:00,machine-01,43.588,41.754,5.718,5.245
2026-08-31T17:34:00,machine-01,43.332,41.983,5.812,5.529
2026-08-31T17:35:00,machine-01,43.858,41.229,5.992,5.602
2026-08-31T17:36:00,machine-01,43.384,41.995,5.974,4.214
2026-08-31T17:37:00,machine-01,42.488,42.923,5.959,5.068
2026-08-31T17:38:00,machine-01,42.57,42.876,6.294,4.968
2026-08-31T17:39:00,machine-01,41.762,43.839,6.185,3.426
2026-08-31T17:40:00,machine-01,39.702,46.484,5.897,2.157
2026-08-31T17:41:00,machine-01,38.057,48.243,5.861,3.683
2026-08-31T17:42:00,machine-01,37.56,48.794,5.751,5.675
2026-08-31T17:43:00,machine-01,38.242,48.09,5.854,6.244
2026-08-31T17:44:00,machine-01,38.554,47.671,6.116,6.11
2026-08-31T17:45:00,machine-01,38.891,47.169,6.252,5.52
2026-08-31T17:46:00,machine-01,39.263,46.884,6.31,5.553
2026-08-31T17:47:00,machine-01,39.012,47.037,5.966,4.937
2026-08-31T17:48:00,machine-01,39.401,46.757,5.875,5.077
2026-08-31T17:49:00,machine-01,39.672,46.408,5.739,5.285
2026-08-31T17:50:00,machine-01,40.207,45.786,5.854,4.376
2026-08-31T17:51:00,machine-01,41.073,44.762,5.711,5.302
2026-08-31T17:52:00,machine-01,42.292,43.124,5.82,6.135
2026-08-31T17:53:00,machine-01,43.332,41.973,6.002,3.48
2026-08-31T17:54:00,machine-01,42.018,43.586,5.58,1.375
2026-08-31T17:55:00,machine-01,40.072,45.946,5.152,1.49
2026-08-31T17:56:00,machine-01,39.646,46.533,4.983,2.011
2026-08-31T17:57:00,machine-01,39.789,46.284,5.282,2.604
2026-08-31T17:58:00,machine-01,40.314,45.576,5.563,3.29
2026-08-31T17:59:00,machine-01,40.805,45.042,5.569,3.177
2026-08-31T18:00:00,machine-01,41.513,44.105,5.65,4.448
2026-08-31T18:01:00,machine-01,41.984,43.627,5.568,4.165
2026-08-31T18:02:00,machine-01,42.307,43.273,5.53,5.1
2026-08-31T18:03:00,machine-01,41.205,44.651,5.714,2.534
2026-08-31T18:04:00,machine-01,39.402,46.713,5.442,2.035
2026-08-31T18:05:00,machine-01,38.199,48.008,5.285,2.973
2026-08-31T18:06:00,machine-01,38.335,47.965,5.759,3.913
2026-08-31T18:07:00,machine-01,38.088,48.456,5.559,3.291
2026-08-31T18:08:00,machine-01,37.229,49.548,5.5,4.788
2026-08-31T18:09:00,machine-01,37.047,49.462,5.863,5.753
2026-08-31T18:10:00,machine-01,37.294,49.096,6.005,6.291
2026-08-31T18:11:00,machine-01,37.853,48.664,6.149,4.977
2026-08-31T18:12:00,machine-01,37.025,49.56,5.886,3.334
2026-08-31T18:13:00,machine-01,36.42,50.506,5.654,3.738
2026-08-31T18:14:00,machine-01,35.112,51.803,5.425,1.937
2026-08-31T18:15:00,machine-01,33.494,53.881,5.52,2.399
2026-08-31T18:16:00,machine-01,32.509,54.782,5.443,2.78
2026-08-31T18:17:00,machine-01,32.175,55.246,5.461,2.837
2026-08-31T18:18:00,machine-01,31.757,55.827,5.325,1.803
2026-08-31T18:19:00,machine-01,30.521,57.521,4.92,0.964
2026-08-31T18:20:00,machine-01,30.519,57.541,4.771,2.673
2026-08-31T18:21:00,machine-01,31.973,55.476,5.245,4.003
2026-08-31T18:22:00,machine-01,33.176,54.146,5.445,2.733
2026-08-31T18:23:00,machine-01,33.355,53.982,5.402,3.173
2026-08-31T18:24:00,machine-01,35.271,51.675,5.447,5.591
2026-08-31T18:25:00,machine-01,37.436,48.78,5.631,4.015
2026-08-31T18:26:00,machine-01,38.139,48.081,5.651,3.3
2026-08-31T18:27:00,machine-01,37.749,48.626,5.311,1.112
2026-08-31T18:28:00,machine-01,36.587,50.099,4.937,0.611
2026-08-31T18:29:00,machine-01,35.469,51.275,4.552,0.777
2026-08-31T18:30:00,machine-01,34.215,52.798,4.555,1.505
2026-08-31T18:31:00,machine-01,34.184,52.909,4.448,0.816
2026-08-31T18:32:00,machine-01,32.746,54.675,4.356,0.738
2026-08-31T18:33:00,machine-01,31.837,55.822,4.2,0.591
2026-08-31T18:34:00,machine-01,30.926,56.871,4.27,0.655
2026-08-31T18:35:00,machine-01,30.173,57.742,4.131,0.625
2026-08-31T18:36:00,machine-01,29.489,58.511,4.215,1.285
2026-08-31T18:37:00,machine-01,28.967,59.108,4.386,1.172
2026-08-31T18:38:00,machine-01,27.287,61.218,4.33,0.644
2026-08-31T18:39:00,machine-01,25.141,63.807,4.287,0.768
2026-08-31T18:40:00,machine-01,24.682,64.436,4.3,0.971
2026-08-31T18:41:00,machine-01,24.854,64.133,4.535,2.568
2026-08-31T18:42:00,machine-01,25.512,63.432,4.891,2.954
2026-08-31T18:43:00,machine-01,25.906,62.713,5.098,2.95
2026-08-31T18:44:00,machine-01,27.223,61.279,5.39,5.151
2026-08-31T18:45:00,machine-01,29.217,58.892,5.769,6.106
2026-08-31T18:46:00,machine-01,31.062,56.535,5.906,5.048
2026-08-31T18:47:00,machine-01,32.576,54.861,6.084,5.947
2026-08-31T18:48:00,machine-01,34.505,52.745,6.308,5.474
2026-08-31T18:49:00,machine-01,35.476,51.294,6.347,4.084
2026-08-31T18:50:00,machine-01,35.576,51.439,5.943,2.513
2026-08-31T18:51:00,machine-01,35.913,50.928,5.605,3.209
2026-08-31T18:52:00,machine-01,35.735,51.095,5.33,2.074
2026-08-31T18:53:00,machine-01,35.559,51.377,5.105,2.468
2026-08-31T18:54:00,machine-01,36.163,50.493,4.844,1.724
2026-08-31T18:55:00,machine-01,35.41,51.598,4.735,1.407
2026-08-31T18:56:00,machine-01,35.786,51.02,5.029,3.195
2026-08-31T18:57:00,machine-01,37.373,49.042,5.479,5.321
2026-08-31T18:58:00,machine-01,39.012,47.173,5.901,5.294
2026-08-31T18:59:00,machine-01,40.025,46.072,6.041,4.204
2026-08-31T19:00:00,machine-01,40.378,45.525,5.969,3.074
2026-08-31T19:01:00,machine-01,40.085,45.879,5.712,2.409
2026-08-31T19:02:00,machine-01,39.574,46.511,5.538,1.118
2026-08-31T19:03:00,machine-01,38.022,48.169,5.03,0.723
2026-08-31T19:04:00,machine-01,36.105,50.645,4.797,0.851
2026-08-31T19:05:00,machine-01,34.568,52.691,4.778,1.89
2026-08-31T19:06:00,machine-01,33.594,53.621,4.947,2.751
2026-08-31T19:07:00,machine-01,33.911,53.411,5.291,3.654
2026-08-31T19:08:00,machine-01,35.079,51.959,5.442,4.88
2026-08-31T19:09:00,machine-01,35.836,51.069,5.8,5.059
2026-08-31T19:10:00,machine-01,35.593,51.183,5.614,2.886
2026-08-31T19:11:00,machine-01,34.673,52.389,5.476,3.752
2026-08-31T19:12:00,machine-01,34.489,52.724,5.605,4.252
2026-08-31T19:13:00,machine-01,34.238,52.859,5.446,2.688
2026-08-31T19:14:00,machine-01,32.462,55.072,5.046,1.179
2026-08-31T19:15:00,machine-01,30.394,57.478,4.726,0.725
2026-08-31T19:16:00,machine-01,29.608,58.606,4.821,1.724
2026-08-31T19:17:00,machine-01,28.614,59.819,4.598,0.623
2026-08-31T19:18:00,machine-01,27.001,61.566,4.387,0.526
2026-08-31T19:19:00,machine-01,25.674,63.335,4.299,0.968
2026-08-31T19:20:00,machine-01,25.224,63.815,4.259,1.782
2026-08-31T19:21:00,machine-01,25.941,62.862,4.322,1.303
2026-08-31T19:22:00,machine-01,27.692,60.656,4.472,3.063
2026-08-31T19:23:00,machine-01,29.666,58.571,4.62,1.595
2026-08-31T19:24:00,machine-01,31.257,56.423,4.907,2.854
2026-08-31T19:25:00,machine-01,32.51,54.98,4.99,1.809
2026-08-31T19:26:00,machine-01,32.989,54.539,4.841,2.501
2026-08-31T19:27:00,machine-01,34.529,52.5,5.012,3.742
2026-08-31T19:28:00,machine-01,36.404,50.415,5.093,3.099
2026-08-31T19:29:00,machine-01,37.206,49.135,5.05,2.372
2026-08-31T19:30:00,machine-01,37.114,49.638,4.97,2.522
2026-08-31T19:31:00,machine-01,38.286,48.074,5.16,4.098
2026-08-31T19:32:00,machine-01,40.529,45.457,5.6,5.236
2026-08-31T19:33:00,machine-01,41.409,44.136,5.86,5.918
2026-08-31T19:34:00,machine-01,42.206,43.395,6.125,6.222
2026-08-31T19:35:00,machine-01,42.801,42.755,6.185,5.099
2026-08-31T19:36:00,machine-01,42.643,42.702,5.934,3.914
2026-08-31T19:37:00,machine-01,42.057,43.573,5.611,2.863
2026-08-31T19:38:00,machine-01,39.644,46.419,5.379,1.45
2026-08-31T19:39:00,machine-01,36.882,49.512,4.899,0.918
2026-08-31T19:40:00,machine-01,33.792,53.391,4.549,1.191
2026-08-31T19:41:00,machine-01,31.569,56.175,4.473,0.984
2026-08-31T19:42:00,machine-01,29.72,58.194,4.328,0.771
2026-08-31T19:43:00,machine-01,28.86,59.188,4.356,2.353
2026-08-31T19:44:00,machine-01,28.79,59.223,4.662,2.163
2026-08-31T19:45:00,machine-01,28.18,60.051,4.907,2.38
2026-08-31T19:46:00,machine-01,28.021,60.367,5.199,1.813
2026-08-31T19:47:00,machine-01,28.526,59.788,5.139,2.763
2026-08-31T19:48:00,machine-01,29.124,59.108,5.187,2.232
2026-08-31T19:49:00,machine-01,28.79,59.464,5.142,1.521
2026-08-31T19:50:00,machine-01,29.245,59.083,4.896,2.264
2026-08-31T19:51:00,machine-01,31.339,56.299,4.954,4.162
2026-08-31T19:52:00,machine-01,33.967,53.11,5.256,4.94
2026-08-31T19:53:00,machine-01,36.034,50.796,5.477,4.491
2026-08-31T19:54:00,machine-01,38.152,48.26,5.549,4.952
2026-08-31T19:55:00,machine-01,38.706,47.409,5.722,3.837
2026-08-31T19:56:00,machine-01,39.486,46.626,5.867,5.275
2026-08-31T19:57:00,machine-01,41.803,43.627,5.835,5.823
2026-08-31T19:58:00,machine-01,43.707,41.554,5.957,5.648
2026-08-31T19:59:00,machine-01,45.467,39.396,6.091,5.647
2026-08-31T20:00:00,machine-01,45.999,38.534,6.032,5.119
2026-08-31T20:01:00,machine-01,46.213,38.597,6.096,5.768
2026-08-31T20:02:00,machine-01,46.687,38.021,6.361,6.325
2026-08-31T20:03:00,machine-01,46.888,37.777,6.318,4.61
2026-08-31T20:04:00,machine-01,45.927,38.997,6.025,5.286
2026-08-31T20:05:00,machine-01,46.587,38.115,6.274,6.165
2026-08-31T20:06:00,machine-01,46.45,38.311,6.263,5.745
2026-08-31T20:07:00,machine-01,45.844,38.96,6.167,5.919
2026-08-31T20:08:00,machine-01,45.21,39.664,6.077,5.553
2026-08-31T20:09:00,machine-01,44.45,40.522,5.99,5.793
2026-08-31T20:10:00,machine-01,43.036,42.347,5.892,4.149
2026-08-31T20:11:00,machine-01,40.733,45.189,5.895,3.18
2026-08-31T20:12:00,machine-01,38.517,47.861,5.552,1.539
2026-08-31T20:13:00,machine-01,35.027,51.999,5.113,0.921
2026-08-31T20:14:00,machine-01,31.602,56.12,4.861,0.839
2026-08-31T20:15:00,machine-01,30.04,57.823,4.822,2.016
2026-08-31T20:16:00,machine-01,29.31,58.864,4.842,2.437
2026-08-31T20:17:00,machine-01,29.345,58.875,4.714,2.443
2026-08-31T20:18:00,machine-01,29.355,58.831,4.924,1.853
2026-08-31T20:19:00,machine-01,29.43,58.654,4.901,1.049
2026-08-31T20:20:00,machine-01,28.19,60.221,4.461,0.62
2026-08-31T20:21:00,machine-01,27.362,61.245,4.335,0.908
2026-08-31T20:22:00,machine-01,27.307,61.426,4.281,0.831
2026-08-31T20:23:00,machine-01,27.688,60.728,4.255,1.07
2026-08-31T20:24:00,machine-01,28.069,60.321,4.179,0.97
2026-08-31T20:25:00,machine-01,29.907,58.153,4.461,2.58
2026-08-31T20:26:00,machine-01,32.073,55.557,4.696,2.012
2026-08-31T20:27:00,machine-01,33.22,54.224,4.77,1.367
2026-08-31T20:28:00,machine-01,33.811,53.424,4.709,2.3
2026-08-31T20:29:00,machine-01,34.52,52.532,4.745,1.707
2026-08-31T20:30:00,machine-01,33.575,53.657,4.421,0.598
2026-08-31T20:31:00,machine-01,33.109,54.3,4.459,1.541
2026-08-31T20:32:00,machine-01,33.191,54.262,4.506,1.058
2026-08-31T20:33:00,machine-01,32.643,54.931,4.218,0.601
2026-08-31T20:34:00,machine-01,31.522,55.923,4.416,2.289
2026-08-31T20:35:00,machine-01,32.161,55.304,4.942,4.443
2026-08-31T20:36:00,machine-01,33.906,53.205,5.491,5.864
2026-08-31T20:37:00,machine-01,35.257,51.653,5.688,5.379
2026-08-31T20:38:00,machine-01,35.82,50.909,5.633,5.702
2026-08-31T20:39:00,machine-01,36.933,49.723,5.793,6.039
2026-08-31T20:40:00,machine-01,38.117,48.481,6.11,4.936
2026-08-31T20:41:00,machine-01,37.391,49.061,5.975,2.96
2026-08-31T20:42:00,machine-01,35.609,51.368,5.528,2.094
2026-08-31T20:43:00,machine-01,33.672,53.663,5.414,2.126
2026-08-31T20:44:00,machine-01,31.886,55.759,5.295,1.405
2026-08-31T20:45:00,machine-01,29.875,57.888,4.933,1.012
2026-08-31T20:46:00,machine-01,29.277,58.781,4.825,1.524
2026-08-31T20:47:00,machine-01,29.11,59.045,4.873,1.332
2026-08-31T20:48:00,machine-01,28.307,59.985,4.632,1.296
2026-08-31T20:49:00,machine-01,28.684,59.609,4.556,2.478
2026-08-31T20:50:00,machine-01,28.668,59.606,4.792,2.593
2026-08-31T20:51:00,machine-01,30.138,57.84,5.032,3.825
2026-08-31T20:52:00,machine-01,32.49,55.0,5.304,4.69
2026-08-31T20:53:00,machine-01,34.984,52.06,5.629,4.969
2026-08-31T20:54:00,machine-01,37.229,49.242,5.728,5.375
2026-08-31T20:55:00,machine-01,39.69,46.428,6.145,6.204
2026-08-31T20:56:00,machine-01,41.38,44.35,6.234,3.645
2026-08-31T20:57:00,machine-01,41.151,44.667,5.851,2.613
2026-08-31T20:58:00,machine-01,41.402,44.416,5.61,3.489
2026-08-31T20:59:00,machine-01,42.553,43.104,5.897,5.832
2026-08-31T21:00:00,machine-01,44.358,40.828,6.106,5.808
2026-08-31T21:01:00,machine-01,45.516,39.392,6.203,6.031
2026-08-31T21:02:00,machine-01,46.321,38.434,6.314,5.548
2026-08-31T21:03:00,machine-01,46.352,38.344,6.404,5.577
2026-08-31T21:04:00,machine-01,45.736,39.248,6.109,3.434
2026-08-31T21:05:00,machine-01,43.652,41.698,5.626,2.276
2026-08-31T21:06:00,machine-01,41.315,44.454,5.258,1.769
2026-08-31T21:07:00,machine-01,39.131,47.181,4.997,1.665
2026-08-31T21:08:00,machine-01,37.281,49.199,4.67,1.314
2026-08-31T21:09:00,machine-01,35.434,51.445,4.897,2.375
2026-08-31T21:10:00,machine-01,34.92,52.026,5.252,3.374
2026-08-31T21:11:00,machine-01,34.981,52.055,5.505,4.561
2026-08-31T21:12:00,machine-01,34.955,52.098,5.646,3.094
2026-08-31T21:13:00,machine-01,34.062,53.148,5.346,1.771
2026-08-31T21:14:00,machine-01,31.926,55.769,5.007,0.839
2026-08-31T21:15:00,machine-01,29.838,58.319,4.78,0.877
2026-08-31T21:16:00,machine-01,28.748,59.501,4.685,1.354
2026-08-31T21:17:00,machine-01,28.153,60.047,4.881,2.434
2026-08-31T21:18:00,machine-01,27.691,60.842,4.783,0.931
2026-08-31T21:19:00,machine-01,27.444,61.189,4.587,0.976
2026-08-31T21:20:00,machine-01,27.48,60.921,4.622,1.111
2026-08-31T21:21:00,machine-01,28.674,59.868,4.917,3.787
2026-08-31T21:22:00,machine-01,31.852,55.984,5.344,4.853
2026-08-31T21:23:00,machine-01,35.127,51.797,5.746,5.921
2026-08-31T21:24:00,machine-01,37.202,49.333,5.919,5.358
2026-08-31T21:25:00,machine-01,38.137,48.109,5.916,4.503
2026-08-31T21:26:00,machine-01,39.556,46.763,6.051,5.629
2026-08-31T21:27:00,machine-01,41.55,44.048,6.022,4.267
2026-08-31T21:28:00,machine-01,42.264,43.269,5.677,2.626
2026-08-31T21:29:00,machine-01,42.52,42.847,5.726,3.738
2026-08-31T21:30:00,machine-01,43.401,41.953,5.985,5.327
2026-08-31T21:31:00,machine-01,44.762,40.152,6.14,4.978
2026-08-31T21:32:00,machine-01,44.123,41.089,6.108,3.895
2026-08-31T21:33:00,machine-01,43.195,42.124,5.784,2.962
2026-08-31T21:34:00,machine-01,42.241,43.046,5.692,3.252
2026-08-31T21:35:00,machine-01,41.741,43.945,5.646,3.983
2026-08-31T21:36:00,machine-01,42.276,43.164,5.584,3.875
2026-08-31T21:37:00,machine-01,41.325,44.484,5.51,3.122
2026-08-31T21:38:00,machine-01,39.224,47.098,5.357,2.795
2026-08-31T21:39:00,machine-01,38.021,48.441,5.527,3.303
2026-08-31T21:40:00,machine-01,37.242,49.391,5.458,3.36
2026-08-31T21:41:00,machine-01,36.748,49.886,5.496,4.249
2026-08-31T21:42:00,machine-01,36.258,50.515,5.652,5.61
2026-08-31T21:43:00,machine-01,37.079,49.66,5.87,5.012
2026-08-31T21:44:00,machine-01,36.69,49.982,5.758,2.507
2026-08-31T21:45:00,machine-01,35.021,52.014,5.629,3.115
2026-08-31T21:46:00,machine-01,34.801,52.266,5.704,3.871
2026-08-31T21:47:00,machine-01,33.557,53.517,5.472,1.48
2026-08-31T21:48:00,machine-01,31.882,55.624,4.924,1.006
2026-08-31T21:49:00,machine-01,30.381,57.687,4.699,0.584
2026-08-31T21:50:00,machine-01,29.638,58.624,4.388,0.65
2026-08-31T21:51:00,machine-01,29.089,59.218,4.32,0.877
2026-08-31T21:52:00,machine-01,29.344,58.847,4.374,1.662
2026-08-31T21:53:00,machine-01,29.914,58.014,4.278,1.648
2026-08-31T21:54:00,machine-01,30.716,57.175,4.573,2.164
2026-08-31T21:55:00,machine-01,31.808,55.947,4.825,1.842
2026-08-31T21:56:00,machine-01,32.896,54.395,4.775,1.292
2026-08-31T21:57:00,machine-01,32.94,54.425,4.423,0.576
2026-08-31T21:58:00,machine-01,33.119,54.212,4.301,1.597
2026-08-31T21:59:00,machine-01,34.129,52.95,4.404,1.545
2026-08-31T22:00:00,machine-01,33.17,54.176,4.623,0.821
2026-08-31T22:01:00,machine-01,32.556,54.95,4.617,0.749
2026-08-31T22:02:00,machine-01,31.783,55.822,4.49,0.769
2026-08-31T22:03:00,machine-01,32.652,55.04,4.728,3.936
2026-08-31T22:04:00,machine-01,35.427,51.517,5.224,5.894
2026-08-31T22:05:00,machine-01,37.449,49.106,5.555,4.88
2026-08-31T22:06:00,machine-01,37.992,48.458,5.874,3.972
2026-08-31T22:07:00,machine-01,36.697,49.861,5.687,1.817
2026-08-31T22:08:00,machine-01,35.031,52.041,5.34,0.814
2026-08-31T22:09:00,machine-01,33.0,54.297,4.942,1.802
2026-08-31T22:10:00,machine-01,32.356,55.111,4.948,3.068
2026-08-31T22:11:00,machine-01,32.954,54.549,5.271,4.565
2026-08-31T22:12:00,machine-01,33.896,53.159,5.47,3.569
2026-08-31T22:13:00,machine-01,32.215,55.416,5.383,1.58
2026-08-31T22:14:00,machine-01,29.562,58.571,4.987,0.516
2026-08-31T22:15:00,machine-01,27.255,61.386,4.781,1.499
2026-08-31T22:16:00,machine-01,26.564,62.227,4.834,1.861
2026-08-31T22:17:00,machine-01,27.865,60.633,5.102,3.871
2026-08-31T22:18:00,machine-01,29.797,58.151,5.187,4.029
2026-08-31T22:19:00,machine-01,31.524,56.056,5.164,4.799
2026-08-31T22:20:00,machine-01,33.189,54.312,5.298,4.77
2026-08-31T22:21:00,machine-01,34.827,52.094,5.589,5.208
2026-08-31T22:22:00,machine-01,36.688,49.95,5.884,6.076
2026-08-31T22:23:00,machine-01,37.955,48.345,6.012,4.181
2026-08-31T22:24:00,machine-01,38.528,47.644,5.827,2.868
2026-08-31T22:25:00,machine-01,39.587,46.454,5.896,4.156
2026-08-31T22:26:00,machine-01,41.054,44.703,5.785,4.471
2026-08-31T22:27:00,machine-01,41.781,43.874,5.774,4.067
2026-08-31T22:28:00,machine-01,42.511,42.943,5.921,4.346
2026-08-31T22:29:00,machine-01,42.152,43.298,5.687,2.516
2026-08-31T22:30:00,machine-01,41.598,44.081,5.593,2.229
2026-08-31T22:31:00,machine-01,40.902,44.763,5.409,2.06
2026-08-31T22:32:00,machine-01,40.653,45.185,5.357,2.649
2026-08-31T22:33:00,machine-01,39.435,46.694,5.216,1.386
2026-08-31T22:34:00,machine-01,37.015,49.332,4.955,0.741
2026-08-31T22:35:00,machine-01,35.066,51.822,4.675,1.312
2026-08-31T22:36:00,machine-01,33.907,53.319,4.795,1.108
2026-08-31T22:37:00,machine-01,33.048,54.242,4.964,2.153
2026-08-31T22:38:00,machine-01,32.393,54.965,5.19,1.569
2026-08-31T22:39:00,machine-01,30.456,57.432,4.952,0.843
2026-08-31T22:40:00,machine-01,28.839,59.525,4.875,0.802
2026-08-31T22:41:00,machine-01,27.103,61.504,4.512,0.611
2026-08-31T22:42:00,machine-01,25.834,63.027,4.578,1.007
2026-08-31T22:43:00,machine-01,25.303,63.484,4.718,2.249
2026-08-31T22:44:00,machine-01,25.541,63.207,4.89,2.357
2026-08-31T22:45:00,machine-01,25.649,63.186,5.111,0.956
2026-08-31T22:46:00,machine-01,25.456,63.433,5.058,1.013
2026-08-31T22:47:00,machine-01,24.995,64.078,4.662,1.119
2026-08-31T22:48:00,machine-01,25.248,63.725,4.631,1.201
2026-08-31T22:49:00,machine-01,25.156,63.778,4.546,0.694
2026-08-31T22:50:00,machine-01,24.501,64.313,4.419,0.695
2026-08-31T22:51:00,machine-01,24.36,64.653,4.552,0.974
2026-08-31T22:52:00,machine-01,24.909,64.171,4.507,0.612
2026-08-31T22:53:00,machine-01,25.57,63.336,4.387,1.339
2026-08-31T22:54:00,machine-01,27.75,60.564,4.455,1.772
2026-08-31T22:55:00,machine-01,28.978,59.327,4.331,1.263
2026-08-31T22:56:00,machine-01,29.36,58.928,4.486,1.498
2026-08-31T22:57:00,machine-01,30.673,57.088,4.872,4.08
2026-08-31T22:58:00,machine-01,33.263,54.141,5.228,5.381
2026-08-31T22:59:00,machine-01,36.221,50.547,5.641,4.295
2026-08-31T23:00:00,machine-01,37.942,48.502,5.73,3.921
2026-08-31T23:01:00,machine-01,39.83,46.1,5.813,3.684
2026-08-31T23:02:00,machine-01,40.538,45.29,5.843,4.19
2026-08-31T23:03:00,machine-01,40.832,44.868,5.955,4.87
2026-08-31T23:04:00,machine-01,40.747,45.328,6.237,5.705
2026-08-31T23:05:00,machine-01,41.205,44.713,6.297,5.562
2026-08-31T23:06:00,machine-01,42.336,43.258,6.346,6.113
2026-08-31T23:07:00,machine-01,42.685,42.813,6.517,5.076
2026-08-31T23:08:00,machine-01,42.483,42.946,6.256,3.989
2026-08-31T23:09:00,machine-01,41.142,44.48,6.125,4.929
2026-08-31T23:10:00,machine-01,39.496,46.633,6.02,2.023
2026-08-31T23:11:00,machine-01,36.594,49.933,5.485,1.444
2026-08-31T23:12:00,machine-01,34.435,52.558,5.214,2.161
2026-08-31T23:13:00,machine-01,33.395,54.039,5.083,2.39
2026-08-31T23:14:00,machine-01,32.175,55.481,5.049,2.388
2026-08-31T23:15:00,machine-01,31.302,56.476,5.255,2.948
2026-08-31T23:16:00,machine-01,31.295,56.195,5.217,2.872
2026-08-31T23:17:00,machine-01,30.383,57.417,4.964,1.69
2026-08-31T23:18:00,machine-01,30.271,57.847,4.927,1.7
2026-08-31T23:19:00,machine-01,29.777,58.323,4.782,1.93
2026-08-31T23:20:00,machine-01,30.126,57.867,4.83,1.865
2026-08-31T23:21:00,machine-01,31.317,56.269,4.979,3.589
2026-08-31T23:22:00,machine-01,33.904,53.326,5.209,4.245
2026-08-31T23:23:00,machine-01,35.686,51.141,5.407,4.704
2026-08-31T23:24:00,machine-01,37.459,49.08,5.629,6.017
2026-08-31T23:25:00,machine-01,39.785,46.402,5.916,5.536
2026-08-31T23:26:00,machine-01,41.204,44.514,5.996,4.336
2026-08-31T23:27:00,machine-01,42.578,42.839,6.083,4.713
2026-08-31T23:28:00,machine-01,43.92,41.41,6.068,5.418
2026-08-31T23:29:00,machine-01,44.668,40.528,6.093,5.665
2026-08-31T23:30:00,machine-01,45.416,39.419,6.173,5.731
2026-08-31T23:31:00,machine-01,45.571,39.313,6.303,4.766
2026-08-31T23:32:00,machine-01,43.671,41.324,5.987,1.352
2026-08-31T23:33:00,machine-01,40.391,45.603,5.509,1.203
2026-08-31T23:34:00,machine-01,38.897,47.364,5.163,1.77
2026-08-31T23:35:00,machine-01,37.569,48.882,5.073,1.528
2026-08-31T23:36:00,machine-01,35.709,51.223,4.815,0.598
2026-08-31T23:37:00,machine-01,33.603,53.752,4.538,0.66
2026-08-31T23:38:00,machine-01,32.048,55.743,4.463,0.956
2026-08-31T23:39:00,machine-01,30.314,57.756,4.543,1.394
2026-08-31T23:40:00,machine-01,29.998,58.083,4.966,4.152
2026-08-31T23:41:00,machine-01,31.214,56.659,5.397,3.569
2026-08-31T23:42:00,machine-01,31.547,56.049,5.503,2.979
2026-08-31T23:43:00,machine-01,31.978,55.635,5.55,2.619
2026-08-31T23:44:00,machine-01,31.023,56.866,5.421,3.047
2026-08-31T23:45:00,machine-01,30.971,56.879,5.556,4.036
2026-08-31T23:46:00,machine-01,30.344,57.689,5.311,2.044
2026-08-31T23:47:00,machine-01,30.296,57.911,5.332,2.48
2026-08-31T23:48:00,machine-01,30.991,56.808,5.493,3.685
2026-08-31T23:49:00,machine-01,32.108,55.555,5.443,2.163
2026-08-31T23:50:00,machine-01,32.493,54.959,5.242,1.915
2026-08-31T23:51:00,machine-01,32.12,55.501,4.949,1.468
2026-08-31T23:52:00,machine-01,31.714,55.897,4.822,1.13
2026-08-31T23:53:00,machine-01,31.25,56.58,4.735,1.653
2026-08-31T23:54:00,machine-01,31.915,55.811,4.753,1.747
2026-08-31T23:55:00,machine-01,32.84,54.658,4.852,2.74
2026-08-31T23:56:00,machine-01,35.248,51.502,5.116,3.811
2026-08-31T23:57:00,machine-01,37.82,48.589,5.465,5.436
2026-08-31T23:58:00,machine-01,40.69,45.153,5.764,5.936
2026-08-31T23:59:00,machine-01,42.743,42.754,5.858,5.838
2026-09-01T00:00:00,machine-01,43.824,41.292,6.155,4.746
2026-09-01T00:01:00,machine-01,44.562,40.473,6.173,4.611
2026-09-01T00:02:00,machine-01,44.221,41.037,6.091,3.316
2026-09-01T00:03:00,machine-01,43.572,41.578,5.667,2.817
2026-09-01T00:04:00,machine-01,42.396,43.195,5.671,2.707
2026-09-01T00:05:00,machine-01,40.964,44.768,5.631,3.204
2026-09-01T00:06:00,machine-01,39.456,46.661,5.585,3.343
2026-09-01T00:07:00,machine-01,38.447,47.781,5.567,4.105
2026-09-01T00:08:00,machine-01,36.756,49.789,5.411,2.85
2026-09-01T00:09:00,machine-01,35.824,51.154,5.427,3.873
2026-09-01T00:10:00,machine-01,35.767,51.104,5.63,3.482
2026-09-01T00:11:00,machine-01,34.734,52.2,5.696,1.887
2026-09-01T00:12:00,machine-01,32.395,55.068,5.225,1.707
2026-09-01T00:13:00,machine-01,31.487,56.11,5.142,2.721
2026-09-01T00:14:00,machine-01,30.661,57.241,5.264,3.345
2026-09-01T00:15:00,machine-01,31.363,56.329,5.457,4.87
2026-09-01T00:16:00,machine-01,32.366,55.006,5.705,4.287
2026-09-01T00:17:00,machine-01,33.349,54.109,5.76,4.054
2026-09-01T00:18:00,machine-01,33.789,53.372,5.672,2.963
2026-09-01T00:19:00,machine-01,32.695,54.804,5.071,0.974
2026-09-01T00:20:00,machine-01,30.881,56.913,4.752,1.101
2026-09-01T00:21:00,machine-01,30.255,57.497,4.652,1.78
2026-09-01T00:22:00,machine-01,30.22,57.721,4.844,2.199
2026-09-01T00:23:00,machine-01,31.129,56.73,4.935,1.176
2026-09-01T00:24:00,machine-01,31.538,56.151,4.757,0.988
2026-09-01T00:25:00,machine-01,31.832,55.735,4.744,1.423
2026-09-01T00:26:00,machine-01,33.445,54.033,5.167,3.92
2026-09-01T00:27:00,machine-01,35.456,51.453,5.561,4.19
2026-09-01T00:28:00,machine-01,36.892,49.651,5.592,3.321
2026-09-01T00:29:00,machine-01,38.14,48.295,5.677,4.02
2026-09-01T00:30:00,machine-01,39.606,46.46,5.784,3.173
2026-09-01T00:31:00,machine-01,40.026,45.862,5.582,2.642
2026-09-01T00:32:00,machine-01,40.291,45.752,5.541,2.602
2026-09-01T00:33:00,machine-01,39.785,46.188,5.386,2.224
2026-09-01T00:34:00,machine-01,38.734,47.612,5.329,1.672
2026-09-01T00:35:00,machine-01,35.894,50.945,5.042,0.995
2026-09-01T00:36:00,machine-01,33.983,53.153,4.961,1.101
2026-09-01T00:37:00,machine-01,32.507,54.989,4.745,0.654
2026-09-01T00:38:00,machine-01,30.7,57.226,4.507,0.978
2026-09-01T00:39:00,machine-01,29.171,59.064,4.528,0.938
2026-09-01T00:40:00,machine-01,28.854,59.332,4.724,3.331
2026-09-01T00:41:00,machine-01,29.584,58.432,5.211,5.103
2026-09-01T00:42:00,machine-01,31.211,56.437,5.841,6.189
2026-09-01T00:43:00,machine-01,32.597,54.936,6.128,5.813
2026-09-01T00:44:00,machine-01,33.328,53.99,6.171,5.392
2026-09-01T00:45:00,machine-01,34.592,52.732,6.266,5.075
2026-09-01T00:46:00,machine-01,34.76,52.271,6.152,4.339
2026-09-01T00:47:00,machine-01,35.146,51.896,6.253,4.392
2026-09-01T00:48:00,machine-01,35.57,51.292,6.113,4.115
2026-09-01T00:49:00,machine-01,35.027,52.058,5.479,2.031
2026-09-01T00:50:00,machine-01,33.65,53.594,5.061,0.66
2026-09-01T00:51:00,machine-01,32.202,55.392,4.701,0.566
2026-09-01T00:52:00,machine-01,31.806,55.782,4.474,0.67
2026-09-01T00:53:00,machine-01,30.796,57.003,4.358,0.731
2026-09-01T00:54:00,machine-01,31.067,56.665,4.515,1.613
2026-09-01T00:55:00,machine-01,31.933,55.547,4.653,1.723
2026-09-01T00:56:00,machine-01,33.972,53.158,4.855,4.526
2026-09-01T00:57:00,machine-01,35.615,51.331,5.252,3.638
2026-09-01T00:58:00,machine-01,37.076,49.527,5.334,3.606
2026-09-01T00:59:00,machine-01,38.857,47.322,5.517,4.94
2026-09-01T01:00:00,machine-01,41.08,44.822,5.944,5.511
2026-09-01T01:01:00,machine-01,42.461,43.067,6.035,5.677
2026-09-01T01:02:00,machine-01,42.721,42.804,5.968,4.468
2026-09-01T01:03:00,machine-01,42.8,42.748,5.958,5.088
2026-09-01T01:04:00,machine-01,42.951,42.45,5.876,5.843
2026-09-01T01:05:00,machine-01,43.476,41.827,6.033,5.722
2026-09-01T01:06:00,machine-01,43.825,41.476,5.933,5.187
2026-09-01T01:07:00,machine-01,43.518,41.758,6.143,6.087
2026-09-01T01:08:00,machine-01,43.2,42.031,6.326,5.78
2026-09-01T01:09:00,machine-01,42.853,42.53,6.389,5.758
2026-09-01T01:10:00,machine-01,42.345,43.522,6.403,5.971
2026-09-01T01:11:00,machine-01,41.972,43.65,6.332,6.025
2026-09-01T01:12:00,machine-01,41.694,44.024,6.248,5.043
2026-09-01T01:13:00,machine-01,40.717,45.131,6.162,4.867
2026-09-01T01:14:00,machine-01,39.042,47.024,5.846,2.078
2026-09-01T01:15:00,machine-01,37.196,49.54,5.664,3.296
2026-09-01T01:16:00,machine-01,36.542,50.17,5.833,4.281
2026-09-01T01:17:00,machine-01,36.561,50.212,5.89,5.273
2026-09-01T01:18:00,machine-01,37.735,48.797,5.992,5.968
2026-09-01T01:19:00,machine-01,39.291,46.858,5.998,5.741
2026-09-01T01:20:00,machine-01,40.744,44.935,5.97,5.06
2026-09-01T01:21:00,machine-01,40.677,44.972,5.795,3.043
2026-09-01T01:22:00,machine-01,39.723,46.558,5.529,2.728
2026-09-01T01:23:00,machine-01,39.976,45.915,5.511,3.911
2026-09-01T01:24:00,machine-01,39.334,46.978,5.289,1.575
2026-09-01T01:25:00,machine-01,37.795,48.538,4.942,0.878
2026-09-01T01:26:00,machine-01,36.347,50.596,4.589,1.298
2026-09-01T01:27:00,machine-01,37.092,49.393,4.794,3.128
2026-09-01T01:28:00,machine-01,37.778,48.894,5.133,3.143
2026-09-01T01:29:00,machine-01,38.346,47.916,5.322,2.932
2026-09-01T01:30:00,machine-01,38.807,47.5,5.524,3.104
2026-09-01T01:31:00,machine-01,39.426,46.429,5.445,3.117
2026-09-01T01:32:00,machine-01,39.835,46.2,5.804,5.098
2026-09-01T01:33:00,machine-01,40.756,44.93,6.132,4.139
2026-09-01T01:34:00,machine-01,41.1,44.671,6.062,5.304
2026-09-01T01:35:00,machine-01,42.284,43.131,6.3,5.771
2026-09-01T01:36:00,machine-01,43.371,41.883,6.325,6.103
2026-09-01T01:37:00,machine-01,42.956,42.213,6.222,3.714
2026-09-01T01:38:00,machine-01,40.728,45.124,5.767,2.821
2026-09-01T01:39:00,machine-01,39.46,46.725,5.564,3.957
2026-09-01T01:40:00,machine-01,38.711,47.353,5.768,4.592
2026-09-01T01:41:00,machine-01,37.885,48.693,5.866,3.416
2026-09-01T01:42:00,machine-01,36.066,50.551,5.591,1.794
2026-09-01T01:43:00,machine-01,34.021,53.189,5.25,1.518
2026-09-01T01:44:00,machine-01,31.715,55.939,5.122,0.83
2026-09-01T01:45:00,machine-01,29.195,59.018,4.67,0.898
2026-09-01T01:46:00,machine-01,27.869,60.563,4.797,1.181
2026-09-01T01:47:00,machine-01,26.801,61.814,4.619,0.995
2026-09-01T01:48:00,machine-01,26.32,62.43,4.693,1.156
2026-09-01T01:49:00,machine-01,26.438,62.152,4.692,1.83
2026-09-01T01:50:00,machine-01,27.657,60.783,4.851,3.595
2026-09-01T01:51:00,machine-01,30.19,57.81,5.292,5.338
2026-09-01T01:52:00,machine-01,32.776,54.621,5.612,5.15
2026-09-01T01:53:00,machine-01,34.934,51.978,5.661,3.596
2026-09-01T01:54:00,machine-01,34.801,52.413,5.467,1.021
2026-09-01T01:55:00,machine-01,33.779,53.435,5.045,0.724
2026-09-01T01:56:00,machine-01,33.672,53.532,4.939,1.255
2026-09-01T01:57:00,machine-01,33.683,53.511,4.632,0.609
2026-09-01T01:58:00,machine-01,33.003,54.243,4.481,0.829
2026-09-01T01:59:00,machine-01,31.841,55.686,4.394,0.658
2026-09-01T02:00:00,machine-01,31.587,56.111,4.45,1.045
2026-09-01T02:01:00,machine-01,31.851,55.778,4.331,0.987
2026-09-01T02:02:00,machine-01,31.448,56.193,4.248,0.692
2026-09-01T02:03:00,machine-01,30.225,57.659,4.284,1.351
2026-09-01T02:04:00,machine-01,29.36,58.757,4.418,1.182
2026-09-01T02:05:00,machine-01,28.418,59.892,4.611,0.731
2026-09-01T02:06:00,machine-01,28.043,60.379,4.717,2.035
2026-09-01T02:07:00,machine-01,28.975,59.323,4.957,2.825
2026-09-01T02:08:00,machine-01,28.685,59.801,4.707,0.992
2026-09-01T02:09:00,machine-01,27.734,60.778,4.515,1.022
2026-09-01T02:10:00,machine-01,27.017,61.511,4.507,1.602
2026-09-01T02:11:00,machine-01,26.057,62.7,4.681,1.493
2026-09-01T02:12:00,machine-01,24.594,64.419,4.61,0.912
2026-09-01T02:13:00,machine-01,22.846,66.518,4.301,0.515
2026-09-01T02:14:00,machine-01,21.966,67.695,4.161,1.038
2026-09-01T02:15:00,machine-01,22.262,67.486,4.321,0.866
2026-09-01T02:16:00,machine-01,22.307,67.264,4.307,0.91
2026-09-01T02:17:00,machine-01,23.134,66.299,4.535,1.582
2026-09-01T02:18:00,machine-01,23.287,66.217,4.383,1.171
2026-09-01T02:19:00,machine-01,23.551,65.699,4.491,1.309
2026-09-01T02:20:00,machine-01,24.063,65.169,4.681,2.104
2026-09-01T02:21:00,machine-01,26.055,62.775,4.954,2.758
2026-09-01T02:22:00,machine-01,27.933,60.663,5.226,3.246
2026-09-01T02:23:00,machine-01,30.347,57.585,5.565,5.056
2026-09-01T02:24:00,machine-01,33.576,53.816,5.74,5.363
2026-09-01T02:25:00,machine-01,37.164,49.322,5.733,5.49
2026-09-01T02:26:00,machine-01,39.28,46.807,5.608,5.734
2026-09-01T02:27:00,machine-01,41.363,44.359,5.78,6.212
2026-09-01T02:28:00,machine-01,42.635,42.692,5.966,5.177
2026-09-01T02:29:00,machine-01,44.278,40.733,6.052,5.655
2026-09-01T02:30:00,machine-01,45.066,39.768,6.177,4.685
2026-09-01T02:31:00,machine-01,45.255,39.643,6.115,4.478
2026-09-01T02:32:00,machine-01,44.676,40.537,6.052,3.09
2026-09-01T02:33:00,machine-01,42.907,42.435,5.789,1.537
2026-09-01T02:34:00,machine-01,40.237,45.632,5.236,0.702
2026-09-01T02:35:00,machine-01,36.843,50.029,4.984,0.745
2026-09-01T02:36:00,machine-01,34.629,52.177,4.763,0.775
2026-09-01T02:37:00,machine-01,33.724,53.391,4.752,0.98
2026-09-01T02:38:00,machine-01,31.056,56.603,4.521,0.564
2026-09-01T02:39:00,machine-01,29.16,59.074,4.286,0.814
2026-09-01T02:40:00,machine-01,28.093,60.342,4.538,2.243
2026-09-01T02:41:00,machine-01,27.643,60.622,4.655,1.288
2026-09-01T02:42:00,machine-01,26.778,61.934,4.443,0.66
2026-09-01T02:43:00,machine-01,26.294,62.423,4.424,1.458
2026-09-01T02:44:00,machine-01,26.379,62.219,4.739,2.86
2026-09-01T02:45:00,machine-01,26.313,62.362,4.967,1.847
2026-09-01T02:46:00,machine-01,25.282,63.669,4.675,0.608
2026-09-01T02:47:00,machine-01,24.504,64.728,4.456,0.736
2026-09-01T02:48:00,machine-01,23.612,65.724,4.224,0.658
2026-09-01T02:49:00,machine-01,23.023,66.325,4.187,0.687
2026-09-01T02:50:00,machine-01,23.461,65.777,4.332,0.826
2026-09-01T02:51:00,machine-01,24.937,64.298,4.422,1.607
2026-09-01T02:52:00,machine-01,27.603,60.945,4.904,3.295
2026-09-01T02:53:00,machine-01,29.785,58.093,5.341,3.453
2026-09-01T02:54:00,machine-01,32.388,55.046,5.622,5.705
2026-09-01T02:55:00,machine-01,35.204,51.687,5.903,6.081
2026-09-01T02:56:00,machine-01,37.933,48.367,6.082,5.877
2026-09-01T02:57:00,machine-01,40.195,45.791,6.058,4.736
2026-09-01T02:58:00,machine-01,41.658,43.986,5.931,4.261
2026-09-01T02:59:00,machine-01,42.38,43.167,5.774,3.64
2026-09-01T03:00:00,machine-01,42.781,42.728,5.695,3.754
2026-09-01T03:01:00,machine-01,41.802,43.97,5.598,3.698
2026-09-01T03:02:00,machine-01,40.882,44.94,5.519,2.053
2026-09-01T03:03:00,machine-01,39.288,46.906,5.336,2.04
2026-09-01T03:04:00,machine-01,39.145,46.915,5.354,3.417
2026-09-01T03:05:00,machine-01,39.433,46.847,5.506,4.233
2026-09-01T03:06:00,machine-01,38.787,47.383,5.552,2.987
2026-09-01T03:07:00,machine-01,37.74,48.716,5.452,2.78
2026-09-01T03:08:00,machine-01,36.324,50.296,5.535,2.294
2026-09-01T03:09:00,machine-01,33.957,53.069,5.387,1.314
2026-09-01T03:10:00,machine-01,31.573,56.089,5.11,1.161
2026-09-01T03:11:00,machine-01,30.496,57.308,5.03,1.922
2026-09-01T03:12:00,machine-01,30.097,57.892,5.008,1.579
2026-09-01T03:13:00,machine-01,28.754,59.563,5.021,1.382
2026-09-01T03:14:00,machine-01,28.048,60.22,5.041,1.7
2026-09-01T03:15:00,machine-01,28.436,59.877,5.082,3.308
2026-09-01T03:16:00,machine-01,29.467,58.704,5.405,5.045
2026-09-01T03:17:00,machine-01,31.264,56.539,5.638,4.879
2026-09-01T03:18:00,machine-01,32.493,55.032,5.508,2.726
2026-09-01T03:19:00,machine-01,33.373,53.701,5.267,3.897
2026-09-01T03:20:00,machine-01,34.773,52.506,5.257,4.555
2026-09-01T03:21:00,machine-01,36.75,49.766,5.54,5.711
2026-09-01T03:22:00,machine-01,37.323,49.278,5.698,4.303
2026-09-01T03:23:00,machine-01,37.682,48.835,5.785,2.91
2026-09-01T03:24:00,machine-01,37.151,49.419,5.678,1.65
2026-09-01T03:25:00,machine-01,36.25,50.399,5.431,1.309
2026-09-01T03:26:00,machine-01,35.853,50.873,5.138,0.786
2026-09-01T03:27:00,machine-01,35.269,51.676,4.878,0.837
2026-09-01T03:28:00,machine-01,34.924,52.17,4.789,1.506
2026-09-01T03:29:00,machine-01,34.265,52.999,4.838,1.125
2026-09-01T03:30:00,machine-01,33.929,53.381,4.846,1.658
2026-09-01T03:31:00,machine-01,34.544,52.32,4.875,2.285
2026-09-01T03:32:00,machine-01,35.18,51.872,4.941,1.562
2026-09-01T03:33:00,machine-01,35.193,51.893,4.984,2.053
2026-09-01T03:34:00,machine-01,36.033,50.671,5.18,3.681
2026-09-01T03:35:00,machine-01,36.568,50.379,5.413,3.829
2026-09-01T03:36:00,machine-01,36.78,49.896,5.55,3.813
2026-09-01T03:37:00,machine-01,37.127,49.366,5.686,4.203
2026-09-01T03:38:00,machine-01,36.139,50.551,5.544,3.002
2026-09-01T03:39:00,machine-01,35.918,50.75,5.698,3.554
2026-09-01T03:40:00,machine-01,35.631,51.353,5.702,3.009
2026-09-01T03:41:00,machine-01,34.6,52.555,5.528,2.669
2026-09-01T03:42:00,machine-01,34.49,52.54,5.486,6.179
2026-09-01T03:43:00,machine-01,34.913,52.095,5.755,5.276
2026-09-01T03:44:00,machine-01,34.529,52.489,5.746,4.975
2026-09-01T03:45:00,machine-01,34.606,52.679,5.94,5.081
2026-09-01T03:46:00,machine-01,34.69,52.243,6.069,4.065
2026-09-01T03:47:00,machine-01,35.326,51.667,6.128,4.173
2026-09-01T03:48:00,machine-01,34.571,52.631,5.642,1.144
2026-09-01T03:49:00,machine-01,32.988,54.476,4.943,1.698
2026-09-01T03:50:00,machine-01,31.881,55.832,4.782,1.071
2026-09-01T03:51:00,machine-01,30.718,56.969,4.638,1.621
2026-09-01T03:52:00,machine-01,31.12,56.85,4.671,2.839
2026-09-01T03:53:00,machine-01,32.519,55.02,4.984,3.418
2026-09-01T03:54:00,machine-01,35.048,51.949,5.274,5.397
2026-09-01T03:55:00,machine-01,37.844,48.646,5.701,5.349
2026-09-01T03:56:00,machine-01,40.334,45.587,5.781,5.599
2026-09-01T03:57:00,machine-01,41.896,43.61,5.715,5.052
2026-09-01T03:58:00,machine-01,43.004,42.38,5.848,6.233
2026-09-01T03:59:00,machine-01,44.604,40.601,5.899,5.997
2026-09-01T04:00:00,machine-01,45.479,39.401,6.103,5.564
2026-09-01T04:01:00,machine-01,46.834,37.847,6.272,5.975
2026-09-01T04:02:00,machine-01,47.58,36.909,6.283,5.73
2026-09-01T04:03:00,machine-01,47.466,36.95,6.196,5.488
2026-09-01T04:04:00,machine-01,47.049,37.529,6.15,4.67
2026-09-01T04:05:00,machine-01,45.73,39.071,6.005,2.851
2026-09-01T04:06:00,machine-01,43.558,41.64,5.618,1.166
2026-09-01T04:07:00,machine-01,40.008,45.913,5.188,0.856
2026-09-01T04:08:00,machine-01,37.218,49.357,4.934,0.875
2026-09-01T04:09:00,machine-01,34.637,52.445,4.627,0.765
2026-09-01T04:10:00,machine-01,32.081,55.471,4.528,1.124
2026-09-01T04:11:00,machine-01,30.503,57.4,4.601,1.484
2026-09-01T04:12:00,machine-01,29.584,58.521,4.749,3.169
2026-09-01T04:13:00,machine-01,29.992,57.726,5.152,3.078
2026-09-01T04:14:00,machine-01,29.661,58.284,5.395,2.482
2026-09-01T04:15:00,machine-01,29.451,58.63,5.372,2.21
2026-09-01T04:16:00,machine-01,29.955,58.084,5.542,2.909
2026-09-01T04:17:00,machine-01,30.345,57.672,5.47,3.408
2026-09-01T04:18:00,machine-01,30.416,57.376,5.449,1.89
2026-09-01T04:19:00,machine-01,30.153,57.649,5.263,1.213
2026-09-01T04:20:00,machine-01,29.292,58.989,5.019,2.227
2026-09-01T04:21:00,machine-01,30.945,57.008,5.251,5.429
2026-09-01T04:22:00,machine-01,33.381,54.011,5.43,5.268
2026-09-01T04:23:00,machine-01,35.922,50.946,5.667,5.898
2026-09-01T04:24:00,machine-01,37.703,48.726,5.94,3.239
2026-09-01T04:25:00,machine-01,36.655,49.914,5.534,0.572
2026-09-01T04:26:00,machine-01,34.923,52.082,4.872,0.78
2026-09-01T04:27:00,machine-01,33.79,53.332,4.589,0.661
2026-09-01T04:28:00,machine-01,32.828,54.443,4.298,0.748
2026-09-01T04:29:00,machine-01,32.908,54.545,4.494,1.982
2026-09-01T04:30:00,machine-01,34.455,52.582,5.027,4.075
2026-09-01T04:31:00,machine-01,36.335,50.331,5.254,4.877
2026-09-01T04:32:00,machine-01,38.052,48.385,5.622,5.238
2026-09-01T04:33:00,machine-01,38.94,47.32,5.832,3.698
2026-09-01T04:34:00,machine-01,39.48,46.455,5.714,3.747
2026-09-01T04:35:00,machine-01,39.492,46.474,5.609,3.702
2026-09-01T04:36:00,machine-01,38.905,47.415,5.624,1.892
2026-09-01T04:37:00,machine-01,36.602,49.928,5.167,0.7
2026-09-01T04:38:00,machine-01,34.537,52.605,4.787,1.196
2026-09-01T04:39:00,machine-01,32.55,54.847,4.724,1.062
2026-09-01T04:40:00,machine-01,30.71,57.161,4.709,1.535
2026-09-01T04:41:00,machine-01,30.148,57.913,4.695,3.031
2026-09-01T04:42:00,machine-01,31.243,56.571,5.28,5.634
2026-09-01T04:43:00,machine-01,32.99,54.392,5.715,3.673
2026-09-01T04:44:00,machine-01,32.951,54.421,5.589,3.393
2026-09-01T04:45:00,machine-01,32.861,54.518,5.668,3.046
2026-09-01T04:46:00,machine-01,32.238,55.142,5.422,2.267
2026-09-01T04:47:00,machine-01,32.075,55.563,5.351,3.079
2026-09-01T04:48:00,machine-01,32.651,55.054,5.521,4.722
2026-09-01T04:49:00,machine-01,34.63,52.258,5.832,6.107
2026-09-01T04:50:00,machine-01,36.954,49.67,5.908,5.999
2026-09-01T04:51:00,machine-01,38.866,47.289,5.95,5.756
2026-09-01T04:52:00,machine-01,40.369,45.48,6.263,6.143
2026-09-01T04:53:00,machine-01,41.099,44.633,6.272,5.337
2026-09-01T04:54:00,machine-01,42.283,43.249,6.195,5.025
2026-09-01T04:55:00,machine-01,43.108,42.225,6.177,3.994
2026-09-01T04:56:00,machine-01,43.929,41.401,6.002,4.821
2026-09-01T04:57:00,machine-01,45.026,40.159,5.801,3.791
2026-09-01T04:58:00,machine-01,44.471,40.713,5.639,2.147
2026-09-01T04:59:00,machine-01,43.086,42.24,5.459,1.798
2026-09-01T05:00:00,machine-01,41.736,43.892,5.279,1.909
2026-09-01T05:01:00,machine-01,40.832,45.076,5.192,2.729
2026-09-01T05:02:00,machine-01,39.856,46.227,5.139,1.735
2026-09-01T05:03:00,machine-01,38.458,47.854,4.976,1.256
2026-09-01T05:04:00,machine-01,37.542,48.811,4.641,1.973
2026-09-01T05:05:00,machine-01,38.115,48.176,4.9,4.06
2026-09-01T05:06:00,machine-01,38.059,48.269,5.136,3.715
2026-09-01T05:07:00,machine-01,37.362,49.134,5.212,3.56
2026-09-01T05:08:00,machine-01,37.064,49.44,5.356,5.387
2026-09-01T05:09:00,machine-01,37.55,48.946,5.795,4.59
2026-09-01T05:10:00,machine-01,36.502,50.367,5.639,2.796
2026-09-01T05:11:00,machine-01,35.445,51.636,5.663,3.259
2026-09-01T05:12:00,machine-01,34.32,52.821,5.62,3.916
2026-09-01T05:13:00,machine-01,34.441,52.757,5.7,3.957
2026-09-01T05:14:00,machine-01,33.57,53.707,5.715,4.104
2026-09-01T05:15:00,machine-01,32.796,54.526,5.705,2.419
2026-09-01T05:16:00,machine-01,31.448,56.237,5.528,1.498
2026-09-01T05:17:00,machine-01,31.05,56.824,5.609,3.064
2026-09-01T05:18:00,machine-01,32.227,55.156,5.587,3.381
2026-09-01T05:19:00,machine-01,31.99,55.659,5.472,1.529
2026-09-01T05:20:00,machine-01,31.182,56.682,5.156,0.737
2026-09-01T05:21:00,machine-01,30.901,56.827,4.921,1.872
2026-09-01T05:22:00,machine-01,30.366,57.584,5.075,1.138
2026-09-01T05:23:00,machine-01,30.247,57.721,4.913,1.133
2026-09-01T05:24:00,machine-01,30.38,57.222,4.598,0.961
2026-09-01T05:25:00,machine-01,30.897,56.952,4.501,1.092
2026-09-01T05:26:00,machine-01,31.251,56.584,4.609,1.981
2026-09-01T05:27:00,machine-01,32.133,55.362,4.824,1.24
2026-09-01T05:28:00,machine-01,32.465,55.096,4.764,0.707
2026-09-01T05:29:00,machine-01,32.455,55.19,4.833,1.174
2026-09-01T05:30:00,machine-01,32.113,55.545,4.617,0.58
2026-09-01T05:31:00,machine-01,32.056,55.497,4.493,1.239
2026-09-01T05:32:00,machine-01,33.25,54.097,4.666,2.295
2026-09-01T05:33:00,machine-01,33.308,54.134,4.669,1.828
2026-09-01T05:34:00,machine-01,32.985,54.196,4.89,3.116
2026-09-01T05:35:00,machine-01,33.701,53.525,5.314,5.69
2026-09-01T05:36:00,machine-01,35.717,51.07,5.76,5.933
2026-09-01T05:37:00,machine-01,37.208,49.272,6.064,5.788
2026-09-01T05:38:00,machine-01,38.323,47.866,6.093,5.215
2026-09-01T05:39:00,machine-01,37.613,48.985,5.905,3.223
2026-09-01T05:40:00,machine-01,36.229,50.412,5.593,1.732
2026-09-01T05:41:00,machine-01,33.317,54.104,5.129,0.699
2026-09-01T05:42:00,machine-01,30.731,57.127,4.884,0.665
2026-09-01T05:43:00,machine-01,28.108,60.492,4.551,0.574
2026-09-01T05:44:00,machine-01,26.924,61.804,4.651,0.848
2026-09-01T05:45:00,machine-01,25.634,63.307,4.499,0.914
2026-09-01T05:46:00,machine-01,25.625,63.238,4.43,2.102
2026-09-01T05:47:00,machine-01,26.8,62.053,4.647,3.726
2026-09-01T05:48:00,machine-01,27.936,60.321,5.158,2.641
2026-09-01T05:49:00,machine-01,27.877,60.652,5.14,0.952
2026-09-01T05:50:00,machine-01,26.883,61.675,4.957,1.145
2026-09-01T05:51:00,machine-01,27.909,60.574,5.005,3.653
2026-09-01T05:52:00,machine-01,31.118,56.597,5.351,6.128
2026-09-01T05:53:00,machine-01,34.342,52.868,5.615,4.665
2026-09-01T05:54:00,machine-01,37.075,49.587,5.883,5.96
2026-09-01T05:55:00,machine-01,39.604,46.359,6.108,5.062
2026-09-01T05:56:00,machine-01,41.314,44.479,6.42,5.821
2026-09-01T05:57:00,machine-01,42.77,42.655,6.453,4.718
2026-09-01T05:58:00,machine-01,43.132,42.276,6.18,3.403
2026-09-01T05:59:00,machine-01,43.349,42.164,5.964,3.616
2026-09-01T06:00:00,machine-01,43.66,41.457,5.85,3.091
2026-09-01T06:01:00,machine-01,42.544,42.942,5.604,1.611
2026-09-01T06:02:00,machine-01,41.239,44.386,4.942,1.007
2026-09-01T06:03:00,machine-01,40.435,45.341,5.01,2.854
2026-09-01T06:04:00,machine-01,39.944,46.227,5.201,3.827
2026-09-01T06:05:00,machine-01,40.019,45.95,5.267,2.751
2026-09-01T06:06:00,machine-01,38.319,48.011,5.05,1.62
2026-09-01T06:07:00,machine-01,37.626,48.786,5.11,3.302
2026-09-01T06:08:00,machine-01,37.702,48.746,5.383,5.584
2026-09-01T06:09:00,machine-01,37.908,48.459,5.904,6.102
2026-09-01T06:10:00,machine-01,37.655,48.945,6.053,4.949
2026-09-01T06:11:00,machine-01,37.188,49.419,5.792,3.818
2026-09-01T06:12:00,machine-01,36.448,50.305,5.833,5.235
2026-09-01T06:13:00,machine-01,36.89,49.881,5.981,4.899
2026-09-01T06:14:00,machine-01,37.317,49.192,6.147,5.538
2026-09-01T06:15:00,machine-01,37.645,48.892,6.223,5.712
2026-09-01T06:16:00,machine-01,38.003,48.354,6.302,4.828
2026-09-01T06:17:00,machine-01,36.863,49.84,5.956,2.156
2026-09-01T06:18:00,machine-01,35.561,51.19,5.623,2.809
2026-09-01T06:19:00,machine-01,34.705,52.404,5.601,2.635
2026-09-01T06:20:00,machine-01,34.959,52.168,5.524,2.717
2026-09-01T06:21:00,machine-01,35.439,51.27,5.38,2.206
2026-09-01T06:22:00,machine-01,35.958,50.908,5.429,2.878
2026-09-01T06:23:00,machine-01,37.038,49.431,5.326,3.591
2026-09-01T06:24:00,machine-01,38.117,48.221,5.559,5.567
2026-09-01T06:25:00,machine-01,40.271,45.926,5.807,5.93
2026-09-01T06:26:00,machine-01,41.761,43.618,5.957,5.64
2026-09-01T06:27:00,machine-01,43.508,41.776,6.213,5.935
2026-09-01T06:28:00,machine-01,45.21,39.771,6.212,4.829
2026-09-01T06:29:00,machine-01,46.314,38.503,6.14,6.033
2026-09-01T06:30:00,machine-01,47.555,37.015,6.229,6.094
2026-09-01T06:31:00,machine-01,48.342,36.085,6.309,5.748
2026-09-01T06:32:00,machine-01,48.522,35.662,6.351,5.948
2026-09-01T06:33:00,machine-01,48.21,36.082,6.259,5.492
2026-09-01T06:34:00,machine-01,47.89,36.314,6.323,5.376
2026-09-01T06:35:00,machine-01,46.553,38.103,6.047,3.742
2026-09-01T06:36:00,machine-01,44.661,40.395,5.795,2.779
2026-09-01T06:37:00,machine-01,42.591,42.901,5.667,3.306
2026-09-01T06:38:00,machine-01,40.993,44.774,5.714,4.235
2026-09-01T06:39:00,machine-01,39.768,46.284,5.808,5.019
2026-09-01T06:40:00,machine-01,39.466,46.399,5.938,4.871
2026-09-01T06:41:00,machine-01,39.411,46.699,5.945,5.537
2026-09-01T06:42:00,machine-01,38.742,47.346,5.803,3.625
2026-09-01T06:43:00,machine-01,37.767,48.762,5.459,3.955
2026-09-01T06:44:00,machine-01,38.19,48.203,5.738,5.552
2026-09-01T06:45:00,machine-01,37.439,49.069,5.805,3.973
2026-09-01T06:46:00,machine-01,36.373,50.197,5.809,2.901
2026-09-01T06:47:00,machine-01,34.004,53.158,5.464,1.433
2026-09-01T06:48:00,machine-01,33.671,53.765,5.207,2.962
2026-09-01T06:49:00,machine-01,33.794,53.453,4.953,2.694
2026-09-01T06:50:00,machine-01,33.959,53.219,5.223,4.17
2026-09-01T06:51:00,machine-01,35.355,51.591,5.524,3.698
2026-09-01T06:52:00,machine-01,36.318,50.388,5.861,4.477
2026-09-01T06:53:00,machine-01,37.711,48.624,5.848,3.899
2026-09-01T06:54:00,machine-01,37.291,49.373,5.597,1.757
2026-09-01T06:55:00,machine-01,36.742,49.943,5.31,1.991
2026-09-01T06:56:00,machine-01,37.452,49.078,5.2,2.872
2026-09-01T06:57:00,machine-01,39.321,46.75,5.342,4.461
2026-09-01T06:58:00,machine-01,40.765,44.923,5.622,4.392
2026-09-01T06:59:00,machine-01,41.386,44.298,5.795,4.583
2026-09-01T07:00:00,machine-01,41.372,44.241,5.801,3.366
2026-09-01T07:01:00,machine-01,40.855,44.895,5.527,2.194
2026-09-01T07:02:00,machine-01,38.879,47.259,5.031,0.616
2026-09-01T07:03:00,machine-01,37.021,49.763,4.668,0.882
2026-09-01T07:04:00,machine-01,35.67,51.124,4.68,1.085
2026-09-01T07:05:00,machine-01,33.705,53.444,4.577,0.645
2026-09-01T07:06:00,machine-01,31.642,55.959,4.359,1.031
2026-09-01T07:07:00,machine-01,29.729,58.079,4.329,0.915
2026-09-01T07:08:00,machine-01,27.638,60.738,4.459,0.666
2026-09-01T07:09:00,machine-01,25.867,63.009,4.479,0.731
2026-09-01T07:10:00,machine-01,24.885,64.147,4.373,0.565
2026-09-01T07:11:00,machine-01,24.311,64.816,4.277,0.812
2026-09-01T07:12:00,machine-01,23.082,66.258,4.333,0.633
2026-09-01T07:13:00,machine-01,21.757,67.788,4.447,1.069
2026-09-01T07:14:00,machine-01,21.491,68.303,4.387,0.74
2026-09-01T07:15:00,machine-01,20.735,69.195,4.396,0.603
2026-09-01T07:16:00,machine-01,21.135,68.703,4.435,1.519
2026-09-01T07:17:00,machine-01,22.118,67.472,4.641,2.253
2026-09-01T07:18:00,machine-01,23.712,65.624,4.67,2.685
2026-09-01T07:19:00,machine-01,25.865,63.065,4.992,3.829
2026-09-01T07:20:00,machine-01,28.174,59.897,5.418,4.914
2026-09-01T07:21:00,machine-01,30.91,56.918,5.677,6.125
2026-09-01T07:22:00,machine-01,34.026,53.154,6.025,5.736
2026-09-01T07:23:00,machine-01,36.291,50.508,5.906,4.032
2026-09-01T07:24:00,machine-01,37.379,49.165,5.558,3.643
2026-09-01T07:25:00,machine-01,39.396,46.868,5.647,4.523
2026-09-01T07:26:00,machine-01,40.79,45.133,5.648,4.228
2026-09-01T07:27:00,machine-01,40.903,44.888,5.797,3.22
2026-09-01T07:28:00,machine-01,40.599,45.434,5.843,3.153
2026-09-01T07:29:00,machine-01,40.744,45.12,5.799,3.205
2026-09-01T07:30:00,machine-01,41.412,44.241,5.679,4.946
2026-09-01T07:31:00,machine-01,43.566,41.667,5.81,6.009
2026-09-01T07:32:00,machine-01,44.907,40.226,5.923,5.681
2026-09-01T07:33:00,machine-01,44.873,40.119,5.895,4.578
2026-09-01T07:34:00,machine-01,43.521,41.728,5.749,3.681
2026-09-01T07:35:00,machine-01,43.289,42.179,5.951,5.601
2026-09-01T07:36:00,machine-01,43.504,41.725,6.222,5.891
2026-09-01T07:37:00,machine-01,43.829,41.474,6.426,5.788
2026-09-01T07:38:00,machine-01,43.299,41.847,6.361,4.677
2026-09-01T07:39:00,machine-01,42.411,43.405,6.254,4.467
2026-09-01T07:40:00,machine-01,40.793,45.119,6.184,4.609
2026-09-01T07:41:00,machine-01,38.958,47.25,5.97,3.852
2026-09-01T07:42:00,machine-01,37.378,49.091,5.744,2.679
2026-09-01T07:43:00,machine-01,35.583,51.346,5.397,1.632
2026-09-01T07:44:00,machine-01,33.041,54.328,4.917,0.528
2026-09-01T07:45:00,machine-01,30.834,57.061,4.694,0.978
2026-09-01T07:46:00,machine-01,29.572,58.516,4.503,0.746
2026-09-01T07:47:00,machine-01,27.838,60.599,4.597,0.731
2026-09-01T07:48:00,machine-01,26.787,61.891,4.652,0.853
2026-09-01T07:49:00,machine-01,25.861,63.001,4.692,0.655
2026-09-01T07:50:00,machine-01,25.331,63.628,4.656,0.701
2026-09-01T07:51:00,machine-01,25.261,63.819,4.463,1.17
2026-09-01T07:52:00,machine-01,26.132,62.677,4.422,1.121
2026-09-01T07:53:00,machine-01,28.288,60.048,4.553,3.584
2026-09-01T07:54:00,machine-01,31.064,56.679,4.929,2.583
2026-09-01T07:55:00,machine-01,31.664,55.96,4.747,0.871
2026-09-01T07:56:00,machine-01,31.333,56.346,4.655,1.809
2026-09-01T07:57:00,machine-01,32.315,55.103,4.798,3.014
2026-09-01T07:58:00,machine-01,34.623,52.503,5.18,4.403
2026-09-01T07:59:00,machine-01,37.299,49.105,5.549,4.754
2026-09-01T08:00:00,machine-01,39.07,47.013,5.423,3.519
2026-09-01T08:01:00,machine-01,39.75,46.283,5.353,4.422
2026-09-01T08:02:00,machine-01,40.492,45.436,5.541,4.097
2026-09-01T08:03:00,machine-01,40.179,45.684,5.587,3.434
2026-09-01T08:04:00,machine-01,40.041,45.942,5.594,3.408
2026-09-01T08:05:00,machine-01,39.641,46.52,5.487,2.969
2026-09-01T08:06:00,machine-01,38.834,47.407,5.32,1.801
2026-09-01T08:07:00,machine-01,36.824,49.731,5.002,1.205
2026-09-01T08:08:00,machine-01,34.599,52.436,5.098,1.768
2026-09-01T08:09:00,machine-01,32.982,54.459,5.047,2.881
2026-09-01T08:10:00,machine-01,33.653,53.702,5.273,4.166
2026-09-01T08:11:00,machine-01,33.402,53.941,5.498,3.136
2026-09-01T08:12:00,machine-01,33.079,54.112,5.583,2.589
2026-09-01T08:13:00,machine-01,32.752,54.773,5.481,2.992
2026-09-01T08:14:00,machine-01,32.711,54.693,5.534,4.038
2026-09-01T08:15:00,machine-01,32.745,54.675,5.53,2.934
2026-09-01T08:16:00,machine-01,31.127,56.488,5.257,1.496
2026-09-01T08:17:00,machine-01,30.775,57.066,5.054,3.071
2026-09-01T08:18:00,machine-01,31.483,56.119,5.125,3.104
2026-09-01T08:19:00,machine-01,31.869,55.802,5.208,2.567
2026-09-01T08:20:00,machine-01,32.4,55.105,5.155,1.981
2026-09-01T08:21:00,machine-01,34.085,53.018,5.254,4.963
2026-09-01T08:22:00,machine-01,36.244,50.534,5.701,5.159
2026-09-01T08:23:00,machine-01,38.148,48.489,5.946,5.972
2026-09-01T08:24:00,machine-01,39.677,46.389,6.172,5.352
2026-09-01T08:25:00,machine-01,41.315,44.515,6.372,6.156
2026-09-01T08:26:00,machine-01,43.529,41.592,6.433,4.988
2026-09-01T08:27:00,machine-01,43.096,42.366,5.975,1.488
2026-09-01T08:28:00,machine-01,42.213,43.494,5.619,2.054
2026-09-01T08:29:00,machine-01,41.741,43.895,5.307,1.944
2026-09-01T08:30:00,machine-01,40.48,45.491,5.134,0.973
2026-09-01T08:31:00,machine-01,38.353,47.884,4.875,1.052
2026-09-01T08:32:00,machine-01,37.359,49.198,4.765,1.467
2026-09-01T08:33:00,machine-01,36.99,49.546,4.595,1.137
2026-09-01T08:34:00,machine-01,36.184,50.562,4.454,1.529
2026-09-01T08:35:00,machine-01,35.026,51.804,4.442,1.042
2026-09-01T08:36:00,machine-01,32.789,54.513,4.507,0.654
2026-09-01T08:37:00,machine-01,30.565,57.359,4.388,0.881
2026-09-01T08:38:00,machine-01,29.129,59.283,4.599,1.379
2026-09-01T08:39:00,machine-01,28.084,60.275,4.598,1.337
2026-09-01T08:40:00,machine-01,28.143,60.41,4.759,1.878
2026-09-01T08:41:00,machine-01,27.488,60.982,4.996,1.379
2026-09-01T08:42:00,machine-01,26.866,61.917,5.121,1.39
2026-09-01T08:43:00,machine-01,25.486,63.293,5.02,1.904
2026-09-01T08:44:00,machine-01,24.858,64.162,5.014,1.601
2026-09-01T08:45:00,machine-01,24.408,64.752,4.958,2.185
2026-09-01T08:46:00,machine-01,25.562,63.056,5.057,3.201
2026-09-01T08:47:00,machine-01,26.897,61.874,5.236,3.958
2026-09-01T08:48:00,machine-01,29.658,58.382,5.571,5.889
2026-09-01T08:49:00,machine-01,32.36,55.066,5.902,5.871
2026-09-01T08:50:00,machine-01,34.486,52.591,5.988,5.38
2026-09-01T08:51:00,machine-01,35.445,51.603,5.982,4.14
2026-09-01T08:52:00,machine-01,35.85,50.905,5.754,2.393
2026-09-01T08:53:00,machine-01,35.776,51.12,5.263,1.938
2026-09-01T08:54:00,machine-01,35.053,51.88,5.009,0.829
2026-09-01T08:55:00,machine-01,34.899,52.077,4.949,2.186
2026-09-01T08:56:00,machine-01,35.663,51.24,5.149,2.475
2026-09-01T08:57:00,machine-01,36.239,50.585,4.956,2.233
2026-09-01T08:58:00,machine-01,35.685,51.264,4.785,1.18
2026-09-01T08:59:00,machine-01,35.182,51.726,4.692,1.667
2026-09-01T09:00:00,machine-01,35.19,51.632,4.87,2.655
2026-09-01T09:01:00,machine-01,35.263,51.807,5.165,2.777
2026-09-01T09:02:00,machine-01,36.723,49.957,5.429,3.537
2026-09-01T09:03:00,machine-01,37.187,49.395,5.274,2.926
2026-09-01T09:04:00,machine-01,37.31,49.143,5.423,3.553
2026-09-01T09:05:00,machine-01,36.417,50.343,5.493,1.596
2026-09-01T09:06:00,machine-01,33.933,53.3,4.956,0.755
2026-09-01T09:07:00,machine-01,32.671,54.799,4.787,1.021
2026-09-01T09:08:00,machine-01,31.181,56.574,4.701,0.729
2026-09-01T09:09:00,machine-01,29.367,58.542,4.439,0.801
2026-09-01T09:10:00,machine-01,27.937,60.627,4.326,1.697
2026-09-01T09:11:00,machine-01,27.427,60.986,4.429,1.93
2026-09-01T09:12:00,machine-01,27.794,60.728,4.633,4.266
2026-09-01T09:13:00,machine-01,28.912,59.241,5.147,4.616
2026-09-01T09:14:00,machine-01,29.244,58.799,5.281,3.584
2026-09-01T09:15:00,machine-01,30.781,57.174,5.451,5.785
2026-09-01T09:16:00,machine-01,32.359,55.394,5.822,5.423
2026-09-01T09:17:00,machine-01,33.707,53.551,5.955,5.45
2026-09-01T09:18:00,machine-01,35.186,51.736,5.994,4.901
2026-09-01T09:19:00,machine-01,35.668,51.123,5.894,4.598
2026-09-01T09:20:00,machine-01,36.14,50.515,5.911,4.925
2026-09-01T09:21:00,machine-01,37.471,48.899,5.97,5.696
2026-09-01T09:22:00,machine-01,38.191,48.381,5.906,4.266
2026-09-01T09:23:00,machine-01,38.966,47.142,5.801,4.495
2026-09-01T09:24:00,machine-01,40.472,45.444,5.991,3.412
2026-09-01T09:25:00,machine-01,40.27,45.66,5.805,3.796
2026-09-01T09:26:00,machine-01,41.078,44.623,6.036,5.619
2026-09-01T09:27:00,machine-01,42.02,43.617,6.172,4.853
2026-09-01T09:28:00,machine-01,42.339,43.093,6.108,2.837
2026-09-01T09:29:00,machine-01,41.704,43.782,5.768,2.886
2026-09-01T09:30:00,machine-01,42.29,43.374,5.484,2.87
2026-09-01T09:31:00,machine-01,42.416,42.843,5.368,3.383
2026-09-01T09:32:00,machine-01,42.058,43.719,5.436,3.849
2026-09-01T09:33:00,machine-01,42.736,42.759,5.542,5.147
2026-09-01T09:34:00,machine-01,42.899,42.453,5.816,5.3
2026-09-01T09:35:00,machine-01,41.846,43.821,5.746,3.278
2026-09-01T09:36:00,machine-01,41.309,44.479,5.717,3.431
2026-09-01T09:37:00,machine-01,40.012,46.081,5.499,3.098
2026-09-01T09:38:00,machine-01,39.305,46.841,5.417,3.886
2026-09-01T09:39:00,machine-01,38.824,47.291,5.614,4.694
2026-09-01T09:40:00,machine-01,38.631,47.868,5.813,5.588
2026-09-01T09:41:00,machine-01,38.508,47.84,5.846,4.878
2026-09-01T09:42:00,machine-01,38.118,48.265,6.045,4.706
2026-09-01T09:43:00,machine-01,36.877,49.797,6.002,2.601
2026-09-01T09:44:00,machine-01,35.979,50.937,5.687,2.512
2026-09-01T09:45:00,machine-01,34.176,53.071,5.358,1.326
2026-09-01T09:46:00,machine-01,32.552,55.003,5.205,2.593
2026-09-01T09:47:00,machine-01,31.311,56.449,5.245,2.375
2026-09-01T09:48:00,machine-01,31.369,56.415,5.349,4.938
2026-09-01T09:49:00,machine-01,32.715,54.8,5.425,4.07
2026-09-01T09:50:00,machine-01,33.98,53.124,5.501,4.228
2026-09-01T09:51:00,machine-01,35.702,51.161,5.727,4.126
2026-09-01T09:52:00,machine-01,36.951,49.686,5.83,2.788
2026-09-01T09:53:00,machine-01,36.968,49.449,5.313,1.986
2026-09-01T09:54:00,machine-01,36.905,49.76,5.316,3.297
2026-09-01T09:55:00,machine-01,37.311,49.158,5.491,4.341
2026-09-01T09:56:00,machine-01,39.47,46.735,5.799,6.001
2026-09-01T09:57:00,machine-01,41.528,44.084,5.969,5.045
2026-09-01T09:58:00,machine-01,43.321,42.025,5.917,4.957
2026-09-01T09:59:00,machine-01,43.585,41.558,6.024,3.503
2026-09-01T10:00:00,machine-01,42.867,42.412,6.057,2.67
2026-09-01T10:01:00,machine-01,40.753,45.179,5.785,1.188
2026-09-01T10:02:00,machine-01,39.171,47.059,5.411,0.858
2026-09-01T10:03:00,machine-01,37.166,49.378,4.941,1.224
2026-09-01T10:04:00,machine-01,36.547,50.091,4.76,1.635
2026-09-01T10:05:00,machine-01,36.382,50.407,4.805,1.703
2026-09-01T10:06:00,machine-01,35.528,51.279,4.865,1.672
2026-09-01T10:07:00,machine-01,34.083,53.132,4.623,1.12
2026-09-01T10:08:00,machine-01,32.757,54.753,4.69,1.391
2026-09-01T10:09:00,machine-01,30.923,56.847,4.702,0.654
2026-09-01T10:10:00,machine-01,29.3,58.863,4.607,0.877
2026-09-01T10:11:00,machine-01,28.425,59.841,4.579,1.522
2026-09-01T10:12:00,machine-01,27.863,60.48,4.451,1.063
2026-09-01T10:13:00,machine-01,26.902,61.76,4.488,1.213
2026-09-01T10:14:00,machine-01,27.437,60.955,4.743,3.816
2026-09-01T10:15:00,machine-01,28.233,60.161,5.026,3.268
2026-09-01T10:16:00,machine-01,28.461,59.826,5.261,3.55
2026-09-01T10:17:00,machine-01,29.126,59.009,5.235,4.638
2026-09-01T10:18:00,machine-01,32.074,55.636,5.545,6.116
2026-09-01T10:19:00,machine-01,34.195,52.941,5.797,6.391
2026-09-01T10:20:00,machine-01,35.634,51.109,6.01,6.098
2026-09-01T10:21:00,machine-01,37.212,49.388,6.233,5.568
2026-09-01T10:22:00,machine-01,38.721,47.449,6.387,5.962
2026-09-01T10:23:00,machine-01,40.053,45.927,6.382,5.478
2026-09-01T10:24:00,machine-01,41.428,44.108,6.398,5.599
2026-09-01T10:25:00,machine-01,42.516,43.112,6.26,4.306
2026-09-01T10:26:00,machine-01,42.07,43.455,5.745,1.771
2026-09-01T10:27:00,machine-01,41.14,44.46,5.221,0.771
2026-09-01T10:28:00,machine-01,39.519,46.553,4.715,0.688
2026-09-01T10:29:00,machine-01,37.729,48.711,4.467,0.705
2026-09-01T10:30:00,machine-01,36.023,51.089,4.333,0.61
2026-09-01T10:31:00,machine-01,34.565,52.599,4.397,0.565
2026-09-01T10:32:00,machine-01,33.357,53.929,4.351,0.851
2026-09-01T10:33:00,machine-01,32.984,54.5,4.442,0.992
2026-09-01T10:34:00,machine-01,32.206,55.394,4.473,0.728
2026-09-01T10:35:00,machine-01,30.333,57.614,4.298,0.877
2026-09-01T10:36:00,machine-01,28.238,59.988,4.427,0.782
2026-09-01T10:37:00,machine-01,27.777,60.675,4.594,2.029
2026-09-01T10:38:00,machine-01,27.772,60.786,4.671,2.196
2026-09-01T10:39:00,machine-01,28.278,59.965,4.928,2.67
2026-09-01T10:40:00,machine-01,29.018,59.113,5.092,3.545
2026-09-01T10:41:00,machine-01,30.164,57.844,5.411,5.071
2026-09-01T10:42:00,machine-01,31.418,56.519,5.587,5.981
2026-09-01T10:43:00,machine-01,32.641,54.935,5.967,5.881
2026-09-01T10:44:00,machine-01,33.103,54.132,6.055,3.827
2026-09-01T10:45:00,machine-01,33.496,53.821,5.995,4.221
2026-09-01T10:46:00,machine-01,33.494,53.647,5.987,3.017
2026-09-01T10:47:00,machine-01,33.138,54.251,5.735,2.622
2026-09-01T10:48:00,machine-01,32.544,54.867,5.498,3.051
2026-09-01T10:49:00,machine-01,33.595,53.728,5.75,4.353
2026-09-01T10:50:00,machine-01,34.084,52.869,5.796,3.084
2026-09-01T10:51:00,machine-01,34.32,52.969,5.648,2.769
2026-09-01T10:52:00,machine-01,34.017,53.266,5.521,1.846
2026-09-01T10:53:00,machine-01,33.978,53.142,5.146,2.169
2026-09-01T10:54:00,machine-01,34.85,52.03,5.179,2.354
2026-09-01T10:55:00,machine-01,35.758,51.179,4.943,1.757
2026-09-01T10:56:00,machine-01,35.37,51.551,4.561,0.814
2026-09-01T10:57:00,machine-01,34.737,52.309,4.489,0.904
2026-09-01T10:58:00,machine-01,35.003,52.008,4.591,1.878
2026-09-01T10:59:00,machine-01,35.121,51.698,4.705,1.103
2026-09-01T11:00:00,machine-01,34.121,52.979,4.537,1.427
2026-09-01T11:01:00,machine-01,33.893,53.175,4.634,1.185
2026-09-01T11:02:00,machine-01,33.826,53.508,4.778,1.661
2026-09-01T11:03:00,machine-01,34.658,52.371,5.05,3.512
2026-09-01T11:04:00,machine-01,35.041,51.911,5.272,2.613
2026-09-01T11:05:00,machine-01,34.849,52.217,5.393,2.985
2026-09-01T11:06:00,machine-01,34.478,52.608,5.315,2.376
2026-09-01T11:07:00,machine-01,33.855,53.382,5.341,2.148
2026-09-01T11:08:00,machine-01,33.653,53.604,5.469,3.216
2026-09-01T11:09:00,machine-01,34.057,53.099,5.485,3.911
2026-09-01T11:10:00,machine-01,34.515,52.615,5.68,5.157
2026-09-01T11:11:00,machine-01,35.156,51.839,5.763,5.85
2026-09-01T11:12:00,machine-01,35.553,51.371,5.896,5.032
2026-09-01T11:13:00,machine-01,35.092,51.91,5.845,5.149
2026-09-01T11:14:00,machine-01,35.441,51.374,5.834,4.465
2026-09-01T11:15:00,machine-01,34.031,53.131,5.325,0.974
2026-09-01T11:16:00,machine-01,31.893,55.647,4.726,0.921
2026-09-01T11:17:00,machine-01,30.017,58.117,4.452,0.688
2026-09-01T11:18:00,machine-01,27.816,60.562,4.302,0.679
2026-09-01T11:19:00,machine-01,26.927,61.588,4.253,0.978
2026-09-01T11:20:00,machine-01,26.415,62.343,4.388,0.847
2026-09-01T11:21:00,machine-01,26.177,62.579,4.273,0.635
2026-09-01T11:22:00,machine-01,27.045,61.673,4.35,1.714
2026-09-01T11:23:00,machine-01,28.882,59.371,4.381,1.466
2026-09-01T11:24:00,machine-01,29.423,58.751,4.596,1.393
2026-09-01T11:25:00,machine-01,29.236,58.834,4.607,0.62
2026-09-01T11:26:00,machine-01,29.205,58.758,4.403,0.633
2026-09-01T11:27:00,machine-01,29.383,58.677,4.13,0.588
2026-09-01T11:28:00,machine-01,31.11,56.669,4.207,2.143
2026-09-01T11:29:00,machine-01,33.113,54.411,4.625,2.986
2026-09-01T11:30:00,machine-01,34.767,52.359,4.869,4.209
2026-09-01T11:31:00,machine-01,37.291,49.219,5.136,3.865
2026-09-01T11:32:00,machine-01,38.466,47.857,5.084,3.788
2026-09-01T11:33:00,machine-01,38.416,47.67,5.354,4.261
2026-09-01T11:34:00,machine-01,39.176,47.042,5.591,5.244
2026-09-01T11:35:00,machine-01,39.682,46.341,5.839,3.475
2026-09-01T11:36:00,machine-01,39.096,46.875,5.822,2.26
2026-09-01T11:37:00,machine-01,37.645,48.799,5.442,1.805
2026-09-01T11:38:00,machine-01,34.545,52.584,5.041,0.588
2026-09-01T11:39:00,machine-01,31.887,55.711,4.634,0.651
2026-09-01T11:40:00,machine-01,30.242,58.013,4.513,1.452
2026-09-01T11:41:00,machine-01,29.06,59.164,4.592,2.286
2026-09-01T11:42:00,machine-01,28.081,60.395,4.573,2.47
2026-09-01T11:43:00,machine-01,28.328,59.932,4.864,3.3
2026-09-01T11:44:00,machine-01,28.059,60.493,5.096,1.193
2026-09-01T11:45:00,machine-01,26.749,61.812,4.753,1.054
2026-09-01T11:46:00,machine-01,25.216,63.655,4.69,0.995
2026-09-01T11:47:00,machine-01,24.334,64.699,4.643,1.086
2026-09-01T11:48:00,machine-01,25.006,63.884,4.667,2.17
2026-09-01T11:49:00,machine-01,26.453,62.231,4.797,1.811
2026-09-01T11:50:00,machine-01,28.295,60.086,4.851,2.545
2026-09-01T11:51:00,machine-01,29.71,58.441,5.109,3.342
2026-09-01T11:52:00,machine-01,31.283,56.486,5.309,3.005
2026-09-01T11:53:00,machine-01,32.463,55.126,5.198,2.657
2026-09-01T11:54:00,machine-01,32.686,54.862,5.11,1.16
2026-09-01T11:55:00,machine-01,32.758,54.807,4.86,1.096
2026-09-01T11:56:00,machine-01,33.442,53.864,4.598,2.314
2026-09-01T11:57:00,machine-01,34.44,52.621,4.798,3.461
2026-09-01T11:58:00,machine-01,36.715,50.028,5.27,5.248
2026-09-01T11:59:00,machine-01,38.426,48.011,5.716,4.949
2026-09-01T12:00:00,machine-01,40.016,46.004,5.873,4.894
2026-09-01T12:01:00,machine-01,41.417,44.357,6.204,5.701
2026-09-01T12:02:00,machine-01,42.144,43.386,6.231,3.772
2026-09-01T12:03:00,machine-01,43.272,42.075,6.207,6.011
2026-09-01T12:04:00,machine-01,44.447,40.911,6.242,4.817
2026-09-01T12:05:00,machine-01,43.526,41.708,5.925,2.497
2026-09-01T12:06:00,machine-01,41.661,43.971,5.783,2.499
2026-09-01T12:07:00,machine-01,39.898,46.242,5.52,3.404
2026-09-01T12:08:00,machine-01,38.559,47.839,5.48,2.801
2026-09-01T12:09:00,machine-01,36.215,50.589,5.203,1.379
2026-09-01T12:10:00,machine-01,34.137,53.038,4.966,2.235
2026-09-01T12:11:00,machine-01,33.267,54.011,4.942,2.425
2026-09-01T12:12:00,machine-01,32.227,55.376,4.985,2.95
2026-09-01T12:13:00,machine-01,31.668,56.066,5.252,3.036
2026-09-01T12:14:00,machine-01,30.869,56.966,5.256,2.15
2026-09-01T12:15:00,machine-01,29.491,58.624,5.148,1.6
2026-09-01T12:16:00,machine-01,29.411,58.584,4.983,3.589
2026-09-01T12:17:00,machine-01,30.761,57.138,5.378,5.255
2026-09-01T12:18:00,machine-01,33.086,54.385,5.579,4.569
2026-09-01T12:19:00,machine-01,34.189,52.981,5.412,3.98
2026-09-01T12:20:00,machine-01,34.427,52.576,5.499,3.842
2026-09-01T12:21:00,machine-01,34.54,52.582,5.579,2.827
2026-09-01T12:22:00,machine-01,34.596,52.56,5.571,2.907
2026-09-01T12:23:00,machine-01,35.165,51.846,5.511,2.707
2026-09-01T12:24:00,machine-01,36.986,49.527,5.508,4.345
2026-09-01T12:25:00,machine-01,39.162,47.009,5.853,5.306
2026-09-01T12:26:00,machine-01,40.707,45.162,6.033,4.195
2026-09-01T12:27:00,machine-01,41.365,44.294,5.895,2.951
2026-09-01T12:28:00,machine-01,40.974,44.872,5.554,2.099
2026-09-01T12:29:00,machine-01,40.49,45.434,5.372,2.299
2026-09-01T12:30:00,machine-01,40.358,45.532,5.224,1.502
2026-09-01T12:31:00,machine-01,39.686,46.275,5.017,2.659
2026-09-01T12:32:00,machine-01,40.23,45.694,5.106,3.917
2026-09-01T12:33:00,machine-01,40.971,44.762,5.397,5.038
2026-09-01T12:34:00,machine-01,41.668,43.941,5.68,5.448
2026-09-01T12:35:00,machine-01,41.853,43.732,5.853,4.885
2026-09-01T12:36:00,machine-01,41.87,43.594,6.036,5.298
2026-09-01T12:37:00,machine-01,41.503,44.383,5.993,4.649
2026-09-01T12:38:00,machine-01,41.245,44.467,5.975,5.233
2026-09-01T12:39:00,machine-01,41.042,44.844,5.881,4.329
2026-09-01T12:40:00,machine-01,40.261,45.757,5.773,4.853
2026-09-01T12:41:00,machine-01,39.874,46.044,5.846,5.931
2026-09-01T12:42:00,machine-01,39.804,46.329,6.109,5.386
2026-09-01T12:43:00,machine-01,39.039,47.272,6.067,5.446
2026-09-01T12:44:00,machine-01,38.956,47.315,6.083,5.964
2026-09-01T12:45:00,machine-01,39.379,46.705,5.924,5.778
2026-09-01T12:46:00,machine-01,39.656,46.401,6.008,6.173
2026-09-01T12:47:00,machine-01,39.402,46.745,6.106,3.432
2026-09-01T12:48:00,machine-01,38.254,48.366,5.891,2.642
2026-09-01T12:49:00,machine-01,36.983,49.512,5.689,2.958
2026-09-01T12:50:00,machine-01,36.652,50.051,5.539,3.347
2026-09-01T12:51:00,machine-01,36.154,50.573,5.268,1.03
2026-09-01T12:52:00,machine-01,35.078,51.949,4.845,1.041
2026-09-01T12:53:00,machine-01,34.48,52.516,4.799,2.754
2026-09-01T12:54:00,machine-01,35.488,51.441,5.175,3.828
2026-09-01T12:55:00,machine-01,35.98,50.956,5.355,2.695
2026-09-01T12:56:00,machine-01,35.744,50.979,5.399,2.233
2026-09-01T12:57:00,machine-01,36.465,50.472,5.312,3.165
2026-09-01T12:58:00,machine-01,37.672,48.953,5.338,3.175
2026-09-01T12:59:00,machine-01,38.069,48.37,5.34,2.462
2026-09-01T13:00:00,machine-01,37.978,48.347,5.104,1.804
2026-09-01T13:01:00,machine-01,38.839,47.458,5.051,3.03
2026-09-01T13:02:00,machine-01,38.472,47.813,4.907,1.518
2026-09-01T13:03:00,machine-01,36.778,49.875,4.76,1.288
2026-09-01T13:04:00,machine-01,35.725,51.346,4.787,1.926
2026-09-01T13:05:00,machine-01,34.717,52.223,4.726,1.624
2026-09-01T13:06:00,machine-01,34.456,52.605,4.703,2.012
2026-09-01T13:07:00,machine-01,33.777,53.586,4.788,2.416
2026-09-01T13:08:00,machine-01,32.505,55.021,4.662,1.086
2026-09-01T13:09:00,machine-01,30.457,57.568,4.579,0.88
2026-09-01T13:10:00,machine-01,28.941,59.46,4.62,1.432
2026-09-01T13:11:00,machine-01,27.278,61.186,4.627,1.454
2026-09-01T13:12:00,machine-01,26.554,62.18,4.574,1.607
2026-09-01T13:13:00,machine-01,26.143,62.634,4.499,0.679
2026-09-01T13:14:00,machine-01,24.865,64.16,4.517,1.167
2026-09-01T13:15:00,machine-01,24.586,64.562,4.698,1.783
2026-09-01T13:16:00,machine-01,24.553,64.571,4.745,1.471
2026-09-01T13:17:00,machine-01,24.891,64.154,4.835,1.412
2026-09-01T13:18:00,machine-01,24.065,65.15,4.581,0.637
2026-09-01T13:19:00,machine-01,24.187,64.959,4.564,1.39
2026-09-01T13:20:00,machine-01,25.506,63.441,4.744,1.778
2026-09-01T13:21:00,machine-01,26.78,61.863,4.982,0.964
2026-09-01T13:22:00,machine-01,27.671,60.949,4.976,1.122
2026-09-01T13:23:00,machine-01,28.062,60.161,4.924,1.22
2026-09-01T13:24:00,machine-01,27.912,60.426,4.861,0.69
2026-09-01T13:25:00,machine-01,27.771,60.946,4.784,1.021
2026-09-01T13:26:00,machine-01,28.403,59.939,4.63,0.75
2026-09-01T13:27:00,machine-01,29.191,59.015,4.645,0.922
2026-09-01T13:28:00,machine-01,29.729,58.374,4.553,1.367
2026-09-01T13:29:00,machine-01,31.573,56.016,4.613,2.615
2026-09-01T13:30:00,machine-01,33.068,54.316,4.847,2.81
2026-09-01T13:31:00,machine-01,34.374,52.486,5.039,3.592
2026-09-01T13:32:00,machine-01,36.206,50.399,5.235,4.329
2026-09-01T13:33:00,machine-01,36.737,49.727,5.418,3.453
2026-09-01T13:34:00,machine-01,36.525,50.213,5.3,1.801
2026-09-01T13:35:00,machine-01,35.887,50.853,5.121,1.684
2026-09-01T13:36:00,machine-01,34.132,52.961,4.95,1.018
2026-09-01T13:37:00,machine-01,32.425,55.007,4.899,1.625
2026-09-01T13:38:00,machine-01,31.363,56.357,4.915,1.809
2026-09-01T13:39:00,machine-01,30.45,57.566,4.916,2.306
2026-09-01T13:40:00,machine-01,29.79,58.322,4.841,2.463
2026-09-01T13:41:00,machine-01,29.771,58.398,5.062,3.27
2026-09-01T13:42:00,machine-01,29.476,58.595,5.225,2.597
2026-09-01T13:43:00,machine-01,28.925,59.214,5.12,1.68
2026-09-01T13:44:00,machine-01,27.742,60.473,4.904,1.257
2026-09-01T13:45:00,machine-01,26.46,62.217,4.774,1.077
2026-09-01T13:46:00,machine-01,25.899,63.048,4.725,1.3
2026-09-01T13:47:00,machine-01,25.068,63.882,4.643,1.537
2026-09-01T13:48:00,machine-01,26.696,62.023,5.096,4.183
2026-09-01T13:49:00,machine-01,29.613,58.544,5.448,3.542
2026-09-01T13:50:00,machine-01,30.109,57.837,5.14,1.032
2026-09-01T13:51:00,machine-01,30.161,57.738,5.168,1.697
2026-09-01T13:52:00,machine-01,29.889,58.186,4.899,0.916
2026-09-01T13:53:00,machine-01,29.65,58.495,4.677,1.156
2026-09-01T13:54:00,machine-01,30.147,57.733,4.538,1.804
2026-09-01T13:55:00,machine-01,30.954,56.817,4.542,1.298
2026-09-01T13:56:00,machine-01,31.382,56.446,4.489,0.733
2026-09-01T13:57:00,machine-01,31.668,56.074,4.517,1.281
2026-09-01T13:58:00,machine-01,31.87,55.819,4.462,1.181
2026-09-01T13:59:00,machine-01,32.531,54.968,4.572,2.604
2026-09-01T14:00:00,machine-01,33.42,53.793,4.613,1.099
2026-09-01T14:01:00,machine-01,33.244,54.196,4.499,1.297
2026-09-01T14:02:00,machine-01,33.286,54.091,4.426,0.8
2026-09-01T14:03:00,machine-01,32.611,55.023,4.331,1.249
2026-09-01T14:04:00,machine-01,32.584,54.749,4.494,1.448
2026-09-01T14:05:00,machine-01,31.673,56.148,4.538,1.054
2026-09-01T14:06:00,machine-01,30.879,57.069,4.537,1.508
2026-09-01T14:07:00,machine-01,29.412,58.66,4.363,0.825
2026-09-01T14:08:00,machine-01,28.141,59.951,4.368,0.687
2026-09-01T14:09:00,machine-01,27.123,61.285,4.423,1.34
2026-09-01T14:10:00,machine-01,26.63,61.984,4.538,1.105
2026-09-01T14:11:00,machine-01,25.154,63.754,4.536,0.95
2026-09-01T14:12:00,machine-01,25.33,63.724,4.668,1.934
2026-09-01T14:13:00,machine-01,25.577,63.156,4.833,2.037
2026-09-01T14:14:00,machine-01,26.098,62.605,4.818,2.204
2026-09-01T14:15:00,machine-01,26.236,62.477,4.879,1.43
2026-09-01T14:16:00,machine-01,25.566,63.315,4.843,1.25
2026-09-01T14:17:00,machine-01,26.571,62.323,5.028,3.605
2026-09-01T14:18:00,machine-01,28.507,59.678,5.435,2.846
2026-09-01T14:19:00,machine-01,29.177,59.123,5.466,1.683
2026-09-01T14:20:00,machine-01,28.865,59.402,5.333,1.506
2026-09-01T14:21:00,machine-01,28.96,59.253,5.2,2.123
2026-09-01T14:22:00,machine-01,30.411,57.444,5.135,2.855
2026-09-01T14:23:00,machine-01,33.079,54.238,5.631,5.46
2026-09-01T14:24:00,machine-01,35.922,50.943,5.872,4.174
2026-09-01T14:25:00,machine-01,37.337,49.287,5.743,2.868
2026-09-01T14:26:00,machine-01,37.896,48.364,5.611,2.766
2026-09-01T14:27:00,machine-01,39.042,47.126,5.72,4.53
2026-09-01T14:28:00,machine-01,39.989,45.979,5.734,3.837
2026-09-01T14:29:00,machine-01,39.327,46.701,5.347,1.696
2026-09-01T14:30:00,machine-01,38.767,47.557,5.138,1.557
2026-09-01T14:31:00,machine-01,37.615,48.815,4.868,1.254
2026-09-01T14:32:00,machine-01,37.226,49.34,4.804,1.7
2026-09-01T14:33:00,machine-01,35.639,51.223,4.716,1.132
2026-09-01T14:34:00,machine-01,34.231,52.909,4.425,1.077
2026-09-01T14:35:00,machine-01,33.295,54.294,4.481,2.69
2026-09-01T14:36:00,machine-01,33.683,53.346,4.867,3.763
2026-09-01T14:37:00,machine-01,34.216,52.836,5.268,3.804
2026-09-01T14:38:00,machine-01,35.096,51.812,5.545,4.413
2026-09-01T14:39:00,machine-01,35.775,51.081,5.63,4.359
2026-09-01T14:40:00,machine-01,35.059,51.991,5.558,3.65
2026-09-01T14:41:00,machine-01,35.07,51.99,5.592,3.036
2026-09-01T14:42:00,machine-01,33.736,53.765,5.489,3.183
2026-09-01T14:43:00,machine-01,33.666,53.607,5.545,4.057
2026-09-01T14:44:00,machine-01,33.808,53.561,5.41,3.47
2026-09-01T14:45:00,machine-01,33.603,53.718,5.462,4.268
2026-09-01T14:46:00,machine-01,34.261,52.847,5.495,4.671
2026-09-01T14:47:00,machine-01,34.608,52.427,5.698,4.532
2026-09-01T14:48:00,machine-01,34.981,52.035,5.626,5.098
2026-09-01T14:49:00,machine-01,35.501,51.453,5.888,5.782
2026-09-01T14:50:00,machine-01,36.584,50.084,5.975,5.902
2026-09-01T14:51:00,machine-01,38.863,47.259,6.08,6.037
2026-09-01T14:52:00,machine-01,40.763,45.061,6.175,4.231
2026-09-01T14:53:00,machine-01,41.329,44.336,6.111,4.019
2026-09-01T14:54:00,machine-01,41.655,44.033,5.997,4.744
2026-09-01T14:55:00,machine-01,40.919,45.05,5.699,1.979
2026-09-01T14:56:00,machine-01,39.725,46.271,5.385,1.917
2026-09-01T14:57:00,machine-01,40.063,45.81,5.322,2.547
2026-09-01T14:58:00,machine-01,40.269,45.614,5.263,3.032
2026-09-01T14:59:00,machine-01,41.065,44.677,5.414,4.392
2026-09-01T15:00:00,machine-01,42.634,42.902,5.53,5.461
2026-09-01T15:01:00,machine-01,43.48,41.85,5.72,4.204
2026-09-01T15:02:00,machine-01,43.479,41.841,5.969,5.885
2026-09-01T15:03:00,machine-01,43.711,41.57,6.055,4.27
2026-09-01T15:04:00,machine-01,42.607,42.885,5.721,2.086
2026-09-01T15:05:00,machine-01,40.491,45.497,5.308,1.518
2026-09-01T15:06:00,machine-01,38.193,48.004,5.038,2.373
2026-09-01T15:07:00,machine-01,36.466,50.232,5.178,1.798
2026-09-01T15:08:00,machine-01,34.205,53.023,4.868,0.656
2026-09-01T15:09:00,machine-01,31.486,56.13,4.44,1.332
2026-09-01T15:10:00,machine-01,29.328,58.868,4.618,0.906
2026-09-01T15:11:00,machine-01,28.142,60.234,4.871,2.275
2026-09-01T15:12:00,machine-01,27.89,60.47,5.104,2.165
2026-09-01T15:13:00,machine-01,28.468,59.774,5.205,4.362
2026-09-01T15:14:00,machine-01,30.409,57.426,5.517,5.55
2026-09-01T15:15:00,machine-01,31.175,56.545,5.755,4.918
2026-09-01T15:16:00,machine-01,32.22,55.227,5.88,5.816
2026-09-01T15:17:00,machine-01,33.777,53.535,6.174,6.08
2026-09-01T15:18:00,machine-01,34.878,52.397,6.196,4.752
2026-09-01T15:19:00,machine-01,36.08,50.701,6.256,5.179
2026-09-01T15:20:00,machine-01,37.472,49.048,6.251,4.217
2026-09-01T15:21:00,machine-01,37.773,48.634,5.991,2.665
2026-09-01T15:22:00,machine-01,37.104,49.399,5.53,1.658
2026-09-01T15:23:00,machine-01,35.668,51.222,5.017,0.772
2026-09-01T15:24:00,machine-01,34.026,53.082,4.485,0.678
2026-09-01T15:25:00,machine-01,32.963,54.486,4.127,0.63
2026-09-01T15:26:00,machine-01,32.557,55.063,4.03,0.805
2026-09-01T15:27:00,machine-01,32.49,55.004,4.257,0.759
2026-09-01T15:28:00,machine-01,32.406,55.037,4.287,1.222
2026-09-01T15:29:00,machine-01,33.921,53.349,4.805,3.725
2026-09-01T15:30:00,machine-01,35.875,51.12,5.295,3.706
2026-09-01T15:31:00,machine-01,36.872,49.926,5.376,3.708
2026-09-01T15:32:00,machine-01,38.726,47.509,5.459,5.528
2026-09-01T15:33:00,machine-01,40.737,44.974,5.823,6.075
2026-09-01T15:34:00,machine-01,42.082,43.417,5.957,5.267
2026-09-01T15:35:00,machine-01,42.766,42.789,5.899,5.219
2026-09-01T15:36:00,machine-01,42.191,43.346,5.901,4.889
2026-09-01T15:37:00,machine-01,41.166,44.618,5.96,5.221
2026-09-01T15:38:00,machine-01,41.46,44.162,6.143,5.85
2026-09-01T15:39:00,machine-01,40.863,44.971,5.98,4.064
2026-09-01T15:40:00,machine-01,40.592,45.392,5.988,6.028
2026-09-01T15:41:00,machine-01,40.734,45.138,6.359,6.157
2026-09-01T15:42:00,machine-01,40.387,45.491,6.297,4.157
2026-09-01T15:43:00,machine-01,39.052,47.291,6.037,3.426
2026-09-01T15:44:00,machine-01,37.289,49.05,5.892,3.856
2026-09-01T15:45:00,machine-01,36.884,49.611,5.857,4.52
2026-09-01T15:46:00,machine-01,36.688,49.916,5.986,4.022
2026-09-01T15:47:00,machine-01,36.572,50.131,5.948,3.849
2026-09-01T15:48:00,machine-01,36.034,50.828,5.785,2.752
2026-09-01T15:49:00,machine-01,34.704,52.352,5.44,1.381
2026-09-01T15:50:00,machine-01,33.795,53.389,5.276,1.557
2026-09-01T15:51:00,machine-01,32.636,54.968,4.855,0.869
2026-09-01T15:52:00,machine-01,31.283,56.472,4.465,0.715
2026-09-01T15:53:00,machine-01,30.818,57.065,4.27,0.971
2026-09-01T15:54:00,machine-01,30.817,57.123,4.243,0.842
2026-09-01T15:55:00,machine-01,31.59,56.07,4.408,1.349
2026-09-01T15:56:00,machine-01,31.884,55.647,4.578,0.733
2026-09-01T15:57:00,machine-01,31.465,56.378,4.48,1.079
2026-09-01T15:58:00,machine-01,32.264,55.18,4.596,1.779
2026-09-01T15:59:00,machine-01,33.551,53.681,5.012,3.086
2026-09-01T16:00:00,machine-01,35.772,51.155,5.519,4.201
2026-09-01T16:01:00,machine-01,36.97,49.611,5.525,2.869
2026-09-01T16:02:00,machine-01,37.003,49.62,5.602,3.188
2026-09-01T16:03:00,machine-01,37.831,48.543,5.609,3.231
2026-09-01T16:04:00,machine-01,38.06,48.408,5.538,2.96
2026-09-01T16:05:00,machine-01,38.073,48.302,5.754,4.182
2026-09-01T16:06:00,machine-01,38.798,47.558,5.919,5.662
2026-09-01T16:07:00,machine-01,39.664,46.362,6.008,6.104
2026-09-01T16:08:00,machine-01,40.506,45.278,5.952,5.542
2026-09-01T16:09:00,machine-01,40.639,45.295,5.972,5.564
2026-09-01T16:10:00,machine-01,39.814,46.149,6.093,4.89
2026-09-01T16:11:00,machine-01,38.076,48.362,5.772,2.412
2026-09-01T16:12:00,machine-01,35.255,51.666,5.337,1.01
2026-09-01T16:13:00,machine-01,32.39,55.168,4.912,0.753
2026-09-01T16:14:00,machine-01,30.952,56.865,4.762,1.308
2026-09-01T16:15:00,machine-01,29.49,58.663,4.705,0.776
2026-09-01T16:16:00,machine-01,27.963,60.595,4.655,0.9
2026-09-01T16:17:00,machine-01,27.444,61.146,4.581,1.341
2026-09-01T16:18:00,machine-01,27.522,60.961,4.63,1.304
2026-09-01T16:19:00,machine-01,27.69,60.75,4.766,1.394
2026-09-01T16:20:00,machine-01,27.893,60.45,4.839,1.388
2026-09-01T16:21:00,machine-01,28.676,59.411,4.765,2.41
2026-09-01T16:22:00,machine-01,29.947,57.898,4.934,2.053
2026-09-01T16:23:00,machine-01,30.73,56.917,4.855,1.476
2026-09-01T16:24:00,machine-01,31.125,56.612,4.894,1.836
2026-09-01T16:25:00,machine-01,31.894,55.676,4.932,2.24
2026-09-01T16:26:00,machine-01,33.358,53.969,4.905,3.349
2026-09-01T16:27:00,machine-01,35.01,52.062,5.203,3.657
2026-09-01T16:28:00,machine-01,37.343,49.158,5.569,4.871
2026-09-01T16:29:00,machine-01,39.803,46.24,5.753,5.487
2026-09-01T16:30:00,machine-01,42.406,43.046,6.018,5.786
2026-09-01T16:31:00,machine-01,44.259,40.974,6.196,6.102
2026-09-01T16:32:00,machine-01,45.321,39.574,6.265,5.793
2026-09-01T16:33:00,machine-01,45.617,39.076,6.19,4.822
2026-09-01T16:34:00,machine-01,44.396,40.696,6.116,3.375
2026-09-01T16:35:00,machine-01,43.22,42.121,5.86,3.563
2026-09-01T16:36:00,machine-01,42.584,42.791,5.801,3.593
2026-09-01T16:37:00,machine-01,41.756,43.928,5.717,3.688
2026-09-01T16:38:00,machine-01,40.174,45.809,5.589,2.783
2026-09-01T16:39:00,machine-01,38.673,47.478,5.307,1.878
2026-09-01T16:40:00,machine-01,36.479,50.199,5.29,2.882
2026-09-01T16:41:00,machine-01,35.41,51.47,5.348,4.319
2026-09-01T16:42:00,machine-01,34.46,52.623,5.376,2.024
2026-09-01T16:43:00,machine-01,32.327,55.028,5.14,1.34
2026-09-01T16:44:00,machine-01,31.242,56.268,5.124,3.295
2026-09-01T16:45:00,machine-01,32.058,55.503,5.35,4.247
2026-09-01T16:46:00,machine-01,32.493,55.126,5.407,4.457
2026-09-01T16:47:00,machine-01,32.711,54.685,5.563,4.446
2026-09-01T16:48:00,machine-01,33.876,53.419,5.801,5.613
2026-09-01T16:49:00,machine-01,35.236,51.49,5.827,5.425
2026-09-01T16:50:00,machine-01,36.269,50.395,5.859,3.307
2026-09-01T16:51:00,machine-01,37.177,49.369,5.795,4.573
2026-09-01T16:52:00,machine-01,38.459,47.807,5.877,3.698
2026-09-01T16:53:00,machine-01,38.285,48.061,5.668,1.825
2026-09-01T16:54:00,machine-01,33.532,53.86,4.963,1.246
2026-09-01T16:55:00,machine-01,32.344,55.086,4.664,1.758
2026-09-01T16:56:00,machine-01,31.736,55.934,4.733,1.883
2026-09-01T16:57:00,machine-01,32.867,54.591,4.854,2.764
2026-09-01T16:58:00,machine-01,33.701,53.599,5.001,2.996
2026-09-01T16:59:00,machine-01,33.949,53.278,4.892,3.011
2026-09-01T17:00:00,machine-01,34.734,52.333,5.022,3.7
2026-09-01T17:01:00,machine-01,35.708,51.137,5.223,3.666
2026-09-01T17:02:00,machine-01,36.69,49.89,5.324,3.689
2026-09-01T17:03:00,machine-01,37.41,49.117,5.296,3.677
2026-09-01T17:04:00,machine-01,38.103,48.171,5.394,3.468
2026-09-01T17:05:00,machine-01,38.432,47.762,5.386,2.996
2026-09-01T17:06:00,machine-01,38.427,47.952,5.363,2.249
2026-09-01T17:07:00,machine-01,37.977,48.488,5.299,2.463
2026-09-01T17:08:00,machine-01,37.293,49.271,5.105,2.523
2026-09-01T17:09:00,machine-01,36.471,50.204,5.112,2.071
2026-09-01T17:10:00,machine-01,35.726,51.078,4.969,1.867
2026-09-01T17:11:00,machine-01,34.661,52.375,4.962,1.911
2026-08-31T17:28:00,machine-02,31.48,56.094,4.788,1.455
2026-08-31T17:29:00,machine-02,31.66,56.06,4.904,0.887
2026-08-31T17:30:00,machine-02,30.582,57.403,4.72,0.598
2026-08-31T17:31:00,machine-02,29.574,58.579,4.573,0.547
2026-08-31T17:32:00,machine-02,28.189,60.166,4.552,0.653
2026-08-31T17:33:00,machine-02,27.502,60.815,4.364,0.566
2026-08-31T17:34:00,machine-02,26.58,62.089,4.314,0.753
2026-08-31T17:35:00,machine-02,26.174,62.48,4.283,1.032
2026-08-31T17:36:00,machine-02,26.098,62.633,4.534,1.599
2026-08-31T17:37:00,machine-02,26.378,62.317,4.753,2.579
2026-08-31T17:38:00,machine-02,26.258,62.472,4.891,2.351
2026-08-31T17:39:00,machine-02,26.519,62.067,4.954,2.278
2026-08-31T17:40:00,machine-02,25.291,63.542,4.948,1.263
2026-08-31T17:41:00,machine-02,23.586,65.767,4.792,0.995
2026-08-31T17:42:00,machine-02,22.014,67.592,4.697,0.677
2026-08-31T17:43:00,machine-02,21.208,68.406,4.711,2.514
2026-08-31T17:44:00,machine-02,22.063,67.389,5.143,4.05
2026-08-31T17:45:00,machine-02,24.408,64.736,5.591,4.498
2026-08-31T17:46:00,machine-02,26.611,62.192,5.792,5.618
2026-08-31T17:47:00,machine-02,28.589,59.448,5.933,6.113
2026-08-31T17:48:00,machine-02,30.059,57.689,6.2,5.262
2026-08-31T17:49:00,machine-02,30.456,57.414,5.878,2.341
2026-08-31T17:50:00,machine-02,30.99,56.76,5.827,4.273
2026-08-31T17:51:00,machine-02,32.237,55.404,5.564,2.929
2026-08-31T17:52:00,machine-02,33.243,54.172,5.404,3.813
2026-08-31T17:53:00,machine-02,34.862,52.199,5.567,4.347
2026-08-31T17:54:00,machine-02,34.974,52.029,5.442,1.213
2026-08-31T17:55:00,machine-02,33.084,54.189,4.991,1.128
2026-08-31T17:56:00,machine-02,31.573,55.925,4.637,1.367
2026-08-31T17:57:00,machine-02,31.283,56.452,4.515,1.509
2026-08-31T17:58:00,machine-02,31.295,56.526,4.605,1.163
2026-08-31T17:59:00,machine-02,31.303,56.537,4.668,1.252
2026-08-31T18:00:00,machine-02,29.907,58.259,4.578,0.581
2026-08-31T18:01:00,machine-02,28.385,59.946,4.668,1.372
2026-08-31T18:02:00,machine-02,28.176,60.265,4.755,1.117
2026-08-31T18:03:00,machine-02,27.141,61.39,4.664,1.273
2026-08-31T18:04:00,machine-02,26.784,61.897,4.612,1.862
2026-08-31T18:05:00,machine-02,27.614,60.679,4.817,3.072
2026-08-31T18:06:00,machine-02,28.875,59.559,5.15,4.112
2026-08-31T18:07:00,machine-02,30.525,57.493,5.392,4.505
2026-08-31T18:08:00,machine-02,30.357,57.509,5.523,3.405
2026-08-31T18:09:00,machine-02,29.631,58.476,5.435,4.0
2026-08-31T18:10:00,machine-02,28.492,59.901,5.328,1.898
2026-08-31T18:11:00,machine-02,27.4,61.252,5.107,1.798
2026-08-31T18:12:00,machine-02,25.766,63.025,4.793,0.835
2026-08-31T18:13:00,machine-02,24.12,65.145,4.507,0.604
2026-08-31T18:14:00,machine-02,23.435,65.616,4.443,1.273
2026-08-31T18:15:00,machine-02,22.852,66.585,4.539,1.402
2026-08-31T18:16:00,machine-02,22.231,67.492,4.82,2.047
2026-08-31T18:17:00,machine-02,23.053,66.368,4.999,2.201
2026-08-31T18:18:00,machine-02,23.406,65.831,5.059,2.313
2026-08-31T18:19:00,machine-02,24.305,64.915,4.95,2.13
2026-08-31T18:20:00,machine-02,25.983,62.865,5.21,5.119
2026-08-31T18:21:00,machine-02,29.358,58.918,5.688,6.049
2026-08-31T18:22:00,machine-02,31.449,56.398,5.982,5.304
2026-08-31T18:23:00,machine-02,33.455,54.111,5.967,5.301
2026-08-31T18:24:00,machine-02,34.387,52.718,5.74,2.818
2026-08-31T18:25:00,machine-02,34.571,52.411,5.586,2.478
2026-08-31T18:26:00,machine-02,34.841,52.126,5.337,2.741
2026-08-31T18:27:00,machine-02,35.853,50.879,5.338,3.47
2026-08-31T18:28:00,machine-02,36.602,49.872,5.569,4.764
2026-08-31T18:29:00,machine-02,38.862,47.245,5.885,6.111
2026-08-31T18:30:00,machine-02,40.443,45.456,6.106,5.401
2026-08-31T18:31:00,machine-02,40.188,45.833,5.953,3.683
2026-08-31T18:32:00,machine-02,39.664,46.487,5.695,2.67
2026-08-31T18:33:00,machine-02,38.847,47.343,5.573,3.573
2026-08-31T18:34:00,machine-02,38.963,47.162,5.643,5.285
2026-08-31T18:35:00,machine-02,38.498,47.906,5.546,1.946
2026-08-31T18:36:00,machine-02,36.168,50.714,5.175,1.865
2026-08-31T18:37:00,machine-02,33.691,53.308,4.637,0.876
2026-08-31T18:38:00,machine-02,31.712,55.832,4.476,1.669
2026-08-31T18:39:00,machine-02,29.601,58.664,4.394,0.931
2026-08-31T18:40:00,machine-02,27.6,60.792,4.542,1.1
2026-08-31T18:41:00,machine-02,25.876,62.734,4.496,0.547
2026-08-31T18:42:00,machine-02,24.267,64.77,4.292,1.011
2026-08-31T18:43:00,machine-02,23.566,65.767,4.364,2.655
2026-08-31T18:44:00,machine-02,24.474,64.556,4.802,4.492
2026-08-31T18:45:00,machine-02,25.497,63.555,5.229,3.77
2026-08-31T18:46:00,machine-02,25.684,63.165,5.239,1.721
2026-08-31T18:47:00,machine-02,25.522,63.461,5.11,1.366
2026-08-31T18:48:00,machine-02,24.837,64.208,4.801,1.314
2026-08-31T18:49:00,machine-02,24.622,64.229,4.792,1.474
2026-08-31T18:50:00,machine-02,25.713,63.25,5.066,2.285
2026-08-31T18:51:00,machine-02,26.444,62.076,5.092,1.833
2026-08-31T18:52:00,machine-02,27.34,61.339,5.103,2.589
2026-08-31T18:53:00,machine-02,28.438,59.735,4.981,2.012
2026-08-31T18:54:00,machine-02,29.792,58.179,5.076,3.659
2026-08-31T18:55:00,machine-02,31.659,55.835,5.275,4.069
2026-08-31T18:56:00,machine-02,34.311,52.678,5.565,4.186
2026-08-31T18:57:00,machine-02,36.191,50.526,5.702,4.554
2026-08-31T18:58:00,machine-02,37.793,48.602,5.848,4.66
2026-08-31T18:59:00,machine-02,38.539,47.753,5.857,5.345
2026-08-31T19:00:00,machine-02,39.446,46.755,5.875,4.427
2026-08-31T19:01:00,machine-02,40.236,45.798,5.9,5.489
2026-08-31T19:02:00,machine-02,41.478,44.083,5.972,5.125
2026-08-31T19:03:00,machine-02,41.082,44.77,5.919,3.95
2026-08-31T19:04:00,machine-02,40.216,45.848,5.914,3.909
2026-08-31T19:05:00,machine-02,40.07,45.836,5.842,4.775
2026-08-31T19:06:00,machine-02,39.475,46.785,5.82,4.863
2026-08-31T19:07:00,machine-02,38.793,47.302,6.047,5.127
2026-08-31T19:08:00,machine-02,37.875,48.563,5.889,3.223
2026-08-31T19:09:00,machine-02,36.079,50.64,5.625,3.108
2026-08-31T19:10:00,machine-02,34.612,52.523,5.556,3.564
2026-08-31T19:11:00,machine-02,33.979,53.13,5.622,5.336
2026-08-31T19:12:00,machine-02,33.651,53.705,5.698,5.137
2026-08-31T19:13:00,machine-02,33.53,53.753,5.843,5.871
2026-08-31T19:14:00,machine-02,33.71,53.496,6.121,5.781
2026-08-31T19:15:00,machine-02,34.331,52.734,6.249,5.002
2026-08-31T19:16:00,machine-02,34.502,52.723,6.196,4.817
2026-08-31T19:17:00,machine-02,34.902,51.898,6.182,5.26
2026-08-31T19:18:00,machine-02,35.681,51.036,6.358,6.004
2026-08-31T19:19:00,machine-02,36.608,49.986,6.258,4.466
2026-08-31T19:20:00,machine-02,36.457,50.307,5.912,4.941
2026-08-31T19:21:00,machine-02,37.398,49.121,6.011,5.802
2026-08-31T19:22:00,machine-02,38.979,47.129,5.991,5.056
2026-08-31T19:23:00,machine-02,39.42,46.795,6.061,4.464
2026-08-31T19:24:00,machine-02,39.337,46.78,5.798,2.439
2026-08-31T19:25:00,machine-02,38.613,47.539,5.516,1.532
2026-08-31T19:26:00,machine-02,37.54,49.194,5.135,2.944
2026-08-31T19:27:00,machine-02,37.34,49.163,5.138,1.722
2026-08-31T19:28:00,machine-02,35.848,51.025,4.902,1.638
2026-08-31T19:29:00,machine-02,36.382,50.326,4.996,3.905
2026-08-31T19:30:00,machine-02,37.634,48.747,5.379,3.871
2026-08-31T19:31:00,machine-02,37.035,49.491,5.452,2.353
2026-08-31T19:32:00,machine-02,35.947,50.971,5.11,1.365
2026-08-31T19:33:00,machine-02,33.74,53.399,4.882,1.193
2026-08-31T19:34:00,machine-02,31.079,56.69,4.598,0.675
2026-08-31T19:35:00,machine-02,29.024,59.157,4.518,0.88
2026-08-31T19:36:00,machine-02,27.908,60.533,4.461,1.083
2026-08-31T19:37:00,machine-02,27.181,61.292,4.361,0.954
2026-08-31T19:38:00,machine-02,26.5,62.256,4.423,1.981
2026-08-31T19:39:00,machine-02,26.654,62.123,4.93,3.004
2026-08-31T19:40:00,machine-02,25.586,63.362,4.89,2.647
2026-08-31T19:41:00,machine-02,25.175,63.829,5.041,1.68
2026-08-31T19:42:00,machine-02,24.06,64.849,5.175,1.831
2026-08-31T19:43:00,machine-02,22.97,66.267,5.137,0.976
2026-08-31T19:44:00,machine-02,22.084,67.394,4.782,0.791
2026-08-31T19:45:00,machine-02,21.723,67.973,4.725,1.818
2026-08-31T19:46:00,machine-02,21.158,68.704,4.709,0.849
2026-08-31T19:47:00,machine-02,20.296,69.57,4.62,0.8
2026-08-31T19:48:00,machine-02,20.67,69.212,4.615,1.874
2026-08-31T19:49:00,machine-02,22.005,67.534,4.559,2.14
2026-08-31T19:50:00,machine-02,22.927,66.598,4.797,1.303
2026-08-31T19:51:00,machine-02,23.974,65.286,4.562,1.479
2026-08-31T19:52:00,machine-02,25.3,63.673,4.668,1.711
2026-08-31T19:53:00,machine-02,25.103,64.039,4.74,0.952
2026-08-31T19:54:00,machine-02,24.792,64.332,4.645,0.855
2026-08-31T19:55:00,machine-02,24.945,64.122,4.546,0.809
2026-08-31T19:56:00,machine-02,25.303,63.624,4.289,0.821
2026-08-31T19:57:00,machine-02,26.241,62.394,4.321,1.07
2026-08-31T19:58:00,machine-02,27.7,60.755,4.584,1.633
2026-08-31T19:59:00,machine-02,29.421,58.634,4.744,2.822
2026-08-31T20:00:00,machine-02,30.912,56.755,5.221,3.716
2026-08-31T20:01:00,machine-02,31.545,56.059,5.466,3.71
2026-08-31T20:02:00,machine-02,32.578,54.777,5.566,4.015
2026-08-31T20:03:00,machine-02,32.485,55.076,5.282,1.964
2026-08-31T20:04:00,machine-02,31.587,56.112,5.019,1.237
2026-08-31T20:05:00,machine-02,31.19,56.332,4.949,2.114
2026-08-31T20:06:00,machine-02,31.604,56.008,4.933,1.677
2026-08-31T20:07:00,machine-02,30.563,57.365,4.795,1.069
2026-08-31T20:08:00,machine-02,28.095,60.213,4.498,0.97
2026-08-31T20:09:00,machine-02,25.68,63.318,4.495,1.633
2026-08-31T20:10:00,machine-02,25.634,63.219,4.92,3.873
2026-08-31T20:11:00,machine-02,26.864,61.695,5.341,4.341
2026-08-31T20:12:00,machine-02,27.611,61.074,5.531,2.917
2026-08-31T20:13:00,machine-02,26.896,61.758,5.476,3.154
2026-08-31T20:14:00,machine-02,27.706,60.673,5.459,4.931
2026-08-31T20:15:00,machine-02,28.581,59.634,5.626,5.107
2026-08-31T20:16:00,machine-02,28.965,59.274,5.689,5.092
2026-08-31T20:17:00,machine-02,29.931,58.138,5.959,5.399
2026-08-31T20:18:00,machine-02,31.239,56.355,5.983,4.981
2026-08-31T20:19:00,machine-02,32.816,54.511,5.982,5.677
2026-08-31T20:20:00,machine-02,34.949,51.926,6.146,6.216
2026-08-31T20:21:00,machine-02,36.83,49.63,6.379,6.235
2026-08-31T20:22:00,machine-02,37.974,48.145,6.124,4.218
2026-08-31T20:23:00,machine-02,36.589,50.115,5.598,1.509
2026-08-31T20:24:00,machine-02,35.876,51.018,5.323,1.451
2026-08-31T20:25:00,machine-02,34.651,52.4,4.916,0.867
2026-08-31T20:26:00,machine-02,33.633,53.659,4.85,1.171
2026-08-31T20:27:00,machine-02,32.292,55.311,4.801,1.169
2026-08-31T20:28:00,machine-02,30.947,56.927,4.843,0.793
2026-08-31T20:29:00,machine-02,29.714,58.403,4.726,1.088
2026-08-31T20:30:00,machine-02,29.697,58.443,4.794,1.698
2026-08-31T20:31:00,machine-02,29.723,58.139,4.909,0.781
2026-08-31T20:32:00,machine-02,29.095,59.179,4.733,1.233
2026-08-31T20:33:00,machine-02,28.299,60.201,4.517,0.631
2026-08-31T20:34:00,machine-02,26.791,61.806,4.369,0.548
2026-08-31T20:35:00,machine-02,25.582,63.316,4.564,2.828
2026-08-31T20:36:00,machine-02,27.638,60.83,5.188,5.726
2026-08-31T20:37:00,machine-02,29.724,58.349,5.452,5.962
2026-08-31T20:38:00,machine-02,30.951,56.651,5.883,6.116
2026-08-31T20:39:00,machine-02,32.513,55.014,5.919,5.324
2026-08-31T20:40:00,machine-02,32.713,54.849,5.736,3.36
2026-08-31T20:41:00,machine-02,32.082,55.487,5.558,4.143
2026-08-31T20:42:00,machine-02,32.706,54.966,5.581,4.575
2026-08-31T20:43:00,machine-02,31.806,55.878,5.408,2.234
2026-08-31T20:44:00,machine-02,29.399,58.886,4.945,0.802
2026-08-31T20:45:00,machine-02,26.537,62.096,4.557,0.635
2026-08-31T20:46:00,machine-02,25.173,63.872,4.453,0.896
2026-08-31T20:47:00,machine-02,24.822,64.256,4.477,0.911
2026-08-31T20:48:00,machine-02,23.873,65.468,4.311,0.736
2026-08-31T20:49:00,machine-02,22.478,66.916,4.302,0.738
2026-08-31T20:50:00,machine-02,22.166,67.408,4.434,1.098
2026-08-31T20:51:00,machine-02,22.292,67.232,4.289,0.666
2026-08-31T20:52:00,machine-02,22.036,67.558,4.151,0.579
2026-08-31T20:53:00,machine-02,22.795,66.756,4.095,0.889
2026-08-31T20:54:00,machine-02,24.614,64.446,4.096,1.758
2026-08-31T20:55:00,machine-02,26.76,61.969,4.452,1.948
2026-08-31T20:56:00,machine-02,28.441,59.82,4.914,3.398
2026-08-31T20:57:00,machine-02,30.046,57.921,5.078,2.022
2026-08-31T20:58:00,machine-02,30.627,57.145,4.924,1.586
2026-08-31T20:59:00,machine-02,30.203,57.838,4.619,0.622
2026-08-31T21:00:00,machine-02,28.997,59.254,4.493,0.563
2026-08-31T21:01:00,machine-02,28.823,59.463,4.257,1.034
2026-08-31T21:02:00,machine-02,28.544,59.777,4.286,1.324
2026-08-31T21:03:00,machine-02,28.387,59.827,4.461,2.374
2026-08-31T21:04:00,machine-02,28.516,59.875,4.587,1.999
2026-08-31T21:05:00,machine-02,27.891,60.587,4.639,1.428
2026-08-31T21:06:00,machine-02,26.087,62.72,4.286,0.64
2026-08-31T21:07:00,machine-02,24.662,64.57,4.224,1.303
2026-08-31T21:08:00,machine-02,24.302,64.82,4.464,1.724
2026-08-31T21:09:00,machine-02,23.921,65.267,4.432,1.014
2026-08-31T21:10:00,machine-02,22.766,66.653,4.259,0.593
2026-08-31T21:11:00,machine-02,20.734,69.296,4.337,1.289
2026-08-31T21:12:00,machine-02,19.436,70.728,4.411,0.701
2026-08-31T21:13:00,machine-02,18.527,71.891,4.347,0.966
2026-08-31T21:14:00,machine-02,18.717,71.527,4.618,1.074
2026-08-31T21:15:00,machine-02,18.027,72.428,4.62,0.683
2026-08-31T21:16:00,machine-02,19.013,71.079,4.568,2.685
2026-08-31T21:17:00,machine-02,20.806,68.877,5.016,3.229
2026-08-31T21:18:00,machine-02,22.885,66.678,5.116,3.961
2026-08-31T21:19:00,machine-02,25.507,63.428,5.438,5.253
2026-08-31T21:20:00,machine-02,28.279,60.072,5.568,4.318
2026-08-31T21:21:00,machine-02,30.484,57.338,5.813,5.707
2026-08-31T21:22:00,machine-02,33.159,54.068,6.095,5.681
2026-08-31T21:23:00,machine-02,34.826,52.114,6.097,4.694
2026-08-31T21:24:00,machine-02,36.326,50.377,5.951,5.263
2026-08-31T21:25:00,machine-02,38.116,48.419,6.13,5.528
2026-08-31T21:26:00,machine-02,38.944,47.094,6.237,5.786
2026-08-31T21:27:00,machine-02,40.505,45.2,6.26,6.306
2026-08-31T21:28:00,machine-02,42.416,43.024,6.27,5.818
2026-08-31T21:29:00,machine-02,43.643,41.686,6.083,6.048
2026-08-31T21:30:00,machine-02,43.784,41.535,5.96,3.82
2026-08-31T21:31:00,machine-02,41.997,43.583,5.402,1.048
2026-08-31T21:32:00,machine-02,38.649,47.579,4.789,0.642
2026-08-31T21:33:00,machine-02,36.299,50.357,4.578,1.417
2026-08-31T21:34:00,machine-02,34.636,52.585,4.743,0.982
2026-08-31T21:35:00,machine-02,32.653,54.98,4.742,0.952
2026-08-31T21:36:00,machine-02,30.461,57.386,4.798,1.054
2026-08-31T21:37:00,machine-02,28.315,59.962,4.796,0.735
2026-08-31T21:38:00,machine-02,26.54,61.947,4.726,1.523
2026-08-31T21:39:00,machine-02,25.712,63.206,4.812,2.154
2026-08-31T21:40:00,machine-02,25.139,63.865,4.756,2.834
2026-08-31T21:41:00,machine-02,26.242,62.577,5.067,5.412
2026-08-31T21:42:00,machine-02,28.014,60.434,5.46,4.954
2026-08-31T21:43:00,machine-02,28.356,59.981,5.413,2.74
2026-08-31T21:44:00,machine-02,27.815,60.641,5.403,1.907
2026-08-31T21:45:00,machine-02,25.771,62.995,5.114,0.946
2026-08-31T21:46:00,machine-02,24.4,64.675,5.012,2.076
2026-08-31T21:47:00,machine-02,24.517,64.428,5.04,1.716
2026-08-31T21:48:00,machine-02,24.341,64.808,5.005,0.951
2026-08-31T21:49:00,machine-02,23.84,65.519,4.874,1.024
2026-08-31T21:50:00,machine-02,24.935,64.187,4.8,1.759
2026-08-31T21:51:00,machine-02,25.446,63.649,4.807,0.693
2026-08-31T21:52:00,machine-02,25.236,63.685,4.63,0.708
2026-08-31T21:53:00,machine-02,24.619,64.604,4.456,0.829
2026-08-31T21:54:00,machine-02,25.485,63.356,4.57,2.001
2026-08-31T21:55:00,machine-02,26.846,61.754,4.582,1.504
2026-08-31T21:56:00,machine-02,27.805,60.396,4.555,1.22
2026-08-31T21:57:00,machine-02,29.294,58.836,4.601,3.926
2026-08-31T21:58:00,machine-02,31.879,55.716,5.073,5.124
2026-08-31T21:59:00,machine-02,34.319,52.951,5.567,4.815
2026-08-31T22:00:00,machine-02,34.626,52.442,5.457,3.323
2026-08-31T22:01:00,machine-02,35.63,51.315,5.473,5.127
2026-08-31T22:02:00,machine-02,36.044,50.751,5.578,2.145
2026-08-31T22:03:00,machine-02,34.159,52.939,5.216,0.77
2026-08-31T22:04:00,machine-02,32.517,55.048,4.927,1.007
2026-08-31T22:05:00,machine-02,30.915,56.741,4.893,1.607
2026-08-31T22:06:00,machine-02,29.557,58.614,4.939,0.913
2026-08-31T22:07:00,machine-02,26.836,61.855,4.687,0.512
2026-08-31T22:08:00,machine-02,25.125,63.727,4.564,1.292
2026-08-31T22:09:00,machine-02,24.387,64.783,4.535,0.845
2026-08-31T22:10:00,machine-02,23.154,66.09,4.394,1.145
2026-08-31T22:11:00,machine-02,21.822,67.742,4.378,0.691
2026-08-31T22:12:00,machine-02,20.992,68.808,4.573,1.859
2026-08-31T22:13:00,machine-02,20.692,69.203,4.82,1.11
2026-08-31T22:14:00,machine-02,20.508,69.432,4.552,1.95
2026-08-31T22:15:00,machine-02,21.26,68.36,4.756,3.5
2026-08-31T22:16:00,machine-02,23.176,66.118,5.104,4.937
2026-08-31T22:17:00,machine-02,25.685,63.27,5.478,5.257
2026-08-31T22:18:00,machine-02,28.754,59.477,5.785,6.239
2026-08-31T22:19:00,machine-02,30.95,56.846,5.968,4.165
2026-08-31T22:20:00,machine-02,31.937,55.797,5.901,3.921
2026-08-31T22:21:00,machine-02,32.867,54.43,5.866,4.95
2026-08-31T22:22:00,machine-02,34.361,52.608,5.955,6.011
2026-08-31T22:23:00,machine-02,36.08,50.641,6.088,6.068
2026-08-31T22:24:00,machine-02,37.562,48.889,6.057,4.667
2026-08-31T22:25:00,machine-02,39.034,47.065,6.073,5.682
2026-08-31T22:26:00,machine-02,40.583,45.259,6.045,5.398
2026-08-31T22:27:00,machine-02,41.725,43.946,6.154,6.065
2026-08-31T22:28:00,machine-02,42.499,42.991,6.19,5.291
2026-08-31T22:29:00,machine-02,42.556,42.931,6.064,3.522
2026-08-31T22:30:00,machine-02,42.108,43.522,5.903,4.321
2026-08-31T22:31:00,machine-02,42.227,43.141,5.993,4.22
2026-08-31T22:32:00,machine-02,42.424,43.119,6.025,5.528
2026-08-31T22:33:00,machine-02,42.286,43.321,5.966,4.73
2026-08-31T22:34:00,machine-02,41.731,43.793,6.098,5.94
2026-08-31T22:35:00,machine-02,40.379,45.5,6.101,3.902
2026-08-31T22:36:00,machine-02,38.905,47.193,5.965,4.31
2026-08-31T22:37:00,machine-02,38.478,47.637,6.0,4.957
2026-08-31T22:38:00,machine-02,37.559,48.949,6.076,4.513
2026-08-31T22:39:00,machine-02,37.549,48.808,6.123,5.766
2026-08-31T22:40:00,machine-02,37.398,49.239,6.338,4.713
2026-08-31T22:41:00,machine-02,35.854,50.98,6.171,3.115
2026-08-31T22:42:00,machine-02,34.04,53.091,5.827,3.309
2026-08-31T22:43:00,machine-02,32.063,55.416,5.781,3.967
2026-08-31T22:44:00,machine-02,31.478,56.199,5.766,3.317
2026-08-31T22:45:00,machine-02,29.482,58.475,5.3,0.61
2026-08-31T22:46:00,machine-02,26.824,61.839,4.904,0.669
2026-08-31T22:47:00,machine-02,25.292,63.763,4.551,0.607
2026-08-31T22:48:00,machine-02,23.413,65.985,4.327,0.546
2026-08-31T22:49:00,machine-02,21.79,67.822,4.126,0.606
2026-08-31T22:50:00,machine-02,20.96,68.794,4.03,0.879
2026-08-31T22:51:00,machine-02,21.865,67.795,4.207,2.386
2026-08-31T22:52:00,machine-02,24.565,64.76,4.79,3.536
2026-08-31T22:53:00,machine-02,27.747,60.677,5.189,5.022
2026-08-31T22:54:00,machine-02,31.22,56.494,5.529,6.114
2026-08-31T22:55:00,machine-02,34.137,52.979,5.694,5.98
2026-08-31T22:56:00,machine-02,36.317,50.528,5.936,5.351
2026-08-31T22:57:00,machine-02,37.564,48.699,5.969,5.428
2026-08-31T22:58:00,machine-02,39.262,47.097,6.052,5.481
2026-08-31T22:59:00,machine-02,40.487,45.44,6.198,5.509
2026-08-31T23:00:00,machine-02,42.431,43.214,6.347,5.495
2026-08-31T23:01:00,machine-02,42.88,42.418,6.257,5.54
2026-08-31T23:02:00,machine-02,42.918,42.589,6.359,6.009
2026-08-31T23:03:00,machine-02,42.645,42.872,6.358,5.687
2026-08-31T23:04:00,machine-02,42.591,42.973,6.284,6.205
2026-08-31T23:05:00,machine-02,42.507,42.993,6.417,6.376
2026-08-31T23:06:00,machine-02,42.741,42.741,6.462,5.972
2026-08-31T23:07:00,machine-02,42.214,43.344,6.487,5.282
2026-08-31T23:08:00,machine-02,41.82,43.952,6.438,5.464
2026-08-31T23:09:00,machine-02,40.816,45.008,6.388,4.517
2026-08-31T23:10:00,machine-02,38.533,47.808,6.029,2.746
2026-08-31T23:11:00,machine-02,35.776,51.032,5.592,2.774
2026-08-31T23:12:00,machine-02,34.118,53.042,5.366,2.593
2026-08-31T23:13:00,machine-02,32.884,54.594,5.405,4.782
2026-08-31T23:14:00,machine-02,32.696,54.7,5.916,5.306
2026-08-31T23:15:00,machine-02,32.914,54.426,6.219,4.458
2026-08-31T23:16:00,machine-02,31.71,55.789,6.004,1.627
2026-08-31T23:17:00,machine-02,29.969,57.885,5.659,1.822
2026-08-31T23:18:00,machine-02,29.103,58.908,5.544,2.107
2026-08-31T23:19:00,machine-02,28.213,60.169,5.017,1.093
2026-08-31T23:20:00,machine-02,27.184,61.347,4.718,0.742
2026-08-31T23:21:00,machine-02,26.963,61.809,4.571,0.791
2026-08-31T23:22:00,machine-02,27.028,61.768,4.481,0.66
2026-08-31T23:23:00,machine-02,26.079,62.639,4.345,0.586
2026-08-31T23:24:00,machine-02,25.278,63.547,4.178,0.875
2026-08-31T23:25:00,machine-02,25.267,63.538,4.33,1.855
2026-08-31T23:26:00,machine-02,26.036,62.946,4.565,1.188
2026-08-31T23:27:00,machine-02,26.878,61.688,4.484,1.044
2026-08-31T23:28:00,machine-02,26.875,61.614,4.489,0.606
2026-08-31T23:29:00,machine-02,26.897,61.594,4.507,1.348
2026-08-31T23:30:00,machine-02,27.955,60.373,4.747,2.028
2026-08-31T23:31:00,machine-02,27.663,60.691,4.844,0.771
2026-08-31T23:32:00,machine-02,26.659,62.036,4.715,0.771
2026-08-31T23:33:00,machine-02,26.357,62.333,4.511,1.214
2026-08-31T23:34:00,machine-02,26.796,61.88,4.663,1.456
2026-08-31T23:35:00,machine-02,27.158,61.486,4.752,1.89
2026-08-31T23:36:00,machine-02,27.287,61.257,4.604,1.237
2026-08-31T23:37:00,machine-02,25.967,62.718,4.393,0.727
2026-08-31T23:38:00,machine-02,24.878,64.153,4.485,1.421
2026-08-31T23:39:00,machine-02,24.224,64.955,4.534,1.419
2026-08-31T23:40:00,machine-02,23.738,65.532,4.6,1.453
2026-08-31T23:41:00,machine-02,23.463,65.862,4.767,1.564
2026-08-31T23:42:00,machine-02,22.724,66.879,4.818,0.747
2026-08-31T23:43:00,machine-02,21.048,68.73,4.69,1.087
2026-08-31T23:44:00,machine-02,19.787,70.353,4.661,0.782
2026-08-31T23:45:00,machine-02,18.885,71.41,4.117,0.607
2026-08-31T23:46:00,machine-02,18.446,71.987,4.041,1.716
2026-08-31T23:47:00,machine-02,20.929,68.928,4.863,5.9
2026-08-31T23:48:00,machine-02,24.088,65.133,5.531,4.805
2026-08-31T23:49:00,machine-02,26.57,62.126,5.744,4.512
2026-08-31T23:50:00,machine-02,28.978,59.205,6.01,6.029
2026-08-31T23:51:00,machine-02,31.707,55.881,6.152,5.868
2026-08-31T23:52:00,machine-02,31.975,55.527,5.872,2.156
2026-08-31T23:53:00,machine-02,31.94,55.623,5.723,2.476
2026-08-31T23:54:00,machine-02,33.025,54.475,5.575,2.983
2026-08-31T23:55:00,machine-02,34.449,52.562,5.584,3.827
2026-08-31T23:56:00,machine-02,35.048,51.855,5.262,2.133
2026-08-31T23:57:00,machine-02,35.776,51.024,5.433,4.497
2026-08-31T23:58:00,machine-02,36.885,49.993,5.76,4.497
2026-08-31T23:59:00,machine-02,38.021,48.353,5.984,5.375
2026-09-01T00:00:00,machine-02,39.459,46.782,6.09,5.476
2026-09-01T00:01:00,machine-02,40.361,45.765,6.296,5.689
2026-09-01T00:02:00,machine-02,40.747,45.164,6.216,5.127
2026-09-01T00:03:00,machine-02,41.399,44.424,6.218,5.33
2026-09-01T00:04:00,machine-02,40.075,45.816,5.913,3.242
2026-09-01T00:05:00,machine-02,39.287,46.904,5.721,4.637
2026-09-01T00:06:00,machine-02,38.387,47.753,5.756,3.581
2026-09-01T00:07:00,machine-02,36.521,50.088,5.596,2.936
2026-09-01T00:08:00,machine-02,35.246,51.644,5.364,2.814
2026-09-01T00:09:00,machine-02,33.756,53.482,5.057,2.068
2026-09-01T00:10:00,machine-02,31.685,55.957,4.938,1.725
2026-09-01T00:11:00,machine-02,29.474,58.504,4.825,1.651
2026-09-01T00:12:00,machine-02,28.829,59.418,4.936,3.989
2026-09-01T00:13:00,machine-02,29.084,59.088,5.218,4.745
2026-09-01T00:14:00,machine-02,29.467,58.55,5.399,6.07
2026-09-01T00:15:00,machine-02,30.214,57.801,5.511,5.333
2026-09-01T00:16:00,machine-02,31.528,56.166,5.854,5.644
2026-09-01T00:17:00,machine-02,33.195,54.129,5.991,4.83
2026-09-01T00:18:00,machine-02,32.864,54.512,5.827,2.272
2026-09-01T00:19:00,machine-02,32.464,54.99,5.667,1.8
2026-09-01T00:20:00,machine-02,31.285,56.542,5.294,1.142
2026-09-01T00:21:00,machine-02,29.699,58.434,4.846,1.109
2026-09-01T00:22:00,machine-02,29.714,58.427,4.674,3.564
2026-09-01T00:23:00,machine-02,32.325,55.19,5.339,6.034
2026-09-01T00:24:00,machine-02,35.39,51.616,5.894,5.948
2026-09-01T00:25:00,machine-02,37.265,49.093,6.02,5.191
2026-09-01T00:26:00,machine-02,39.034,47.281,6.174,5.737
2026-09-01T00:27:00,machine-02,39.781,46.253,6.11,3.793
2026-09-01T00:28:00,machine-02,39.609,46.387,5.985,3.585
2026-09-01T00:29:00,machine-02,40.262,45.668,5.889,5.149
2026-09-01T00:30:00,machine-02,41.876,43.713,5.931,5.133
2026-09-01T00:31:00,machine-02,41.927,43.662,5.866,3.65
2026-09-01T00:32:00,machine-02,41.464,44.277,5.952,4.935
2026-09-01T00:33:00,machine-02,41.413,44.301,6.072,5.395
2026-09-01T00:34:00,machine-02,41.5,44.374,6.122,5.856
2026-09-01T00:35:00,machine-02,41.548,44.274,6.246,6.329
2026-09-01T00:36:00,machine-02,41.266,44.471,6.434,5.384
2026-09-01T00:37:00,machine-02,41.067,44.83,6.348,5.394
2026-09-01T00:38:00,machine-02,39.862,46.083,6.146,3.571
2026-09-01T00:39:00,machine-02,37.572,48.821,6.024,2.76
2026-09-01T00:40:00,machine-02,35.452,51.541,5.746,3.065
2026-09-01T00:41:00,machine-02,33.267,54.064,5.438,2.829
2026-09-01T00:42:00,machine-02,31.067,56.634,5.236,1.873
2026-09-01T00:43:00,machine-02,28.725,59.37,5.198,1.533
2026-09-01T00:44:00,machine-02,28.19,60.161,5.249,3.344
2026-09-01T00:45:00,machine-02,29.12,59.102,5.499,4.328
2026-09-01T00:46:00,machine-02,29.905,58.119,5.652,5.721
2026-09-01T00:47:00,machine-02,31.656,55.969,5.76,4.914
2026-09-01T00:48:00,machine-02,31.169,56.663,5.453,1.687
2026-09-01T00:49:00,machine-02,30.059,57.948,5.179,1.831
2026-09-01T00:50:00,machine-02,29.775,58.334,5.052,1.987
2026-09-01T00:51:00,machine-02,29.499,58.735,5.041,2.616
2026-09-01T00:52:00,machine-02,31.209,56.45,5.112,2.925
2026-09-01T00:53:00,machine-02,31.862,55.892,5.291,2.913
2026-09-01T00:54:00,machine-02,32.164,55.555,5.323,2.331
2026-09-01T00:55:00,machine-02,32.571,54.963,5.373,2.267
2026-09-01T00:56:00,machine-02,32.533,54.996,5.298,2.568
2026-09-01T00:57:00,machine-02,33.51,53.807,5.356,4.882
2026-09-01T00:58:00,machine-02,35.517,51.462,5.63,4.365
2026-09-01T00:59:00,machine-02,36.698,49.989,5.634,3.607
2026-09-01T01:00:00,machine-02,37.971,48.396,5.678,5.873
2026-09-01T01:01:00,machine-02,39.501,46.529,5.882,5.547
2026-09-01T01:02:00,machine-02,39.376,46.753,5.693,4.036
2026-09-01T01:03:00,machine-02,39.287,46.916,5.782,3.893
2026-09-01T01:04:00,machine-02,37.931,48.379,5.655,1.976
2026-09-01T01:05:00,machine-02,36.129,50.639,5.379,1.561
2026-09-01T01:06:00,machine-02,35.179,51.58,5.262,2.44
2026-09-01T01:07:00,machine-02,33.289,54.087,5.317,1.925
2026-09-01T01:08:00,machine-02,31.471,56.19,5.232,1.253
2026-09-01T01:09:00,machine-02,29.022,59.253,5.016,1.004
2026-09-01T01:10:00,machine-02,26.611,62.059,4.853,0.552
2026-09-01T01:11:00,machine-02,24.358,64.866,4.558,0.691
2026-09-01T01:12:00,machine-02,22.615,67.065,4.609,0.619
2026-09-01T01:13:00,machine-02,21.654,68.082,4.534,0.909
2026-09-01T01:14:00,machine-02,20.509,69.425,4.451,0.638
2026-09-01T01:15:00,machine-02,19.935,70.143,4.61,1.156
2026-09-01T01:16:00,machine-02,19.521,70.681,4.566,0.909
2026-09-01T01:17:00,machine-02,19.538,70.471,4.627,1.765
2026-09-01T01:18:00,machine-02,21.05,68.864,5.046,2.624
2026-09-01T01:19:00,machine-02,21.637,68.057,4.929,0.756
2026-09-01T01:20:00,machine-02,21.912,67.575,4.632,0.785
2026-09-01T01:21:00,machine-02,22.166,67.503,4.512,0.84
2026-09-01T01:22:00,machine-02,22.042,67.578,4.371,0.599
2026-09-01T01:23:00,machine-02,21.66,67.801,4.294,0.805
2026-09-01T01:24:00,machine-02,22.417,67.225,4.258,1.472
2026-09-01T01:25:00,machine-02,24.313,64.58,4.492,1.786
2026-09-01T01:26:00,machine-02,25.109,63.84,4.584,0.695
2026-09-01T01:27:00,machine-02,25.963,62.811,4.487,2.007
2026-09-01T01:28:00,machine-02,28.854,59.292,4.705,4.721
2026-09-01T01:29:00,machine-02,31.572,56.215,5.371,5.152
2026-09-01T01:30:00,machine-02,34.188,53.1,5.724,5.879
2026-09-01T01:31:00,machine-02,35.885,50.909,5.778,4.864
2026-09-01T01:32:00,machine-02,36.929,49.644,5.776,4.403
2026-09-01T01:33:00,machine-02,37.068,49.625,5.818,2.847
2026-09-01T01:34:00,machine-02,35.655,51.397,5.358,1.437
2026-09-01T01:35:00,machine-02,33.863,53.351,4.776,0.887
2026-09-01T01:36:00,machine-02,31.84,55.668,4.679,2.239
2026-09-01T01:37:00,machine-02,31.149,56.62,5.145,3.562
2026-09-01T01:38:00,machine-02,31.347,56.648,5.495,4.863
2026-09-01T01:39:00,machine-02,31.93,55.722,5.694,5.81
2026-09-01T01:40:00,machine-02,33.02,54.517,5.849,5.067
2026-09-01T01:41:00,machine-02,33.25,54.049,6.048,5.151
2026-09-01T01:42:00,machine-02,33.704,53.474,5.937,5.287
2026-09-01T01:43:00,machine-02,33.155,54.095,5.846,4.116
2026-09-01T01:44:00,machine-02,31.816,55.847,5.764,3.009
2026-09-01T01:45:00,machine-02,30.684,57.095,5.536,2.559
2026-09-01T01:46:00,machine-02,29.445,58.766,5.325,1.847
2026-09-01T01:47:00,machine-02,28.157,60.268,5.27,1.642
2026-09-01T01:48:00,machine-02,26.906,61.775,4.982,0.739
2026-09-01T01:49:00,machine-02,25.106,63.729,4.548,0.706
2026-09-01T01:50:00,machine-02,24.31,64.828,4.399,1.023
2026-09-01T01:51:00,machine-02,24.634,64.567,4.532,1.846
2026-09-01T01:52:00,machine-02,25.14,63.709,4.803,1.915
2026-09-01T01:53:00,machine-02,26.671,62.013,4.978,3.525
2026-09-01T01:54:00,machine-02,28.389,59.986,5.031,1.493
2026-09-01T01:55:00,machine-02,29.253,58.858,4.995,1.962
2026-09-01T01:56:00,machine-02,30.661,57.263,4.926,1.546
2026-09-01T01:57:00,machine-02,30.84,56.889,4.734,1.87
2026-09-01T01:58:00,machine-02,31.374,56.546,5.051,3.065
2026-09-01T01:59:00,machine-02,32.806,54.585,5.366,3.763
2026-09-01T02:00:00,machine-02,34.468,52.578,5.638,4.383
2026-09-01T02:01:00,machine-02,35.82,51.127,5.665,4.212
2026-09-01T02:02:00,machine-02,36.742,49.862,5.712,3.925
2026-09-01T02:03:00,machine-02,35.62,51.177,5.363,1.732
2026-09-01T02:04:00,machine-02,34.779,52.41,5.2,2.614
2026-09-01T02:05:00,machine-02,34.03,53.07,5.22,3.511
2026-09-01T02:06:00,machine-02,32.99,54.55,5.224,2.914
2026-09-01T02:07:00,machine-02,31.384,56.585,5.125,2.593
2026-09-01T02:08:00,machine-02,30.626,57.394,5.162,2.551
2026-09-01T02:09:00,machine-02,30.577,57.331,5.445,3.699
2026-09-01T02:10:00,machine-02,29.08,59.206,5.33,0.771
2026-09-01T02:11:00,machine-02,26.549,62.196,4.931,0.684
2026-09-01T02:12:00,machine-02,24.783,64.169,4.722,1.814
2026-09-01T02:13:00,machine-02,24.255,64.908,4.659,2.019
2026-09-01T02:14:00,machine-02,23.709,65.506,4.624,1.124
2026-09-01T02:15:00,machine-02,22.255,67.229,4.444,0.562
2026-09-01T02:16:00,machine-02,21.124,68.686,4.411,0.976
2026-09-01T02:17:00,machine-02,21.212,68.543,4.41,1.67
2026-09-01T02:18:00,machine-02,21.343,68.363,4.573,1.39
2026-09-01T02:19:00,machine-02,22.136,67.425,4.892,2.968
2026-09-01T02:20:00,machine-02,23.556,65.744,4.898,2.824
2026-09-01T02:21:00,machine-02,24.329,64.941,4.874,0.893
2026-09-01T02:22:00,machine-02,24.762,64.239,4.643,2.079
2026-09-01T02:23:00,machine-02,27.27,61.262,4.906,3.403
2026-09-01T02:24:00,machine-02,29.077,58.983,5.111,3.069
2026-09-01T02:25:00,machine-02,30.372,57.4,5.196,2.652
2026-09-01T02:26:00,machine-02,30.943,56.837,5.141,3.518
2026-09-01T02:27:00,machine-02,32.745,54.688,5.27,3.646
2026-09-01T02:28:00,machine-02,33.558,53.645,5.419,3.213
2026-09-01T02:29:00,machine-02,34.673,52.421,5.561,4.012
2026-09-01T02:30:00,machine-02,35.343,51.586,5.495,2.729
2026-09-01T02:31:00,machine-02,35.775,51.14,5.511,3.084
2026-09-01T02:32:00,machine-02,35.672,51.128,5.545,2.929
2026-09-01T02:33:00,machine-02,34.612,52.448,5.557,2.992
2026-09-01T02:34:00,machine-02,33.931,53.237,5.649,3.931
2026-09-01T02:35:00,machine-02,33.906,53.486,5.855,4.681
2026-09-01T02:36:00,machine-02,34.277,52.978,5.882,5.041
2026-09-01T02:37:00,machine-02,35.202,51.787,5.944,4.382
2026-09-01T02:38:00,machine-02,35.262,51.776,5.707,3.949
2026-09-01T02:39:00,machine-02,35.063,51.775,5.759,4.429
2026-09-01T02:40:00,machine-02,34.636,52.555,5.822,5.656
2026-09-01T02:41:00,machine-02,34.544,52.601,5.994,5.863
2026-09-01T02:42:00,machine-02,34.579,52.529,5.978,5.698
2026-09-01T02:43:00,machine-02,34.583,52.452,5.852,4.085
2026-09-01T02:44:00,machine-02,34.079,53.077,5.792,3.986
2026-09-01T02:45:00,machine-02,33.469,53.942,5.85,3.843
2026-09-01T02:46:00,machine-02,33.145,54.14,5.882,3.056
2026-09-01T02:47:00,machine-02,31.39,56.389,5.651,0.987
2026-09-01T02:48:00,machine-02,28.959,59.274,5.485,1.325
2026-09-01T02:49:00,machine-02,28.25,60.104,5.34,2.126
2026-09-01T02:50:00,machine-02,29.49,58.57,5.328,3.659
2026-09-01T02:51:00,machine-02,31.314,56.396,5.331,3.262
2026-09-01T02:52:00,machine-02,31.749,55.733,5.294,1.634
2026-09-01T02:53:00,machine-02,30.146,57.753,4.807,0.582
2026-09-01T02:54:00,machine-02,29.529,58.501,4.586,0.919
2026-09-01T02:55:00,machine-02,28.753,59.331,4.745,0.832
2026-09-01T02:56:00,machine-02,27.846,60.603,4.543,0.736
2026-09-01T02:57:00,machine-02,27.193,61.427,4.335,0.671
2026-09-01T02:58:00,machine-02,27.771,60.783,4.406,1.353
2026-09-01T02:59:00,machine-02,29.376,58.713,4.544,1.673
2026-09-01T03:00:00,machine-02,29.875,58.149,4.489,1.392
2026-09-01T03:01:00,machine-02,29.546,58.565,4.529,1.782
2026-09-01T03:02:00,machine-02,30.283,57.748,4.751,3.214
2026-09-01T03:03:00,machine-02,31.219,56.602,4.949,2.769
2026-09-01T03:04:00,machine-02,31.589,56.211,4.949,1.687
2026-09-01T03:05:00,machine-02,30.934,56.928,5.114,2.555
2026-09-01T03:06:00,machine-02,30.5,57.272,5.105,1.751
2026-09-01T03:07:00,machine-02,29.044,59.125,4.851,1.027
2026-09-01T03:08:00,machine-02,27.449,61.075,4.92,1.97
2026-09-01T03:09:00,machine-02,27.363,61.015,5.137,3.823
2026-09-01T03:10:00,machine-02,27.275,61.316,5.203,2.41
2026-09-01T03:11:00,machine-02,26.013,62.724,4.886,1.405
2026-09-01T03:12:00,machine-02,25.155,63.966,4.804,1.582
2026-09-01T03:13:00,machine-02,24.331,64.91,4.73,0.991
2026-09-01T03:14:00,machine-02,23.0,66.295,4.531,1.112
2026-09-01T03:15:00,machine-02,22.495,66.928,4.832,2.547
2026-09-01T03:16:00,machine-02,23.353,66.022,5.075,4.083
2026-09-01T03:17:00,machine-02,24.938,64.218,5.617,4.933
2026-09-01T03:18:00,machine-02,26.95,61.662,5.837,3.515
2026-09-01T03:19:00,machine-02,28.554,59.977,5.932,3.18
2026-09-01T03:20:00,machine-02,29.806,58.325,5.808,3.233
2026-09-01T03:21:00,machine-02,31.403,56.366,5.677,3.885
2026-09-01T03:22:00,machine-02,32.256,55.191,5.632,3.651
2026-09-01T03:23:00,machine-02,32.379,55.153,5.405,1.672
2026-09-01T03:24:00,machine-02,31.684,56.166,5.155,1.408
2026-09-01T03:25:00,machine-02,30.77,57.11,4.876,1.025
2026-09-01T03:26:00,machine-02,31.378,56.331,4.631,1.649
2026-09-01T03:27:00,machine-02,31.609,56.032,4.793,2.075
2026-09-01T03:28:00,machine-02,32.047,55.661,5.0,1.915
2026-09-01T03:29:00,machine-02,32.131,55.543,5.124,2.273
2026-09-01T03:30:00,machine-02,32.449,54.916,5.221,2.427
2026-09-01T03:31:00,machine-02,32.821,54.677,5.455,3.012
2026-09-01T03:32:00,machine-02,32.469,55.043,5.491,2.518
2026-09-01T03:33:00,machine-02,32.743,54.846,5.451,3.932
2026-09-01T03:34:00,machine-02,34.048,53.341,5.613,4.088
2026-09-01T03:35:00,machine-02,33.194,54.051,5.265,1.433
2026-09-01T03:36:00,machine-02,30.907,56.83,5.042,1.56
2026-09-01T03:37:00,machine-02,29.773,58.411,5.22,2.494
2026-09-01T03:38:00,machine-02,28.957,59.284,5.191,2.168
2026-09-01T03:39:00,machine-02,27.897,60.533,5.068,1.229
2026-09-01T03:40:00,machine-02,26.052,62.667,4.937,1.783
2026-09-01T03:41:00,machine-02,24.707,64.301,4.877,1.636
2026-09-01T03:42:00,machine-02,24.15,64.941,4.721,1.268
2026-09-01T03:43:00,machine-02,23.281,65.925,4.682,1.163
2026-09-01T03:44:00,machine-02,22.511,67.073,4.627,0.917
2026-09-01T03:45:00,machine-02,21.266,68.57,4.48,0.682
2026-09-01T03:46:00,machine-02,21.143,68.674,4.614,0.594
2026-09-01T03:47:00,machine-02,20.733,69.052,4.531,0.924
2026-09-01T03:48:00,machine-02,21.296,68.429,4.709,1.629
2026-09-01T03:49:00,machine-02,21.909,67.591,4.785,1.62
2026-09-01T03:50:00,machine-02,22.593,66.834,4.76,1.456
2026-09-01T03:51:00,machine-02,23.134,66.188,4.684,1.426
2026-09-01T03:52:00,machine-02,24.262,64.942,4.859,1.12
2026-09-01T03:53:00,machine-02,24.915,63.963,4.82,1.414
2026-09-01T03:54:00,machine-02,25.705,63.119,4.842,1.117
2026-09-01T03:55:00,machine-02,26.704,61.966,4.756,2.362
2026-09-01T03:56:00,machine-02,28.765,59.449,4.911,3.007
2026-09-01T03:57:00,machine-02,29.866,58.025,5.115,1.747
2026-09-01T03:58:00,machine-02,29.625,58.486,4.907,1.346
2026-09-01T03:59:00,machine-02,30.008,57.757,4.977,2.704
2026-09-01T04:00:00,machine-02,31.609,56.181,5.006,2.58
2026-09-01T04:01:00,machine-02,31.589,56.0,4.851,0.755
2026-09-01T04:02:00,machine-02,30.439,57.353,4.571,0.708
2026-09-01T04:03:00,machine-02,29.23,58.82,4.741,1.284
2026-09-01T04:04:00,machine-02,28.196,60.293,4.872,1.959
2026-09-01T04:05:00,machine-02,28.85,59.507,5.263,4.482
2026-09-01T04:06:00,machine-02,30.862,56.834,5.694,6.247
2026-09-01T04:07:00,machine-02,32.292,55.168,6.018,4.911
2026-09-01T04:08:00,machine-02,32.517,55.003,5.996,3.538
2026-09-01T04:09:00,machine-02,32.54,54.827,5.916,4.959
2026-09-01T04:10:00,machine-02,32.861,54.375,6.003,5.001
2026-09-01T04:11:00,machine-02,31.484,56.197,5.753,2.559
2026-09-01T04:12:00,machine-02,30.093,57.926,5.606,2.133
2026-09-01T04:13:00,machine-02,28.102,60.307,5.392,1.132
2026-09-01T04:14:00,machine-02,25.978,62.882,4.909,0.885
2026-09-01T04:15:00,machine-02,24.7,64.319,4.532,0.64
2026-09-01T04:16:00,machine-02,23.348,65.959,4.461,0.654
2026-09-01T04:17:00,machine-02,22.261,67.544,4.35,1.035
2026-09-01T04:18:00,machine-02,22.12,67.539,4.477,1.231
2026-09-01T04:19:00,machine-02,22.643,66.774,4.421,0.852
2026-09-01T04:20:00,machine-02,22.406,67.189,4.309,0.584
2026-09-01T04:21:00,machine-02,22.923,66.5,4.553,2.799
2026-09-01T04:22:00,machine-02,26.485,62.074,5.001,5.278
2026-09-01T04:23:00,machine-02,28.81,59.46,5.321,2.985
2026-09-01T04:24:00,machine-02,30.065,57.782,5.358,3.055
2026-09-01T04:25:00,machine-02,31.108,56.467,5.41,2.332
2026-09-01T04:26:00,machine-02,32.232,55.238,5.389,3.09
2026-09-01T04:27:00,machine-02,34.52,52.622,5.597,5.606
2026-09-01T04:28:00,machine-02,36.697,49.923,5.794,3.942
2026-09-01T04:29:00,machine-02,37.924,48.265,5.827,3.844
2026-09-01T04:30:00,machine-02,39.076,46.997,5.873,4.663
2026-09-01T04:31:00,machine-02,38.795,47.487,5.81,3.94
2026-09-01T04:32:00,machine-02,38.644,47.566,5.642,4.347
2026-09-01T04:33:00,machine-02,39.357,46.728,5.846,5.384
2026-09-01T04:34:00,machine-02,39.674,46.491,5.858,4.998
2026-09-01T04:35:00,machine-02,40.066,45.833,6.089,5.74
2026-09-01T04:36:00,machine-02,39.788,46.391,6.104,4.808
2026-09-01T04:37:00,machine-02,39.141,47.109,6.165,5.79
2026-09-01T04:38:00,machine-02,38.931,47.308,6.186,6.045
2026-09-01T04:39:00,machine-02,38.685,47.524,6.298,5.154
2026-09-01T04:40:00,machine-02,37.048,49.543,6.171,4.487
2026-09-01T04:41:00,machine-02,35.873,51.158,6.122,4.336
2026-09-01T04:42:00,machine-02,35.96,50.968,6.229,5.833
2026-09-01T04:43:00,machine-02,36.223,50.563,6.297,4.992
2026-09-01T04:44:00,machine-02,35.3,51.564,6.129,4.222
2026-09-01T04:45:00,machine-02,34.509,52.491,6.126,5.481
2026-09-01T04:46:00,machine-02,34.396,52.7,6.042,5.158
2026-09-01T04:47:00,machine-02,34.435,52.653,5.972,4.119
2026-09-01T04:48:00,machine-02,34.272,52.81,6.1,5.248
2026-09-01T04:49:00,machine-02,35.182,51.712,6.186,5.465
2026-09-01T04:50:00,machine-02,36.409,50.519,6.058,4.713
2026-09-01T04:51:00,machine-02,36.92,49.71,5.653,2.97
2026-09-01T04:52:00,machine-02,36.459,50.287,5.316,2.077
2026-09-01T04:53:00,machine-02,34.978,52.067,4.982,0.934
2026-09-01T04:54:00,machine-02,33.565,53.657,4.623,1.067
2026-09-01T04:55:00,machine-02,32.817,54.51,4.57,1.747
2026-09-01T04:56:00,machine-02,33.291,53.857,4.82,3.021
2026-09-01T04:57:00,machine-02,34.678,52.5,5.022,2.295
2026-09-01T04:58:00,machine-02,34.453,52.579,4.756,1.343
2026-09-01T04:59:00,machine-02,34.718,52.146,4.728,2.819
2026-09-01T05:00:00,machine-02,34.996,52.19,5.045,3.02
2026-09-01T05:01:00,machine-02,34.702,52.444,5.212,2.789
2026-09-01T05:02:00,machine-02,34.55,52.633,5.272,3.69
2026-09-01T05:03:00,machine-02,35.835,51.064,5.535,4.301
2026-09-01T05:04:00,machine-02,36.597,50.062,5.646,4.145
2026-09-01T05:05:00,machine-02,36.409,50.446,5.74,4.507
2026-09-01T05:06:00,machine-02,36.226,50.453,5.65,4.795
2026-09-01T05:07:00,machine-02,35.75,50.98,5.748,4.77
2026-09-01T05:08:00,machine-02,34.755,52.418,5.732,4.1
2026-09-01T05:09:00,machine-02,33.448,53.815,5.49,2.466
2026-09-01T05:10:00,machine-02,31.33,56.34,5.108,1.445
2026-09-01T05:11:00,machine-02,28.931,59.344,4.841,0.588
2026-09-01T05:12:00,machine-02,26.424,62.171,4.584,0.583
2026-09-01T05:13:00,machine-02,24.228,65.083,4.458,0.655
2026-09-01T05:14:00,machine-02,22.582,66.916,4.421,0.928
2026-09-01T05:15:00,machine-02,21.576,68.0,4.43,1.096
2026-09-01T05:16:00,machine-02,21.231,68.41,4.536,1.591
2026-09-01T05:17:00,machine-02,21.202,68.427,4.631,2.324
2026-09-01T05:18:00,machine-02,22.593,66.896,4.791,2.489
2026-09-01T05:19:00,machine-02,24.699,64.274,4.965,5.467
2026-09-01T05:20:00,machine-02,27.32,61.225,5.507,6.08
2026-09-01T05:21:00,machine-02,30.212,57.682,5.844,5.905
2026-09-01T05:22:00,machine-02,33.162,54.003,6.178,5.426
2026-09-01T05:23:00,machine-02,35.429,51.494,6.182,5.294
2026-09-01T05:24:00,machine-02,37.467,48.99,6.236,4.761
2026-09-01T05:25:00,machine-02,38.345,47.94,6.118,3.968
2026-09-01T05:26:00,machine-02,39.267,46.798,6.183,4.701
2026-09-01T05:27:00,machine-02,39.587,46.478,5.94,3.077
2026-09-01T05:28:00,machine-02,39.463,46.568,5.73,4.008
2026-09-01T05:29:00,machine-02,40.386,45.533,5.834,5.279
2026-09-01T05:30:00,machine-02,41.453,44.423,5.864,5.454
2026-09-01T05:31:00,machine-02,42.3,43.173,5.962,5.728
2026-09-01T05:32:00,machine-02,43.253,41.901,6.111,5.615
2026-09-01T05:33:00,machine-02,43.656,41.593,6.251,5.825
2026-09-01T05:34:00,machine-02,42.688,42.793,6.289,5.396
2026-09-01T05:35:00,machine-02,42.058,43.55,6.185,5.292
2026-09-01T05:36:00,machine-02,41.62,44.104,5.978,5.187
2026-09-01T05:37:00,machine-02,40.818,45.091,6.037,5.913
2026-09-01T05:38:00,machine-02,40.65,45.069,6.031,5.365
2026-09-01T05:39:00,machine-02,40.01,46.047,5.93,4.888
2026-09-01T05:40:00,machine-02,39.194,47.09,6.027,5.226
2026-09-01T05:41:00,machine-02,38.0,48.279,5.844,3.887
2026-09-01T05:42:00,machine-02,36.27,50.426,5.79,3.827
2026-09-01T05:43:00,machine-02,33.48,53.899,5.608,1.47
2026-09-01T05:44:00,machine-02,29.933,58.077,5.254,1.21
2026-09-01T05:45:00,machine-02,27.432,60.821,5.068,0.702
2026-09-01T05:46:00,machine-02,25.738,63.067,4.817,1.33
2026-09-01T05:47:00,machine-02,26.054,62.633,4.943,2.061
2026-09-01T05:48:00,machine-02,26.498,61.852,5.034,2.974
2026-09-01T05:49:00,machine-02,27.708,60.733,5.152,3.286
2026-09-01T05:50:00,machine-02,28.687,59.755,5.203,3.83
2026-09-01T05:51:00,machine-02,30.821,56.976,5.439,5.164
2026-09-01T05:52:00,machine-02,33.52,53.756,5.822,4.358
2026-09-01T05:53:00,machine-02,34.463,52.79,5.746,2.245
2026-09-01T05:54:00,machine-02,34.348,52.768,5.253,2.119
2026-09-01T05:55:00,machine-02,34.022,53.087,5.096,1.473
2026-09-01T05:56:00,machine-02,33.057,54.342,4.926,0.74
2026-09-01T05:57:00,machine-02,31.65,55.96,4.669,0.611
2026-09-01T05:58:00,machine-02,30.708,57.247,4.556,0.796
2026-09-01T05:59:00,machine-02,29.915,58.032,4.55,0.757
2026-09-01T06:00:00,machine-02,29.362,58.93,4.608,0.645
2026-09-01T06:01:00,machine-02,28.582,59.581,4.361,0.573
2026-09-01T06:02:00,machine-02,27.798,60.579,4.281,0.88
2026-09-01T06:03:00,machine-02,26.55,62.109,4.204,0.541
2026-09-01T06:04:00,machine-02,25.434,63.657,4.123,0.612
2026-09-01T06:05:00,machine-02,24.111,64.76,4.066,0.571
2026-09-01T06:06:00,machine-02,23.126,66.268,3.92,0.571
2026-09-01T06:07:00,machine-02,22.69,66.782,4.004,0.799
2026-09-01T06:08:00,machine-02,21.926,67.576,3.967,0.686
2026-09-01T06:09:00,machine-02,20.76,69.035,4.165,0.8
2026-09-01T06:10:00,machine-02,19.343,70.697,4.229,0.82
2026-09-01T06:11:00,machine-02,18.873,71.428,4.388,0.621
2026-09-01T06:12:00,machine-02,18.653,71.637,4.387,1.469
2026-09-01T06:13:00,machine-02,19.178,70.987,4.665,1.416
2026-09-01T06:14:00,machine-02,19.549,70.602,4.827,1.048
2026-09-01T06:15:00,machine-02,19.243,70.909,4.668,0.659
2026-09-01T06:16:00,machine-02,19.386,70.82,4.495,2.419
2026-09-01T06:17:00,machine-02,20.917,68.834,4.895,3.236
2026-09-01T06:18:00,machine-02,23.059,66.488,5.108,3.954
2026-09-01T06:19:00,machine-02,25.427,63.462,5.247,4.686
2026-09-01T06:20:00,machine-02,28.267,60.123,5.72,4.815
2026-09-01T06:21:00,machine-02,30.37,57.727,5.866,4.594
2026-09-01T06:22:00,machine-02,32.713,54.955,6.107,5.795
2026-09-01T06:23:00,machine-02,34.773,52.475,6.144,5.428
2026-09-01T06:24:00,machine-02,35.917,50.873,6.16,4.578
2026-09-01T06:25:00,machine-02,36.44,50.114,6.058,3.663
2026-09-01T06:26:00,machine-02,37.058,49.651,5.999,3.322
2026-09-01T06:27:00,machine-02,37.437,49.246,5.433,2.061
2026-09-01T06:28:00,machine-02,36.503,50.296,5.125,1.061
2026-09-01T06:29:00,machine-02,35.388,51.654,4.721,0.646
2026-09-01T06:30:00,machine-02,33.765,53.519,4.644,1.679
2026-09-01T06:31:00,machine-02,32.683,54.905,4.647,1.679
2026-09-01T06:32:00,machine-02,32.975,54.603,4.948,4.201
2026-09-01T06:33:00,machine-02,34.664,52.319,5.502,4.562
2026-09-01T06:34:00,machine-02,34.836,52.164,5.526,2.039
2026-09-01T06:35:00,machine-02,33.619,53.918,5.166,1.493
2026-09-01T06:36:00,machine-02,31.928,55.699,4.999,1.005
2026-09-01T06:37:00,machine-02,29.707,58.363,4.617,0.567
2026-09-01T06:38:00,machine-02,27.848,60.556,4.47,1.515
2026-09-01T06:39:00,machine-02,26.407,62.409,4.332,1.514
2026-09-01T06:40:00,machine-02,26.044,62.747,4.638,2.909
2026-09-01T06:41:00,machine-02,26.124,62.716,4.992,2.733
2026-09-01T06:42:00,machine-02,25.659,63.088,5.148,3.054
2026-09-01T06:43:00,machine-02,26.685,61.988,5.433,4.677
2026-09-01T06:44:00,machine-02,27.375,61.349,5.663,4.428
2026-09-01T06:45:00,machine-02,28.416,60.017,5.852,5.659
2026-09-01T06:46:00,machine-02,29.22,58.656,5.695,6.263
2026-09-01T06:47:00,machine-02,30.559,57.34,5.855,5.657
2026-09-01T06:48:00,machine-02,32.197,55.279,5.922,4.801
2026-09-01T06:49:00,machine-02,33.356,54.179,6.08,5.004
2026-09-01T06:50:00,machine-02,34.647,52.452,6.036,4.034
2026-09-01T06:51:00,machine-02,35.054,52.09,5.959,4.383
2026-09-01T06:52:00,machine-02,35.03,51.913,5.905,3.942
2026-09-01T06:53:00,machine-02,35.152,51.762,5.826,3.368
2026-09-01T06:54:00,machine-02,35.1,51.861,5.605,1.429
2026-09-01T06:55:00,machine-02,34.3,52.995,4.967,1.104
2026-09-01T06:56:00,machine-02,33.446,53.885,4.771,1.285
2026-09-01T06:57:00,machine-02,32.71,54.809,4.685,1.404
2026-09-01T06:58:00,machine-02,32.93,54.418,4.873,1.805
2026-09-01T06:59:00,machine-02,32.558,54.799,4.794,0.78
2026-09-01T07:00:00,machine-02,31.425,56.596,4.729,0.732
2026-09-01T07:01:00,machine-02,30.412,57.55,4.666,1.109
2026-09-01T07:02:00,machine-02,29.222,59.05,4.425,0.725
2026-09-01T07:03:00,machine-02,28.41,59.86,4.345,0.807
2026-09-01T07:04:00,machine-02,27.106,61.581,4.555,0.849
2026-09-01T07:05:00,machine-02,25.837,62.881,4.467,1.171
2026-09-01T07:06:00,machine-02,25.902,62.863,4.68,2.326
2026-09-01T07:07:00,machine-02,26.862,61.797,5.076,4.39
2026-09-01T07:08:00,machine-02,28.431,59.923,5.516,5.621
2026-09-01T07:09:00,machine-02,29.427,58.677,5.72,4.303
2026-09-01T07:10:00,machine-02,30.838,56.965,5.768,5.302
2026-09-01T07:11:00,machine-02,32.392,55.098,5.888,5.483
2026-09-01T07:12:00,machine-02,32.452,55.298,5.963,3.834
2026-09-01T07:13:00,machine-02,31.743,55.757,5.932,3.917
2026-09-01T07:14:00,machine-02,31.787,55.895,5.857,5.576
2026-09-01T07:15:00,machine-02,32.313,55.077,5.961,4.55
2026-09-01T07:16:00,machine-02,31.505,56.166,5.68,2.677
2026-09-01T07:17:00,machine-02,30.243,57.675,5.369,1.878
2026-09-01T07:18:00,machine-02,29.581,58.365,5.181,2.295
2026-09-01T07:19:00,machine-02,29.84,58.298,5.074,3.304
2026-09-01T07:20:00,machine-02,30.005,58.001,5.327,2.872
2026-09-01T07:21:00,machine-02,29.777,58.208,5.358,1.646
2026-09-01T07:22:00,machine-02,29.833,58.258,5.145,3.047
2026-09-01T07:23:00,machine-02,30.065,58.168,5.072,1.981
2026-09-01T07:24:00,machine-02,30.782,57.206,4.962,2.574
2026-09-01T07:25:00,machine-02,31.61,56.239,4.78,1.495
2026-09-01T07:26:00,machine-02,31.664,56.201,4.915,1.616
2026-09-01T07:27:00,machine-02,30.962,56.87,4.668,0.912
2026-09-01T07:28:00,machine-02,30.552,57.438,4.46,1.037
2026-09-01T07:29:00,machine-02,30.757,57.041,4.576,2.588
2026-09-01T07:30:00,machine-02,31.889,55.791,4.776,2.659
2026-09-01T07:31:00,machine-02,33.46,53.899,4.898,3.76
2026-09-01T07:32:00,machine-02,33.762,53.468,4.924,2.353
2026-09-01T07:33:00,machine-02,33.069,54.395,4.902,3.213
2026-09-01T07:34:00,machine-02,33.679,53.482,5.155,4.72
2026-09-01T07:35:00,machine-02,34.136,52.924,5.236,4.335
2026-09-01T07:36:00,machine-02,34.164,53.09,5.35,3.492
2026-09-01T07:37:00,machine-02,33.559,53.7,5.386,2.716
2026-09-01T07:38:00,machine-02,33.163,54.207,5.753,4.335
2026-09-01T07:39:00,machine-02,32.571,54.891,5.718,3.14
2026-09-01T07:40:00,machine-02,30.934,56.916,5.48,2.204
2026-09-01T07:41:00,machine-02,28.757,59.331,5.288,1.624
2026-09-01T07:42:00,machine-02,26.882,61.563,5.249,2.415
2026-09-01T07:43:00,machine-02,25.184,63.752,5.306,1.734
2026-09-01T07:44:00,machine-02,24.475,64.715,5.137,1.097
2026-09-01T07:45:00,machine-02,23.997,65.326,4.824,1.593
2026-09-01T07:46:00,machine-02,24.151,65.07,5.0,1.804
2026-09-01T07:47:00,machine-02,24.184,65.066,4.982,2.143
2026-09-01T07:48:00,machine-02,23.77,65.561,4.786,1.103
2026-09-01T07:49:00,machine-02,23.871,65.287,4.845,2.395
2026-09-01T07:50:00,machine-02,25.689,63.188,5.083,5.705
2026-09-01T07:51:00,machine-02,28.443,60.081,5.368,4.255
2026-09-01T07:52:00,machine-02,29.518,58.743,5.25,1.839
2026-09-01T07:53:00,machine-02,28.838,59.453,4.899,0.594
2026-09-01T07:54:00,machine-02,27.897,60.362,4.645,0.693
2026-09-01T07:55:00,machine-02,27.568,60.923,4.526,1.121
2026-09-01T07:56:00,machine-02,27.49,60.945,4.434,0.544
2026-09-01T07:57:00,machine-02,27.205,61.236,4.389,0.611
2026-09-01T07:58:00,machine-02,27.513,61.033,4.549,1.425
2026-09-01T07:59:00,machine-02,29.094,58.991,4.687,1.655
2026-09-01T08:00:00,machine-02,29.105,59.067,4.643,0.687
2026-09-01T08:01:00,machine-02,28.423,59.866,4.493,1.364
2026-09-01T08:02:00,machine-02,29.131,58.997,4.814,3.615
2026-09-01T08:03:00,machine-02,30.667,57.249,5.099,3.643
2026-09-01T08:04:00,machine-02,30.734,57.255,5.162,1.404
2026-09-01T08:05:00,machine-02,29.32,58.814,4.806,0.655
2026-09-01T08:06:00,machine-02,27.663,60.821,4.619,0.802
2026-09-01T08:07:00,machine-02,26.32,62.436,4.594,1.349
2026-09-01T08:08:00,machine-02,25.728,63.007,4.665,1.49
2026-09-01T08:09:00,machine-02,25.411,63.521,4.779,1.994
2026-09-01T08:10:00,machine-02,24.617,64.685,4.807,1.262
2026-09-01T08:11:00,machine-02,23.382,65.868,4.549,1.1
2026-09-01T08:12:00,machine-02,23.04,66.198,4.458,1.886
2026-09-01T08:13:00,machine-02,22.965,66.421,4.664,1.9
2026-09-01T08:14:00,machine-02,23.281,66.058,4.851,2.873
2026-09-01T08:15:00,machine-02,24.872,64.084,4.979,4.61
2026-09-01T08:16:00,machine-02,26.621,61.919,5.399,5.415
2026-09-01T08:17:00,machine-02,28.035,60.575,5.762,5.294
2026-09-01T08:18:00,machine-02,29.331,58.688,5.872,5.174
2026-09-01T08:19:00,machine-02,31.547,56.221,6.108,5.778
2026-09-01T08:20:00,machine-02,33.473,53.744,5.986,6.193
2026-09-01T08:21:00,machine-02,35.709,51.203,6.039,6.253
2026-09-01T08:22:00,machine-02,37.611,49.057,6.073,5.723
2026-09-01T08:23:00,machine-02,38.453,47.857,6.155,4.114
2026-09-01T08:24:00,machine-02,37.665,48.721,5.833,1.521
2026-09-01T08:25:00,machine-02,35.989,50.89,5.286,0.671
2026-09-01T08:26:00,machine-02,34.486,52.739,4.964,0.892
2026-09-01T08:27:00,machine-02,33.362,53.894,4.9,1.229
2026-09-01T08:28:00,machine-02,32.92,54.505,4.95,1.034
2026-09-01T08:29:00,machine-02,31.663,56.001,4.733,0.82
2026-09-01T08:30:00,machine-02,30.537,57.3,4.6,0.545
2026-09-01T08:31:00,machine-02,29.138,59.125,4.632,0.722
2026-09-01T08:32:00,machine-02,28.118,60.26,4.583,1.015
2026-09-01T08:33:00,machine-02,28.337,60.056,4.839,1.909
2026-09-01T08:34:00,machine-02,28.458,60.167,4.925,2.187
2026-09-01T08:35:00,machine-02,28.813,59.443,5.155,2.491
2026-09-01T08:36:00,machine-02,28.605,59.668,5.18,1.846
2026-09-01T08:37:00,machine-02,27.554,61.049,5.006,1.492
2026-09-01T08:38:00,machine-02,25.843,63.014,4.812,0.579
2026-09-01T08:39:00,machine-02,24.192,65.137,4.712,1.044
2026-09-01T08:40:00,machine-02,23.429,65.896,4.797,1.163
2026-09-01T08:41:00,machine-02,23.044,66.466,4.731,1.961
2026-09-01T08:42:00,machine-02,23.67,65.526,4.959,4.184
2026-09-01T08:43:00,machine-02,24.424,64.725,5.211,3.668
2026-09-01T08:44:00,machine-02,24.4,64.682,5.354,3.014
2026-09-01T08:45:00,machine-02,24.137,64.97,5.408,2.471
2026-09-01T08:46:00,machine-02,23.676,65.549,5.313,0.901
2026-09-01T08:47:00,machine-02,22.783,66.685,4.98,1.006
2026-09-01T08:48:00,machine-02,22.719,66.691,4.87,1.903
2026-09-01T08:49:00,machine-02,22.964,66.436,4.766,1.301
2026-09-01T08:50:00,machine-02,22.651,66.801,4.672,0.964
2026-09-01T08:51:00,machine-02,22.648,66.819,4.515,0.573
2026-09-01T08:52:00,machine-02,22.444,67.211,4.301,0.573
2026-09-01T08:53:00,machine-02,23.192,65.996,4.097,0.587
2026-09-01T08:54:00,machine-02,23.884,65.43,4.086,0.781
2026-09-01T08:55:00,machine-02,24.191,65.023,4.33,1.114
2026-09-01T08:56:00,machine-02,25.104,64.04,4.558,2.202
2026-09-01T08:57:00,machine-02,26.337,62.511,4.614,0.95
2026-09-01T08:58:00,machine-02,25.964,62.829,4.529,1.067
2026-09-01T08:59:00,machine-02,26.697,61.93,4.679,2.218
2026-09-01T09:00:00,machine-02,28.025,60.371,4.79,1.336
2026-09-01T09:01:00,machine-02,28.094,60.317,4.692,1.094
2026-09-01T09:02:00,machine-02,27.748,60.631,4.625,0.742
2026-09-01T09:03:00,machine-02,27.615,60.915,4.639,1.801
2026-09-01T09:04:00,machine-02,28.235,60.168,4.914,2.881
2026-09-01T09:05:00,machine-02,28.986,59.076,5.141,2.669
2026-09-01T09:06:00,machine-02,28.511,59.975,5.039,1.235
2026-09-01T09:07:00,machine-02,26.7,62.001,4.845,0.92
2026-09-01T09:08:00,machine-02,25.262,63.764,4.582,0.759
2026-09-01T09:09:00,machine-02,24.263,64.807,4.574,0.715
2026-09-01T09:10:00,machine-02,23.686,65.665,4.682,1.353
2026-09-01T09:11:00,machine-02,22.499,67.205,4.64,0.61
2026-09-01T09:12:00,machine-02,20.734,69.099,4.476,0.784
2026-09-01T09:13:00,machine-02,20.097,69.851,4.37,1.226
2026-09-01T09:14:00,machine-02,19.969,70.08,4.51,1.813
2026-09-01T09:15:00,machine-02,20.577,69.517,4.769,2.669
2026-09-01T09:16:00,machine-02,21.798,67.685,4.925,2.345
2026-09-01T09:17:00,machine-02,22.183,67.392,4.84,0.89
2026-09-01T09:18:00,machine-02,20.926,68.848,4.623,0.641
2026-09-01T09:19:00,machine-02,20.556,69.357,4.359,0.947
2026-09-01T09:20:00,machine-02,20.927,68.988,4.374,1.086
2026-09-01T09:21:00,machine-02,21.379,68.529,4.233,0.745
2026-09-01T09:22:00,machine-02,22.807,66.555,4.303,1.835
2026-09-01T09:23:00,machine-02,24.335,64.831,4.374,1.06
2026-09-01T09:24:00,machine-02,24.575,64.568,4.37,0.681
2026-09-01T09:25:00,machine-02,24.624,64.435,4.42,1.103
2026-09-01T09:26:00,machine-02,25.801,63.072,4.686,2.606
2026-09-01T09:27:00,machine-02,27.774,60.68,4.9,2.355
2026-09-01T09:28:00,machine-02,29.746,58.227,5.052,2.917
2026-09-01T09:29:00,machine-02,31.158,56.67,5.197,2.889
2026-09-01T09:30:00,machine-02,32.117,55.469,5.32,2.843
2026-09-01T09:31:00,machine-02,32.686,54.814,5.276,2.271
2026-09-01T09:32:00,machine-02,32.829,54.758,5.303,1.89
2026-09-01T09:33:00,machine-02,31.19,56.631,4.963,0.665
2026-09-01T09:34:00,machine-02,29.866,58.089,4.739,1.502
2026-09-01T09:35:00,machine-02,29.243,58.966,5.053,2.538
2026-09-01T09:36:00,machine-02,29.385,58.775,5.355,2.471
2026-09-01T09:37:00,machine-02,29.284,58.839,5.224,0.694
2026-09-01T09:38:00,machine-02,27.445,61.021,4.854,1.132
2026-09-01T09:39:00,machine-02,26.102,62.645,4.888,1.666
2026-09-01T09:40:00,machine-02,24.877,64.137,4.88,1.425
2026-09-01T09:41:00,machine-02,23.78,65.432,4.932,2.238
2026-09-01T09:42:00,machine-02,23.048,66.434,5.113,2.887
2026-09-01T09:43:00,machine-02,24.255,64.847,5.283,5.03
2026-09-01T09:44:00,machine-02,26.341,62.397,5.529,5.661
2026-09-01T09:45:00,machine-02,27.998,60.47,5.942,5.095
2026-09-01T09:46:00,machine-02,28.615,59.608,5.946,4.285
2026-09-01T09:47:00,machine-02,28.95,59.18,5.935,2.726
2026-09-01T09:48:00,machine-02,27.959,60.454,5.549,2.26
2026-09-01T09:49:00,machine-02,27.693,60.81,5.299,1.602
2026-09-01T09:50:00,machine-02,26.952,61.673,5.028,0.636
2026-09-01T09:51:00,machine-02,26.217,62.629,4.672,0.567
2026-09-01T09:52:00,machine-02,26.596,62.016,4.56,1.302
2026-09-01T09:53:00,machine-02,26.546,62.09,4.575,1.272
2026-09-01T09:54:00,machine-02,26.998,61.558,4.652,2.344
2026-09-01T09:55:00,machine-02,28.191,60.303,4.987,2.676
2026-09-01T09:56:00,machine-02,30.373,57.584,5.496,5.179
2026-09-01T09:57:00,machine-02,33.454,53.689,5.813,5.205
2026-09-01T09:58:00,machine-02,36.069,50.664,5.674,5.406
2026-09-01T09:59:00,machine-02,37.469,49.106,5.75,4.604
2026-09-01T10:00:00,machine-02,37.49,48.923,5.67,2.002
2026-09-01T10:01:00,machine-02,35.703,51.159,5.36,1.213
2026-09-01T10:02:00,machine-02,34.184,52.977,5.177,2.007
2026-09-01T10:03:00,machine-02,34.332,52.822,5.232,3.814
2026-09-01T10:04:00,machine-02,35.037,51.964,5.218,2.455
2026-09-01T10:05:00,machine-02,33.478,53.931,4.945,1.188
2026-09-01T10:06:00,machine-02,30.747,57.055,4.812,0.777
2026-09-01T10:07:00,machine-02,28.508,59.71,4.568,1.225
2026-09-01T10:08:00,machine-02,27.576,60.87,4.913,3.51
2026-09-01T10:09:00,machine-02,28.519,59.825,5.317,5.096
2026-09-01T10:10:00,machine-02,28.653,59.592,5.373,3.047
2026-09-01T10:11:00,machine-02,27.913,60.71,5.129,1.603
2026-09-01T10:12:00,machine-02,27.229,61.364,4.854,2.629
2026-09-01T10:13:00,machine-02,26.693,61.973,5.091,2.45
2026-09-01T10:14:00,machine-02,26.357,62.362,5.097,2.523
2026-09-01T10:15:00,machine-02,25.793,63.239,5.144,3.097
2026-09-01T10:16:00,machine-02,26.039,62.816,5.225,3.677
2026-09-01T10:17:00,machine-02,26.357,62.369,5.292,2.134
2026-09-01T10:18:00,machine-02,25.905,62.835,5.027,1.155
2026-09-01T10:19:00,machine-02,25.707,63.287,4.832,1.265
2026-09-01T10:20:00,machine-02,25.533,63.305,5.059,1.412
2026-09-01T10:21:00,machine-02,25.646,63.32,5.268,1.936
2026-09-01T10:22:00,machine-02,26.303,62.506,5.117,1.446
2026-09-01T10:23:00,machine-02,26.643,62.241,4.985,1.144
2026-09-01T10:24:00,machine-02,26.532,62.163,4.758,0.896
2026-09-01T10:25:00,machine-02,27.382,61.026,4.658,2.095
2026-09-01T10:26:00,machine-02,29.234,58.979,4.861,2.302
2026-09-01T10:27:00,machine-02,29.376,58.744,4.871,1.078
2026-09-01T10:28:00,machine-02,28.374,60.086,4.699,1.103
2026-09-01T10:29:00,machine-02,29.148,59.02,4.602,2.126
2026-09-01T10:30:00,machine-02,30.1,57.699,5.131,4.868
2026-09-01T10:31:00,machine-02,32.824,54.811,5.638,6.084
2026-09-01T10:32:00,machine-02,35.445,51.376,5.914,5.573
2026-09-01T10:33:00,machine-02,37.008,49.718,6.183,4.307
2026-09-01T10:34:00,machine-02,36.567,50.261,5.929,2.677
2026-09-01T10:35:00,machine-02,35.148,51.937,5.522,2.12
2026-09-01T10:36:00,machine-02,33.153,54.135,5.173,1.476
2026-09-01T10:37:00,machine-02,30.296,57.641,4.857,1.581
2026-09-01T10:38:00,machine-02,29.207,58.779,4.915,3.041
2026-09-01T10:39:00,machine-02,29.049,59.355,5.023,2.781
2026-09-01T10:40:00,machine-02,29.788,58.137,5.201,3.819
2026-09-01T10:41:00,machine-02,29.31,58.891,5.216,3.086
2026-09-01T10:42:00,machine-02,29.189,58.972,5.18,3.038
2026-09-01T10:43:00,machine-02,28.212,60.049,5.182,2.154
2026-09-01T10:44:00,machine-02,26.874,61.604,5.017,1.655
2026-09-01T10:45:00,machine-02,26.446,62.308,4.909,1.97
2026-09-01T10:46:00,machine-02,26.905,61.808,5.103,4.223
2026-09-01T10:47:00,machine-02,28.726,59.54,5.524,5.434
2026-09-01T10:48:00,machine-02,30.771,56.893,5.798,4.732
2026-09-01T10:49:00,machine-02,31.442,56.471,5.813,4.758
2026-09-01T10:50:00,machine-02,32.39,55.15,5.834,5.806
2026-09-01T10:51:00,machine-02,33.805,53.541,6.058,5.647
2026-09-01T10:52:00,machine-02,35.503,51.42,6.283,5.745
2026-09-01T10:53:00,machine-02,36.682,49.906,6.255,3.253
2026-09-01T10:54:00,machine-02,36.685,49.843,5.954,2.168
2026-09-01T10:55:00,machine-02,36.655,49.808,5.83,2.006
2026-09-01T10:56:00,machine-02,36.332,50.117,5.668,2.523
2026-09-01T10:57:00,machine-02,36.054,50.811,5.451,2.636
2026-09-01T10:58:00,machine-02,35.89,50.675,5.428,2.542
2026-09-01T10:59:00,machine-02,36.667,49.955,5.72,5.412
2026-09-01T11:00:00,machine-02,38.385,47.848,5.767,5.081
2026-09-01T11:01:00,machine-02,39.408,46.762,5.673,4.237
2026-09-01T11:02:00,machine-02,40.115,45.887,5.753,4.006
2026-09-01T11:03:00,machine-02,39.935,45.975,5.726,3.909
2026-09-01T11:04:00,machine-02,39.581,46.528,5.862,4.004
2026-09-01T11:05:00,machine-02,38.741,47.25,5.814,4.948
2026-09-01T11:06:00,machine-02,38.673,47.658,5.974,5.7
2026-09-01T11:07:00,machine-02,38.985,47.076,6.08,6.003
2026-09-01T11:08:00,machine-02,39.18,47.185,6.365,5.884
2026-09-01T11:09:00,machine-02,37.963,48.353,6.099,3.842
2026-09-01T11:10:00,machine-02,35.843,51.086,5.912,4.381
2026-09-01T11:11:00,machine-02,34.343,52.814,5.874,3.673
2026-09-01T11:12:00,machine-02,32.406,55.075,5.716,3.228
2026-09-01T11:13:00,machine-02,32.262,55.397,5.677,5.774
2026-09-01T11:14:00,machine-02,32.824,54.569,5.772,4.849
2026-09-01T11:15:00,machine-02,32.862,54.6,5.92,4.83
2026-09-01T11:16:00,machine-02,32.559,54.883,6.177,3.681
2026-09-01T11:17:00,machine-02,32.371,55.292,6.063,3.697
2026-09-01T11:18:00,machine-02,31.952,55.813,5.873,3.704
2026-09-01T11:19:00,machine-02,32.342,55.134,5.977,4.621
2026-09-01T11:20:00,machine-02,32.917,54.575,5.768,2.78
2026-09-01T11:21:00,machine-02,32.738,54.729,5.391,1.721
2026-09-01T11:22:00,machine-02,31.704,55.952,5.161,1.012
2026-09-01T11:23:00,machine-02,31.244,56.626,4.944,1.743
2026-09-01T11:24:00,machine-02,31.489,56.226,4.935,2.549
2026-09-01T11:25:00,machine-02,32.273,55.395,5.236,2.092
2026-09-01T11:26:00,machine-02,32.452,55.144,5.243,2.289
2026-09-01T11:27:00,machine-02,32.975,54.365,5.273,2.309
2026-09-01T11:28:00,machine-02,33.931,53.291,5.341,1.759
2026-09-01T11:29:00,machine-02,33.81,53.362,5.036,1.473
2026-09-01T11:30:00,machine-02,32.663,54.693,4.784,0.748
2026-09-01T11:31:00,machine-02,31.886,55.76,4.628,0.962
2026-09-01T11:32:00,machine-02,31.014,56.765,4.467,2.017
2026-09-01T11:33:00,machine-02,30.976,56.705,4.632,3.492
2026-09-01T11:34:00,machine-02,32.172,55.331,5.112,5.432
2026-09-01T11:35:00,machine-02,33.553,53.875,5.638,5.494
2026-09-01T11:36:00,machine-02,34.708,52.481,5.8,5.683
2026-09-01T11:37:00,machine-02,35.269,51.526,6.178,5.593
2026-09-01T11:38:00,machine-02,35.994,50.723,6.36,6.232
2026-09-01T11:39:00,machine-02,36.304,50.549,6.392,5.427
2026-09-01T11:40:00,machine-02,36.199,50.633,6.403,5.884
2026-09-01T11:41:00,machine-02,35.8,51.092,6.283,4.231
2026-09-01T11:42:00,machine-02,34.463,52.746,5.9,3.328
2026-09-01T11:43:00,machine-02,33.393,53.861,5.79,3.28
2026-09-01T11:44:00,machine-02,32.08,55.417,5.731,3.372
2026-09-01T11:45:00,machine-02,30.84,56.864,5.521,1.677
2026-09-01T11:46:00,machine-02,28.886,59.467,5.245,1.627
2026-09-01T11:47:00,machine-02,26.737,61.826,5.038,0.931
2026-09-01T11:48:00,machine-02,25.906,62.857,4.875,1.602
2026-09-01T11:49:00,machine-02,26.172,62.644,4.965,1.496
2026-09-01T11:50:00,machine-02,25.89,62.939,4.637,0.64
2026-09-01T11:51:00,machine-02,25.393,63.636,4.411,0.933
2026-09-01T11:52:00,machine-02,24.956,64.024,4.333,0.582
2026-09-01T11:53:00,machine-02,24.499,64.532,4.238,0.607
2026-09-01T11:54:00,machine-02,24.597,64.652,4.246,1.648
2026-09-01T11:55:00,machine-02,26.403,62.275,4.659,3.97
2026-09-01T11:56:00,machine-02,30.148,57.99,5.199,5.156
2026-09-01T11:57:00,machine-02,32.603,54.658,5.44,3.25
2026-09-01T11:58:00,machine-02,33.849,53.403,5.407,3.23
2026-09-01T11:59:00,machine-02,35.109,51.826,5.493,3.616
2026-09-01T12:00:00,machine-02,35.304,51.532,5.618,3.477
2026-09-01T12:01:00,machine-02,35.243,51.645,5.52,3.962
2026-09-01T12:02:00,machine-02,36.273,50.437,5.896,4.606
2026-09-01T12:03:00,machine-02,37.126,49.31,5.835,3.978
2026-09-01T12:04:00,machine-02,37.417,49.029,5.804,5.694
2026-09-01T12:05:00,machine-02,37.631,48.891,5.824,5.761
2026-09-01T12:06:00,machine-02,38.379,47.928,5.971,5.681
2026-09-01T12:07:00,machine-02,38.108,48.207,5.987,5.828
2026-09-01T12:08:00,machine-02,37.223,49.479,6.089,4.697
2026-09-01T12:09:00,machine-02,36.526,50.222,6.351,5.847
2026-09-01T12:10:00,machine-02,36.401,50.35,6.467,5.726
2026-09-01T12:11:00,machine-02,36.775,49.888,6.514,5.424
2026-09-01T12:12:00,machine-02,36.249,50.519,6.1,4.441
2026-09-01T12:13:00,machine-02,35.217,51.932,6.179,4.663
2026-09-01T12:14:00,machine-02,33.069,54.267,6.065,4.386
2026-09-01T12:15:00,machine-02,32.99,54.493,6.171,5.88
2026-09-01T12:16:00,machine-02,32.834,54.65,6.039,4.591
2026-09-01T12:17:00,machine-02,33.784,53.349,6.129,6.371
2026-09-01T12:18:00,machine-02,35.128,51.922,6.256,6.124
2026-09-01T12:19:00,machine-02,36.656,50.062,6.352,5.87
2026-09-01T12:20:00,machine-02,37.312,49.394,6.24,5.279
2026-09-01T12:21:00,machine-02,37.615,49.018,6.145,4.984
2026-09-01T12:22:00,machine-02,36.811,49.799,5.854,2.299
2026-09-01T12:23:00,machine-02,35.572,51.232,5.49,1.465
2026-09-01T12:24:00,machine-02,33.778,53.301,5.134,0.799
2026-09-01T12:25:00,machine-02,32.496,55.101,4.596,0.572
2026-09-01T12:26:00,machine-02,31.854,55.633,4.421,1.216
2026-09-01T12:27:00,machine-02,31.693,55.951,4.774,2.201
2026-09-01T12:28:00,machine-02,32.701,54.886,5.06,3.202
2026-09-01T12:29:00,machine-02,33.222,54.095,5.155,3.25
2026-09-01T12:30:00,machine-02,34.041,53.083,5.231,2.987
2026-09-01T12:31:00,machine-02,34.623,52.571,5.473,3.063
2026-09-01T12:32:00,machine-02,35.157,51.814,5.609,3.776
2026-09-01T12:33:00,machine-02,36.181,50.396,5.785,3.474
2026-09-01T12:34:00,machine-02,35.6,51.415,5.599,1.967
2026-09-01T12:35:00,machine-02,33.763,53.453,5.068,0.729
2026-09-01T12:36:00,machine-02,31.143,56.526,4.692,0.912
2026-09-01T12:37:00,machine-02,29.831,58.252,4.793,1.824
2026-09-01T12:38:00,machine-02,29.627,58.459,5.023,2.788
2026-09-01T12:39:00,machine-02,28.782,59.47,4.983,1.935
2026-09-01T12:40:00,machine-02,28.336,59.99,4.875,3.435
2026-09-01T12:41:00,machine-02,27.663,60.854,4.897,1.923
2026-09-01T12:42:00,machine-02,25.91,62.828,4.746,1.568
2026-09-01T12:43:00,machine-02,24.961,63.888,4.895,2.492
2026-09-01T12:44:00,machine-02,24.872,64.185,4.928,2.058
2026-09-01T12:45:00,machine-02,23.77,65.453,4.697,1.043
2026-09-01T12:46:00,machine-02,23.568,65.971,4.85,1.608
2026-09-01T12:47:00,machine-02,23.213,65.935,4.748,0.98
2026-09-01T12:48:00,machine-02,21.898,67.689,4.664,0.839
2026-09-01T12:49:00,machine-02,21.467,68.41,4.722,1.29
2026-09-01T12:50:00,machine-02,21.953,67.491,4.943,1.245
2026-09-01T12:51:00,machine-02,21.854,67.803,4.73,0.662
2026-09-01T12:52:00,machine-02,22.154,67.479,4.38,0.727
2026-09-01T12:53:00,machine-02,22.754,66.805,4.226,0.724
2026-09-01T12:54:00,machine-02,23.302,66.165,4.257,0.682
2026-09-01T12:55:00,machine-02,23.86,65.388,4.355,1.293
2026-09-01T12:56:00,machine-02,24.412,64.632,4.507,1.183
2026-09-01T12:57:00,machine-02,24.609,64.564,4.551,1.99
2026-09-01T12:58:00,machine-02,27.53,60.953,4.98,4.72
2026-09-01T12:59:00,machine-02,30.627,57.291,5.515,4.82
2026-09-01T13:00:00,machine-02,31.755,55.891,5.285,1.192
2026-09-01T13:01:00,machine-02,30.743,57.054,4.725,0.656
2026-09-01T13:02:00,machine-02,28.838,59.402,4.662,1.134
2026-09-01T13:03:00,machine-02,28.856,59.439,4.844,3.325
2026-09-01T13:04:00,machine-02,29.668,58.34,5.138,2.213
2026-09-01T13:05:00,machine-02,29.511,58.409,5.013,1.663
2026-09-01T13:06:00,machine-02,28.912,59.183,4.929,1.314
2026-09-01T13:07:00,machine-02,27.161,61.13,4.518,0.55
2026-09-01T13:08:00,machine-02,25.209,63.838,4.283,0.673
2026-09-01T13:09:00,machine-02,23.035,66.482,4.267,0.704
2026-09-01T13:10:00,machine-02,20.89,68.896,4.144,0.579
2026-09-01T13:11:00,machine-02,19.279,70.896,4.095,0.686
2026-09-01T13:12:00,machine-02,18.6,71.735,4.18,0.643
2026-09-01T13:13:00,machine-02,18.277,71.987,4.418,0.918
2026-09-01T13:14:00,machine-02,18.031,72.433,4.463,1.185
2026-09-01T13:15:00,machine-02,18.429,71.758,4.453,1.018
2026-09-01T13:16:00,machine-02,19.039,71.27,4.448,1.266
2026-09-01T13:17:00,machine-02,19.33,70.789,4.54,1.409
2026-09-01T13:18:00,machine-02,19.971,69.882,4.558,1.155
2026-09-01T13:19:00,machine-02,20.586,69.251,4.639,1.229
2026-09-01T13:20:00,machine-02,20.997,68.79,4.65,1.071
2026-09-01T13:21:00,machine-02,22.395,67.167,4.669,2.235
2026-09-01T13:22:00,machine-02,24.848,64.207,4.944,2.772
2026-09-01T13:23:00,machine-02,26.268,62.52,5.172,2.049
2026-09-01T13:24:00,machine-02,27.27,61.282,5.151,2.303
2026-09-01T13:25:00,machine-02,28.649,59.652,5.168,2.833
2026-09-01T13:26:00,machine-02,29.905,57.97,5.271,2.491
2026-09-01T13:27:00,machine-02,32.054,55.45,5.475,4.098
2026-09-01T13:28:00,machine-02,34.629,52.48,5.945,5.929
2026-09-01T13:29:00,machine-02,36.751,50.0,6.016,4.71
2026-09-01T13:30:00,machine-02,37.346,49.131,5.888,4.093
2026-09-01T13:31:00,machine-02,37.185,49.342,5.724,2.72
2026-09-01T13:32:00,machine-02,36.253,50.492,5.505,2.635
2026-09-01T13:33:00,machine-02,36.224,50.589,5.504,4.345
2026-09-01T13:34:00,machine-02,36.696,49.82,5.778,4.519
2026-09-01T13:35:00,machine-02,36.425,50.574,5.877,4.1
2026-09-01T13:36:00,machine-02,36.056,50.787,5.706,3.087
2026-09-01T13:37:00,machine-02,34.593,52.563,5.425,2.125
2026-09-01T13:38:00,machine-02,32.082,55.628,5.08,1.971
2026-09-01T13:39:00,machine-02,30.898,57.135,4.898,1.747
2026-09-01T13:40:00,machine-02,28.891,59.172,4.664,0.789
2026-09-01T13:41:00,machine-02,26.952,61.664,4.536,0.99
2026-09-01T13:42:00,machine-02,25.686,63.163,4.504,1.155
2026-09-01T13:43:00,machine-02,25.167,63.878,4.745,1.76
2026-09-01T13:44:00,machine-02,24.432,64.639,4.958,1.261
2026-09-01T13:45:00,machine-02,23.421,65.808,4.783,1.712
2026-09-01T13:46:00,machine-02,24.445,64.432,4.929,4.092
2026-09-01T13:47:00,machine-02,25.943,63.015,5.243,4.591
2026-09-01T13:48:00,machine-02,26.982,61.67,5.344,2.463
2026-09-01T13:49:00,machine-02,27.212,61.316,5.221,1.375
2026-09-01T13:50:00,machine-02,27.09,61.557,4.864,1.029
2026-09-01T13:51:00,machine-02,26.411,62.438,4.769,0.9
2026-09-01T13:52:00,machine-02,25.786,63.083,4.863,0.835
2026-09-01T13:53:00,machine-02,25.108,63.851,4.773,0.697
2026-09-01T13:54:00,machine-02,25.007,63.845,4.654,1.504
2026-09-01T13:55:00,machine-02,26.545,62.193,4.775,2.663
2026-09-01T13:56:00,machine-02,28.739,59.459,4.905,2.084
2026-09-01T13:57:00,machine-02,29.53,58.811,4.775,0.973
2026-09-01T13:58:00,machine-02,28.338,60.173,4.609,0.561
2026-09-01T13:59:00,machine-02,27.941,60.373,4.546,0.86
2026-09-01T14:00:00,machine-02,28.122,60.237,4.305,1.425
2026-09-01T14:01:00,machine-02,27.876,60.512,4.496,0.765
2026-09-01T14:02:00,machine-02,27.411,61.062,4.56,0.705
2026-09-01T14:03:00,machine-02,27.298,61.267,4.6,1.874
2026-09-01T14:04:00,machine-02,28.739,59.652,5.009,4.445
2026-09-01T14:05:00,machine-02,30.474,57.425,5.393,4.71
2026-09-01T14:06:00,machine-02,30.557,57.342,5.398,2.74
2026-09-01T14:07:00,machine-02,30.938,56.829,5.349,2.957
2026-09-01T14:08:00,machine-02,30.452,57.519,5.359,2.512
2026-09-01T14:09:00,machine-02,28.507,59.683,5.013,0.782
2026-09-01T14:10:00,machine-02,26.316,62.44,4.896,1.519
2026-09-01T14:11:00,machine-02,25.515,63.338,4.916,1.821
2026-09-01T14:12:00,machine-02,24.24,64.891,4.71,1.026
2026-09-01T14:13:00,machine-02,22.653,66.853,4.545,1.211
2026-09-01T14:14:00,machine-02,21.451,68.317,4.597,1.108
2026-09-01T14:15:00,machine-02,21.195,68.7,4.614,1.636
2026-09-01T14:16:00,machine-02,21.633,67.844,4.65,2.502
2026-09-01T14:17:00,machine-02,23.886,65.247,5.015,5.473
2026-09-01T14:18:00,machine-02,26.681,61.906,5.48,5.256
2026-09-01T14:19:00,machine-02,28.86,59.41,5.952,5.395
2026-09-01T14:20:00,machine-02,30.68,57.125,6.134,5.969
2026-09-01T14:21:00,machine-02,32.215,55.178,6.101,4.575
2026-09-01T14:22:00,machine-02,33.379,53.973,5.909,2.171
2026-09-01T14:23:00,machine-02,32.573,54.773,5.319,0.918
2026-09-01T14:24:00,machine-02,32.325,55.253,4.899,1.039
2026-09-01T14:25:00,machine-02,31.052,56.837,4.515,0.612
2026-09-01T14:26:00,machine-02,30.117,57.8,4.325,1.038
2026-09-01T14:27:00,machine-02,29.465,58.842,4.381,0.716
2026-09-01T14:28:00,machine-02,29.087,59.081,4.344,0.602
2026-09-01T14:29:00,machine-02,28.827,59.315,4.46,1.697
2026-09-01T14:30:00,machine-02,29.395,58.783,4.603,1.012
2026-09-01T14:31:00,machine-02,29.508,58.475,4.419,1.11
2026-09-01T14:32:00,machine-02,29.675,58.619,4.461,1.891
2026-09-01T14:33:00,machine-02,29.906,58.039,4.672,3.479
2026-09-01T14:34:00,machine-02,30.036,57.924,5.007,2.809
2026-09-01T14:35:00,machine-02,28.855,59.371,5.104,1.838
2026-09-01T14:36:00,machine-02,27.755,60.652,4.949,1.5
2026-09-01T14:37:00,machine-02,27.41,61.21,4.983,2.097
2026-09-01T14:38:00,machine-02,27.456,61.008,4.911,1.809
2026-09-01T14:39:00,machine-02,26.669,62.095,4.845,2.551
2026-09-01T14:40:00,machine-02,26.257,62.539,4.877,1.791
2026-09-01T14:41:00,machine-02,24.342,64.787,4.772,1.152
2026-09-01T14:42:00,machine-02,23.712,65.484,4.89,2.833
2026-09-01T14:43:00,machine-02,24.063,65.11,5.078,3.248
2026-09-01T14:44:00,machine-02,25.81,63.072,5.23,4.893
2026-09-01T14:45:00,machine-02,27.363,61.166,5.382,4.034
2026-09-01T14:46:00,machine-02,27.957,60.279,5.452,2.068
2026-09-01T14:47:00,machine-02,26.72,61.924,5.176,1.099
2026-09-01T14:48:00,machine-02,25.127,63.902,4.784,0.94
2026-09-01T14:49:00,machine-02,24.044,65.253,4.621,0.704
2026-09-01T14:50:00,machine-02,22.807,66.534,4.553,0.651
2026-09-01T14:51:00,machine-02,22.573,66.977,4.5,0.774
2026-09-01T14:52:00,machine-02,22.753,66.605,4.439,0.673
2026-09-01T14:53:00,machine-02,23.037,66.388,4.262,1.148
2026-09-01T14:54:00,machine-02,23.638,65.811,4.365,0.819
2026-09-01T14:55:00,machine-02,24.354,64.79,4.641,2.221
2026-09-01T14:56:00,machine-02,26.352,62.28,4.927,2.636
2026-09-01T14:57:00,machine-02,28.618,59.694,5.224,4.752
2026-09-01T14:58:00,machine-02,31.22,56.549,5.518,3.583
2026-09-01T14:59:00,machine-02,32.544,55.002,5.451,2.739
2026-09-01T15:00:00,machine-02,33.407,53.925,5.299,3.031
2026-09-01T15:01:00,machine-02,34.558,52.482,5.236,5.022
2026-09-01T15:02:00,machine-02,35.574,51.105,5.505,3.247
2026-09-01T15:03:00,machine-02,34.779,52.348,5.332,2.449
2026-09-01T15:04:00,machine-02,33.907,53.237,5.342,2.56
2026-09-01T15:05:00,machine-02,33.904,53.446,5.508,4.891
2026-09-01T15:06:00,machine-02,35.002,51.971,5.898,4.845
2026-09-01T15:07:00,machine-02,34.709,52.419,5.77,3.439
2026-09-01T15:08:00,machine-02,33.42,53.98,5.448,1.41
2026-09-01T15:09:00,machine-02,30.156,57.924,4.989,0.688
2026-09-01T15:10:00,machine-02,27.998,60.343,4.865,1.436
2026-09-01T15:11:00,machine-02,26.317,62.226,4.977,2.661
2026-09-01T15:12:00,machine-02,27.702,61.02,5.475,5.158
2026-09-01T15:13:00,machine-02,29.439,58.782,5.961,5.759
2026-09-01T15:14:00,machine-02,30.355,57.577,6.058,4.941
2026-09-01T15:15:00,machine-02,31.031,56.741,6.021,5.406
2026-09-01T15:16:00,machine-02,31.614,56.214,5.997,5.4
2026-09-01T15:17:00,machine-02,32.537,54.779,6.204,6.034
2026-09-01T15:18:00,machine-02,33.358,54.0,6.268,5.883
2026-09-01T15:19:00,machine-02,34.811,52.325,6.361,5.833
2026-09-01T15:20:00,machine-02,35.845,50.714,6.366,4.709
2026-09-01T15:21:00,machine-02,35.749,51.104,5.964,2.689
2026-09-01T15:22:00,machine-02,35.655,51.285,5.706,3.424
2026-09-01T15:23:00,machine-02,36.375,50.332,5.582,3.189
2026-09-01T15:24:00,machine-02,36.657,49.867,5.481,4.011
2026-09-01T15:25:00,machine-02,37.392,49.139,5.577,3.256
2026-09-01T15:26:00,machine-02,37.229,49.333,5.593,2.524
2026-09-01T15:27:00,machine-02,37.693,48.661,5.342,3.041
2026-09-01T15:28:00,machine-02,38.021,48.239,5.423,3.719
2026-09-01T15:29:00,machine-02,39.58,46.575,5.821,5.927
2026-09-01T15:30:00,machine-02,40.491,45.266,6.011,3.152
2026-09-01T15:31:00,machine-02,39.325,46.73,5.555,2.316
2026-09-01T15:32:00,machine-02,38.261,48.203,5.375,4.154
2026-09-01T15:33:00,machine-02,39.264,46.905,5.468,4.611
2026-09-01T15:34:00,machine-02,38.495,47.587,5.674,3.758
2026-09-01T15:35:00,machine-02,37.735,48.624,5.673,5.14
2026-09-01T15:36:00,machine-02,38.092,48.309,5.881,4.516
2026-09-01T15:37:00,machine-02,36.266,50.545,5.709,3.254
2026-09-01T15:38:00,machine-02,34.266,52.731,5.751,2.604
2026-09-01T15:39:00,machine-02,33.265,54.007,5.592,3.107
2026-09-01T15:40:00,machine-02,33.384,53.914,5.664,4.522
2026-09-01T15:41:00,machine-02,33.785,53.479,5.908,5.677
2026-09-01T15:42:00,machine-02,33.368,53.93,5.817,3.259
2026-09-01T15:43:00,machine-02,32.724,54.802,5.841,3.683
2026-09-01T15:44:00,machine-02,31.966,55.699,5.773,3.444
2026-09-01T15:45:00,machine-02,31.837,55.68,5.655,5.494
2026-09-01T15:46:00,machine-02,32.826,54.604,5.997,4.881
2026-09-01T15:47:00,machine-02,32.99,54.408,6.072,4.497
2026-09-01T15:48:00,machine-02,33.211,54.175,6.044,4.805
2026-09-01T15:49:00,machine-02,34.244,52.916,6.058,5.552
2026-09-01T15:50:00,machine-02,34.934,52.064,5.935,3.499
2026-09-01T15:51:00,machine-02,34.45,52.435,5.607,1.979
2026-09-01T15:52:00,machine-02,33.31,54.004,5.391,1.44
2026-09-01T15:53:00,machine-02,32.632,54.699,5.131,1.321
2026-09-01T15:54:00,machine-02,31.861,55.886,4.733,0.821
2026-09-01T15:55:00,machine-02,31.595,56.139,4.696,1.662
2026-09-01T15:56:00,machine-02,31.521,56.212,4.902,2.14
2026-09-01T15:57:00,machine-02,32.738,54.781,4.902,3.915
2026-09-01T15:58:00,machine-02,34.537,52.642,5.315,4.379
2026-09-01T15:59:00,machine-02,35.95,50.472,5.228,4.725
2026-09-01T16:00:00,machine-02,36.83,49.787,5.398,2.989
2026-09-01T16:01:00,machine-02,36.754,49.971,5.187,2.951
2026-09-01T16:02:00,machine-02,37.569,49.049,5.264,5.586
2026-09-01T16:03:00,machine-02,38.144,48.165,5.559,5.932
2026-09-01T16:04:00,machine-02,38.704,47.391,5.833,6.002
2026-09-01T16:05:00,machine-02,39.225,47.048,6.057,6.285
2026-09-01T16:06:00,machine-02,38.567,47.734,6.22,5.891
2026-09-01T16:07:00,machine-02,38.423,47.953,6.32,6.116
2026-09-01T16:08:00,machine-02,38.564,47.623,6.272,6.173
2026-09-01T16:09:00,machine-02,38.63,47.54,6.506,6.083
2026-09-01T16:10:00,machine-02,38.392,47.89,6.43,5.357
2026-09-01T16:11:00,machine-02,37.914,48.485,6.31,5.698
2026-09-01T16:12:00,machine-02,37.234,49.345,6.341,6.039
2026-09-01T16:13:00,machine-02,36.89,49.692,6.341,6.135
2026-09-01T16:14:00,machine-02,36.559,50.224,6.181,5.459
2026-09-01T16:15:00,machine-02,36.17,50.639,6.311,4.023
2026-09-01T16:16:00,machine-02,35.471,51.622,5.937,3.89
2026-09-01T16:17:00,machine-02,35.05,51.91,5.707,2.907
2026-09-01T16:18:00,machine-02,33.291,53.804,5.355,2.123
2026-09-01T16:19:00,machine-02,32.275,55.265,5.461,2.633
2026-09-01T16:20:00,machine-02,31.952,55.515,5.558,2.553
2026-09-01T16:21:00,machine-02,31.718,56.14,5.599,2.014
2026-09-01T16:22:00,machine-02,30.96,57.022,5.454,0.667
2026-09-01T16:23:00,machine-02,30.01,58.044,5.017,1.071
2026-09-01T16:24:00,machine-02,30.504,57.437,4.815,2.102
2026-09-01T16:25:00,machine-02,31.891,55.57,5.043,4.269
2026-09-01T16:26:00,machine-02,34.316,52.903,5.417,5.676
2026-09-01T16:27:00,machine-02,36.019,50.722,5.598,4.664
2026-09-01T16:28:00,machine-02,36.801,49.805,5.455,3.217
2026-09-01T16:29:00,machine-02,37.215,49.481,5.492,3.422
2026-09-01T16:30:00,machine-02,37.651,48.743,5.314,3.255
2026-09-01T16:31:00,machine-02,38.262,48.154,5.286,3.988
2026-09-01T16:32:00,machine-02,38.915,47.444,5.539,5.727
2026-09-01T16:33:00,machine-02,38.633,47.619,5.642,3.976
2026-09-01T16:34:00,machine-02,38.736,47.364,5.759,4.788
2026-09-01T16:35:00,machine-02,38.576,47.713,5.827,5.483
2026-09-01T16:36:00,machine-02,38.783,47.42,5.915,5.01
2026-09-01T16:37:00,machine-02,38.355,47.862,5.971,4.718
2026-09-01T16:38:00,machine-02,38.339,48.001,6.215,5.748
2026-09-01T16:39:00,machine-02,37.736,48.701,6.22,5.665
2026-09-01T16:40:00,machine-02,36.948,49.751,5.933,5.379
2026-09-01T16:41:00,machine-02,35.822,51.1,5.951,5.388
2026-09-01T16:42:00,machine-02,35.373,51.516,6.011,4.701
2026-09-01T16:43:00,machine-02,34.897,52.11,5.85,5.002
2026-09-01T16:44:00,machine-02,34.49,52.812,6.036,5.282
2026-09-01T16:45:00,machine-02,34.135,53.073,6.063,5.417
2026-09-01T16:46:00,machine-02,34.42,52.578,6.114,5.229
2026-09-01T16:47:00,machine-02,33.36,53.704,6.119,3.751
2026-09-01T16:48:00,machine-02,33.638,53.563,6.319,5.477
2026-09-01T16:49:00,machine-02,34.513,52.509,6.402,5.156
2026-09-01T16:50:00,machine-02,35.556,51.087,6.382,5.071
2026-09-01T16:51:00,machine-02,36.599,49.82,6.185,3.579
2026-09-01T16:52:00,machine-02,36.75,49.845,5.889,3.948
2026-09-01T16:53:00,machine-02,37.01,49.608,5.734,3.827
2026-09-01T16:54:00,machine-02,33.504,53.915,5.694,3.391
2026-09-01T16:55:00,machine-02,32.924,54.561,5.563,3.154
2026-09-01T16:56:00,machine-02,32.756,54.602,5.525,2.994
2026-09-01T16:57:00,machine-02,32.9,54.423,5.38,2.889
2026-09-01T16:58:00,machine-02,33.081,54.287,5.288,3.202
2026-09-01T16:59:00,machine-02,33.494,53.782,5.275,3.43
2026-09-01T17:00:00,machine-02,33.683,53.46,5.355,3.255
2026-09-01T17:01:00,machine-02,33.406,53.669,5.2,2.558
2026-09-01T17:02:00,machine-02,32.618,54.822,5.043,1.289
2026-09-01T17:03:00,machine-02,31.982,55.689,4.969,1.44
2026-09-01T17:04:00,machine-02,31.918,55.65,4.936,1.904
2026-09-01T17:05:00,machine-02,32.19,55.455,5.062,2.165
2026-09-01T17:06:00,machine-02,32.024,55.532,5.074,2.297
2026-09-01T17:07:00,machine-02,30.982,56.868,5.074,1.756
2026-09-01T17:08:00,machine-02,29.878,58.204,5.003,1.103
2026-09-01T17:09:00,machine-02,28.521,59.821,4.821,1.466
2026-09-01T17:10:00,machine-02,28.181,60.181,4.885,1.693
2026-09-01T17:11:00,machine-02,27.208,61.393,4.681,0.918
2026-08-31T17:28:00,machine-03,26.903,61.728,5.029,3.275
2026-08-31T17:29:00,machine-03,28.639,59.489,5.093,3.905
2026-08-31T17:30:00,machine-03,30.883,57.061,5.413,3.929
2026-08-31T17:31:00,machine-03,32.961,54.332,5.577,5.328
2026-08-31T17:32:00,machine-03,35.599,51.226,5.713,4.141
2026-08-31T17:33:00,machine-03,36.232,50.561,5.501,3.018
2026-08-31T17:34:00,machine-03,36.309,50.32,5.479,2.73
2026-08-31T17:35:00,machine-03,37.004,49.731,5.437,3.935
2026-08-31T17:36:00,machine-03,38.805,47.519,5.702,5.619
2026-08-31T17:37:00,machine-03,40.718,45.178,5.893,5.565
2026-08-31T17:38:00,machine-03,41.354,44.254,5.804,2.728
2026-08-31T17:39:00,machine-03,40.395,45.424,5.505,2.681
2026-08-31T17:40:00,machine-03,40.082,45.948,5.278,3.696
2026-08-31T17:41:00,machine-03,40.15,45.67,5.319,4.567
2026-08-31T17:42:00,machine-03,40.706,45.199,5.583,5.738
2026-08-31T17:43:00,machine-03,40.849,44.816,5.546,4.121
2026-08-31T17:44:00,machine-03,39.623,46.358,5.392,4.396
2026-08-31T17:45:00,machine-03,39.897,46.178,5.752,6.06
2026-08-31T17:46:00,machine-03,39.5,46.583,6.058,4.666
2026-08-31T17:47:00,machine-03,38.695,47.575,5.982,4.476
2026-08-31T17:48:00,machine-03,38.16,48.29,5.775,5.973
2026-08-31T17:49:00,machine-03,37.5,48.905,5.977,5.979
2026-08-31T17:50:00,machine-03,37.164,49.539,6.143,5.879
2026-08-31T17:51:00,machine-03,36.469,50.144,6.147,5.748
2026-08-31T17:52:00,machine-03,36.409,50.133,6.268,6.104
2026-08-31T17:53:00,machine-03,36.243,50.559,6.358,4.56
2026-08-31T17:54:00,machine-03,35.958,50.743,6.005,3.333
2026-08-31T17:55:00,machine-03,34.953,52.087,5.791,2.206
2026-08-31T17:56:00,machine-03,32.719,54.624,5.157,0.862
2026-08-31T17:57:00,machine-03,30.682,57.254,4.731,0.658
2026-08-31T17:58:00,machine-03,28.923,59.353,4.788,0.583
2026-08-31T17:59:00,machine-03,28.027,60.289,4.655,0.99
2026-08-31T18:00:00,machine-03,28.407,59.897,4.598,1.196
2026-08-31T18:01:00,machine-03,29.013,58.92,4.853,1.465
2026-08-31T18:02:00,machine-03,29.269,58.968,4.696,1.154
2026-08-31T18:03:00,machine-03,29.563,58.47,4.709,1.686
2026-08-31T18:04:00,machine-03,30.066,58.122,4.84,1.128
2026-08-31T18:05:00,machine-03,29.689,58.395,4.69,0.969
2026-08-31T18:06:00,machine-03,30.253,57.647,4.823,1.743
2026-08-31T18:07:00,machine-03,31.046,56.993,4.752,1.226
2026-08-31T18:08:00,machine-03,31.047,56.743,4.547,0.584
2026-08-31T18:09:00,machine-03,30.145,57.793,4.272,0.75
2026-08-31T18:10:00,machine-03,29.953,58.099,4.275,1.028
2026-08-31T18:11:00,machine-03,29.468,58.736,4.289,0.812
2026-08-31T18:12:00,machine-03,29.15,59.024,4.627,3.549
2026-08-31T18:13:00,machine-03,30.007,57.914,4.918,3.35
2026-08-31T18:14:00,machine-03,30.864,56.987,5.128,3.696
2026-08-31T18:15:00,machine-03,32.388,55.04,5.196,3.967
2026-08-31T18:16:00,machine-03,33.275,54.091,5.234,4.896
2026-08-31T18:17:00,machine-03,33.966,53.303,5.584,5.639
2026-08-31T18:18:00,machine-03,34.605,52.362,5.901,5.621
2026-08-31T18:19:00,machine-03,35.157,51.697,6.018,5.545
2026-08-31T18:20:00,machine-03,34.627,52.445,5.871,3.545
2026-08-31T18:21:00,machine-03,33.305,53.919,5.532,2.711
2026-08-31T18:22:00,machine-03,32.425,55.048,5.403,2.811
2026-08-31T18:23:00,machine-03,32.604,54.925,5.486,3.754
2026-08-31T18:24:00,machine-03,32.255,55.349,5.564,2.761
2026-08-31T18:25:00,machine-03,31.364,56.434,5.423,2.242
2026-08-31T18:26:00,machine-03,30.034,57.903,5.094,0.822
2026-08-31T18:27:00,machine-03,28.459,59.684,4.831,0.733
2026-08-31T18:28:00,machine-03,27.703,60.65,4.729,0.594
2026-08-31T18:29:00,machine-03,27.254,61.397,4.69,0.744
2026-08-31T18:30:00,machine-03,27.458,60.984,4.674,1.054
2026-08-31T18:31:00,machine-03,27.481,61.024,4.74,0.744
2026-08-31T18:32:00,machine-03,27.081,61.658,4.663,0.835
2026-08-31T18:33:00,machine-03,28.056,60.248,4.719,1.038
2026-08-31T18:34:00,machine-03,28.065,60.343,4.506,0.586
2026-08-31T18:35:00,machine-03,28.684,59.552,4.422,0.652
2026-08-31T18:36:00,machine-03,29.196,58.995,4.262,0.658
2026-08-31T18:37:00,machine-03,28.703,59.664,4.2,1.07
2026-08-31T18:38:00,machine-03,28.518,59.677,4.409,1.246
2026-08-31T18:39:00,machine-03,28.693,59.346,4.49,1.183
2026-08-31T18:40:00,machine-03,29.151,58.963,4.519,2.281
2026-08-31T18:41:00,machine-03,30.638,57.282,4.832,5.136
2026-08-31T18:42:00,machine-03,33.573,53.549,5.502,6.012
2026-08-31T18:43:00,machine-03,35.172,51.667,5.758,4.269
2026-08-31T18:44:00,machine-03,34.511,52.528,5.606,1.308
2026-08-31T18:45:00,machine-03,32.373,55.152,4.873,0.934
2026-08-31T18:46:00,machine-03,31.396,56.279,4.941,3.623
2026-08-31T18:47:00,machine-03,32.005,55.728,5.356,4.961
2026-08-31T18:48:00,machine-03,32.26,55.377,5.479,3.736
2026-08-31T18:49:00,machine-03,33.093,54.262,5.694,5.02
2026-08-31T18:50:00,machine-03,33.942,53.333,5.812,4.644
2026-08-31T18:51:00,machine-03,34.52,52.57,5.921,5.852
2026-08-31T18:52:00,machine-03,34.694,52.437,5.92,4.988
2026-08-31T18:53:00,machine-03,34.862,52.109,6.291,6.045
2026-08-31T18:54:00,machine-03,35.551,51.273,6.298,6.071
2026-08-31T18:55:00,machine-03,36.101,50.815,6.115,3.391
2026-08-31T18:56:00,machine-03,35.109,51.883,5.668,2.271
2026-08-31T18:57:00,machine-03,34.673,52.427,5.572,2.699
2026-08-31T18:58:00,machine-03,34.297,52.824,5.417,4.396
2026-08-31T18:59:00,machine-03,35.297,51.446,5.54,3.992
2026-08-31T19:00:00,machine-03,35.665,51.242,5.756,3.722
2026-08-31T19:01:00,machine-03,35.63,51.258,5.723,3.218
2026-08-31T19:02:00,machine-03,36.452,50.281,5.676,4.079
2026-08-31T19:03:00,machine-03,37.385,49.148,5.631,3.431
2026-08-31T19:04:00,machine-03,38.542,47.869,5.714,4.919
2026-08-31T19:05:00,machine-03,40.288,45.734,5.813,5.03
2026-08-31T19:06:00,machine-03,41.78,43.86,5.847,4.87
2026-08-31T19:07:00,machine-03,42.448,43.001,5.82,3.941
2026-08-31T19:08:00,machine-03,41.646,43.993,5.974,3.104
2026-08-31T19:09:00,machine-03,40.072,46.003,5.529,0.858
2026-08-31T19:10:00,machine-03,38.193,48.125,5.135,0.711
2026-08-31T19:11:00,machine-03,36.123,50.692,4.776,0.645
2026-08-31T19:12:00,machine-03,34.337,52.877,4.621,0.566
2026-08-31T19:13:00,machine-03,32.5,55.012,4.695,1.705
2026-08-31T19:14:00,machine-03,31.36,56.171,4.97,1.651
2026-08-31T19:15:00,machine-03,30.725,57.111,4.982,2.691
2026-08-31T19:16:00,machine-03,30.117,57.884,5.126,1.209
2026-08-31T19:17:00,machine-03,28.288,59.903,4.902,0.704
2026-08-31T19:18:00,machine-03,26.747,61.738,4.579,1.525
2026-08-31T19:19:00,machine-03,27.007,61.64,4.854,3.57
2026-08-31T19:20:00,machine-03,28.226,59.985,5.357,5.014
2026-08-31T19:21:00,machine-03,29.621,58.431,5.717,5.799
2026-08-31T19:22:00,machine-03,30.837,57.035,5.889,5.465
2026-08-31T19:23:00,machine-03,30.779,57.24,5.803,2.273
2026-08-31T19:24:00,machine-03,30.068,57.843,5.479,2.033
2026-08-31T19:25:00,machine-03,29.953,58.027,5.28,1.316
2026-08-31T19:26:00,machine-03,28.701,59.709,4.846,0.623
2026-08-31T19:27:00,machine-03,27.415,61.143,4.633,1.174
2026-08-31T19:28:00,machine-03,26.741,61.939,4.434,0.769
2026-08-31T19:29:00,machine-03,26.574,62.018,4.2,0.853
2026-08-31T19:30:00,machine-03,26.358,62.465,4.182,1.09
2026-08-31T19:31:00,machine-03,27.642,60.75,4.487,3.543
2026-08-31T19:32:00,machine-03,30.449,57.469,4.905,4.227
2026-08-31T19:33:00,machine-03,32.341,55.3,5.105,2.047
2026-08-31T19:34:00,machine-03,32.807,54.511,4.973,1.56
2026-08-31T19:35:00,machine-03,32.789,54.592,4.846,1.648
2026-08-31T19:36:00,machine-03,33.572,53.688,4.899,2.634
2026-08-31T19:37:00,machine-03,34.773,52.437,5.196,2.895
2026-08-31T19:38:00,machine-03,34.92,52.125,5.238,1.829
2026-08-31T19:39:00,machine-03,34.923,51.975,5.253,2.134
2026-08-31T19:40:00,machine-03,35.189,51.865,5.204,2.385
2026-08-31T19:41:00,machine-03,34.971,52.151,5.03,2.662
2026-08-31T19:42:00,machine-03,35.512,51.387,5.086,4.185
2026-08-31T19:43:00,machine-03,36.287,50.396,5.175,4.678
2026-08-31T19:44:00,machine-03,37.099,49.413,5.528,4.449
2026-08-31T19:45:00,machine-03,37.351,49.001,5.888,4.835
2026-08-31T19:46:00,machine-03,37.744,48.813,6.14,4.574
2026-08-31T19:47:00,machine-03,37.532,48.964,5.977,4.09
2026-08-31T19:48:00,machine-03,36.005,50.633,5.991,3.837
2026-08-31T19:49:00,machine-03,35.011,51.941,5.897,3.709
2026-08-31T19:50:00,machine-03,33.646,53.756,5.684,3.334
2026-08-31T19:51:00,machine-03,32.454,55.068,5.559,2.564
2026-08-31T19:52:00,machine-03,30.83,56.945,5.273,0.96
2026-08-31T19:53:00,machine-03,28.73,59.687,5.05,1.061
2026-08-31T19:54:00,machine-03,27.157,61.448,4.882,1.275
2026-08-31T19:55:00,machine-03,26.344,62.57,4.729,1.337
2026-08-31T19:56:00,machine-03,25.711,63.244,4.577,1.027
2026-08-31T19:57:00,machine-03,24.895,63.884,4.477,0.772
2026-08-31T19:58:00,machine-03,24.129,65.03,4.471,0.834
2026-08-31T19:59:00,machine-03,24.107,65.103,4.495,0.659
2026-08-31T20:00:00,machine-03,24.461,64.593,4.426,0.631
2026-08-31T20:01:00,machine-03,24.515,64.671,4.271,0.815
2026-08-31T20:02:00,machine-03,25.403,63.609,4.242,1.24
2026-08-31T20:03:00,machine-03,26.041,62.649,4.392,1.226
2026-08-31T20:04:00,machine-03,25.73,63.245,4.342,0.584
2026-08-31T20:05:00,machine-03,26.18,62.512,4.311,0.568
2026-08-31T20:06:00,machine-03,26.948,61.512,4.314,0.768
2026-08-31T20:07:00,machine-03,28.446,59.852,4.39,2.258
2026-08-31T20:08:00,machine-03,30.365,57.483,4.634,2.528
2026-08-31T20:09:00,machine-03,30.07,57.93,4.507,0.855
2026-08-31T20:10:00,machine-03,29.393,58.761,4.485,2.087
2026-08-31T20:11:00,machine-03,30.679,57.298,4.757,3.563
2026-08-31T20:12:00,machine-03,32.144,55.507,4.98,3.751
2026-08-31T20:13:00,machine-03,34.04,53.166,5.426,5.627
2026-08-31T20:14:00,machine-03,35.242,51.63,5.713,3.871
2026-08-31T20:15:00,machine-03,35.927,50.917,5.902,5.222
2026-08-31T20:16:00,machine-03,36.173,50.637,6.054,4.185
2026-08-31T20:17:00,machine-03,35.752,50.95,6.036,3.396
2026-08-31T20:18:00,machine-03,34.497,52.629,5.87,2.543
2026-08-31T20:19:00,machine-03,33.047,54.169,5.717,2.812
2026-08-31T20:20:00,machine-03,32.181,55.436,5.583,2.468
2026-08-31T20:21:00,machine-03,32.002,55.789,5.685,4.723
2026-08-31T20:22:00,machine-03,32.801,54.652,5.883,5.674
2026-08-31T20:23:00,machine-03,33.452,53.634,5.948,5.689
2026-08-31T20:24:00,machine-03,33.801,53.525,6.086,5.083
2026-08-31T20:25:00,machine-03,33.711,53.402,5.998,3.756
2026-08-31T20:26:00,machine-03,34.047,53.111,6.075,4.723
2026-08-31T20:27:00,machine-03,35.959,50.786,6.118,5.968
2026-08-31T20:28:00,machine-03,37.399,49.258,6.016,3.369
2026-08-31T20:29:00,machine-03,36.392,50.23,5.561,1.636
2026-08-31T20:30:00,machine-03,35.083,51.883,5.199,1.863
2026-08-31T20:31:00,machine-03,34.726,52.267,4.983,1.551
2026-08-31T20:32:00,machine-03,34.738,52.37,4.894,3.652
2026-08-31T20:33:00,machine-03,37.248,49.42,5.382,5.911
2026-08-31T20:34:00,machine-03,39.419,46.791,5.741,3.751
2026-08-31T20:35:00,machine-03,39.955,46.134,5.535,2.653
2026-08-31T20:36:00,machine-03,39.717,46.211,5.26,2.686
2026-08-31T20:37:00,machine-03,39.438,46.654,5.37,3.467
2026-08-31T20:38:00,machine-03,40.083,46.065,5.638,4.048
2026-08-31T20:39:00,machine-03,39.874,46.119,5.693,3.523
2026-08-31T20:40:00,machine-03,39.463,46.568,5.459,2.608
2026-08-31T20:41:00,machine-03,39.015,47.24,5.26,2.366
2026-08-31T20:42:00,machine-03,37.859,48.443,5.064,1.556
2026-08-31T20:43:00,machine-03,36.266,50.544,4.944,1.668
2026-08-31T20:44:00,machine-03,34.769,52.31,4.898,2.593
2026-08-31T20:45:00,machine-03,33.808,53.539,5.027,3.501
2026-08-31T20:46:00,machine-03,33.976,53.156,5.24,6.039
2026-08-31T20:47:00,machine-03,34.592,52.402,5.479,5.724
2026-08-31T20:48:00,machine-03,35.006,52.05,5.772,4.952
2026-08-31T20:49:00,machine-03,34.959,52.118,5.872,3.34
2026-08-31T20:50:00,machine-03,33.49,53.91,5.639,1.949
2026-08-31T20:51:00,machine-03,31.234,56.556,5.382,2.302
2026-08-31T20:52:00,machine-03,29.553,58.59,5.187,1.092
2026-08-31T20:53:00,machine-03,27.674,60.863,4.932,1.097
2026-08-31T20:54:00,machine-03,27.394,61.097,4.886,1.309
2026-08-31T20:55:00,machine-03,27.192,61.35,4.683,2.234
2026-08-31T20:56:00,machine-03,28.462,59.808,5.07,3.464
2026-08-31T20:57:00,machine-03,29.452,58.711,5.328,3.035
2026-08-31T20:58:00,machine-03,30.949,56.925,5.38,3.205
2026-08-31T20:59:00,machine-03,32.091,55.497,5.377,3.482
2026-08-31T21:00:00,machine-03,33.684,53.598,5.541,5.537
2026-08-31T21:01:00,machine-03,36.019,50.727,5.753,5.661
2026-08-31T21:02:00,machine-03,38.484,47.784,5.997,5.686
2026-08-31T21:03:00,machine-03,40.87,44.848,6.082,5.952
2026-08-31T21:04:00,machine-03,42.734,42.629,6.115,6.006
2026-08-31T21:05:00,machine-03,43.638,41.704,6.235,5.857
2026-08-31T21:06:00,machine-03,44.481,40.612,6.444,6.199
2026-08-31T21:07:00,machine-03,45.285,39.71,6.328,6.056
2026-08-31T21:08:00,machine-03,45.663,39.258,6.41,5.251
2026-08-31T21:09:00,machine-03,44.902,40.198,6.13,2.312
2026-08-31T21:10:00,machine-03,43.313,42.125,5.814,3.014
2026-08-31T21:11:00,machine-03,42.11,43.639,5.66,2.822
2026-08-31T21:12:00,machine-03,39.755,46.596,5.291,1.179
2026-08-31T21:13:00,machine-03,37.398,49.016,5.239,2.316
2026-08-31T21:14:00,machine-03,35.935,50.869,5.32,2.746
2026-08-31T21:15:00,machine-03,35.485,51.483,5.306,4.172
2026-08-31T21:16:00,machine-03,35.622,51.284,5.841,5.026
2026-08-31T21:17:00,machine-03,35.744,51.163,5.822,3.416
2026-08-31T21:18:00,machine-03,34.297,52.991,5.652,2.877
2026-08-31T21:19:00,machine-03,32.946,54.452,5.511,2.961
2026-08-31T21:20:00,machine-03,31.324,56.562,5.493,2.385
2026-08-31T21:21:00,machine-03,29.374,58.833,5.194,2.097
2026-08-31T21:22:00,machine-03,29.983,58.145,5.357,4.404
2026-08-31T21:23:00,machine-03,31.791,55.929,5.664,5.891
2026-08-31T21:24:00,machine-03,33.351,53.989,5.847,5.911
2026-08-31T21:25:00,machine-03,34.866,52.266,5.973,4.973
2026-08-31T21:26:00,machine-03,35.011,51.946,6.06,4.892
2026-08-31T21:27:00,machine-03,35.747,50.979,6.014,5.432
2026-08-31T21:28:00,machine-03,37.107,49.576,6.012,5.417
2026-08-31T21:29:00,machine-03,37.888,48.349,5.869,4.311
2026-08-31T21:30:00,machine-03,37.539,49.024,5.469,1.349
2026-08-31T21:31:00,machine-03,35.907,51.027,4.955,0.794
2026-08-31T21:32:00,machine-03,34.323,52.753,4.925,1.193
2026-08-31T21:33:00,machine-03,33.601,53.871,4.822,1.132
2026-08-31T21:34:00,machine-03,32.917,54.455,4.526,0.853
2026-08-31T21:35:00,machine-03,32.625,54.685,4.534,1.838
2026-08-31T21:36:00,machine-03,33.447,53.915,4.788,1.255
2026-08-31T21:37:00,machine-03,33.261,54.101,4.796,1.791
2026-08-31T21:38:00,machine-03,33.429,53.895,4.73,1.358
2026-08-31T21:39:00,machine-03,34.371,52.97,4.812,3.443
2026-08-31T21:40:00,machine-03,35.44,51.513,5.298,4.148
2026-08-31T21:41:00,machine-03,36.43,50.335,5.716,5.804
2026-08-31T21:42:00,machine-03,37.371,49.155,5.655,4.594
2026-08-31T21:43:00,machine-03,38.016,48.349,5.703,5.908
2026-08-31T21:44:00,machine-03,38.485,47.926,5.881,6.105
2026-08-31T21:45:00,machine-03,39.095,47.153,6.041,5.428
2026-08-31T21:46:00,machine-03,38.329,48.114,5.843,2.2
2026-08-31T21:47:00,machine-03,35.462,51.511,5.265,0.544
2026-08-31T21:48:00,machine-03,32.056,55.533,4.908,0.579
2026-08-31T21:49:00,machine-03,29.404,58.794,4.538,0.569
2026-08-31T21:50:00,machine-03,27.224,61.345,4.535,1.182
2026-08-31T21:51:00,machine-03,26.929,61.691,4.724,3.238
2026-08-31T21:52:00,machine-03,27.976,60.363,5.123,4.494
2026-08-31T21:53:00,machine-03,29.212,59.06,5.442,4.983
2026-08-31T21:54:00,machine-03,30.849,57.128,5.832,6.047
2026-08-31T21:55:00,machine-03,31.549,56.061,5.792,3.829
2026-08-31T21:56:00,machine-03,31.753,56.0,6.035,5.225
2026-08-31T21:57:00,machine-03,33.026,54.606,6.302,5.985
2026-08-31T21:58:00,machine-03,34.65,52.312,6.248,4.963
2026-08-31T21:59:00,machine-03,35.95,50.887,6.278,5.055
2026-08-31T22:00:00,machine-03,37.584,48.894,6.255,5.031
2026-08-31T22:01:00,machine-03,38.203,48.175,6.277,5.279
2026-08-31T22:02:00,machine-03,39.101,47.018,6.243,3.623
2026-08-31T22:03:00,machine-03,39.532,46.561,5.847,4.023
2026-08-31T22:04:00,machine-03,40.871,45.015,5.82,4.206
2026-08-31T22:05:00,machine-03,41.612,44.067,5.633,2.548
2026-08-31T22:06:00,machine-03,41.003,44.863,5.279,1.5
2026-08-31T22:07:00,machine-03,39.856,46.197,5.112,1.997
2026-08-31T22:08:00,machine-03,40.1,46.027,5.181,3.0
2026-08-31T22:09:00,machine-03,39.474,46.672,5.133,2.727
2026-08-31T22:10:00,machine-03,39.364,46.626,5.278,3.793
2026-08-31T22:11:00,machine-03,39.58,46.346,5.287,2.386
2026-08-31T22:12:00,machine-03,37.765,48.663,4.927,0.748
2026-08-31T22:13:00,machine-03,35.888,50.974,4.574,0.728
2026-08-31T22:14:00,machine-03,33.521,53.725,4.428,0.684
2026-08-31T22:15:00,machine-03,31.617,56.293,4.427,0.849
2026-08-31T22:16:00,machine-03,30.167,57.8,4.572,1.428
2026-08-31T22:17:00,machine-03,29.705,58.275,4.842,3.079
2026-08-31T22:18:00,machine-03,30.389,57.685,5.259,3.94
2026-08-31T22:19:00,machine-03,30.794,57.082,5.467,3.039
2026-08-31T22:20:00,machine-03,30.126,57.808,5.534,2.205
2026-08-31T22:21:00,machine-03,28.82,59.227,5.393,2.271
2026-08-31T22:22:00,machine-03,28.033,60.52,5.252,1.237
2026-08-31T22:23:00,machine-03,25.999,62.659,4.732,1.584
2026-08-31T22:24:00,machine-03,26.139,62.676,4.947,4.453
2026-08-31T22:25:00,machine-03,28.379,60.035,5.504,4.757
2026-08-31T22:26:00,machine-03,29.349,58.663,5.693,2.944
2026-08-31T22:27:00,machine-03,28.796,59.387,5.271,0.583
2026-08-31T22:28:00,machine-03,27.745,60.874,4.718,0.717
2026-08-31T22:29:00,machine-03,27.664,60.979,4.755,1.544
2026-08-31T22:30:00,machine-03,27.54,60.807,4.6,0.999
2026-08-31T22:31:00,machine-03,27.24,61.354,4.548,0.679
2026-08-31T22:32:00,machine-03,27.894,60.533,4.493,1.268
2026-08-31T22:33:00,machine-03,29.109,59.188,4.651,1.653
2026-08-31T22:34:00,machine-03,30.724,57.149,4.55,1.979
2026-08-31T22:35:00,machine-03,32.624,54.74,4.89,3.501
2026-08-31T22:36:00,machine-03,34.376,52.691,5.175,2.67
2026-08-31T22:37:00,machine-03,34.5,52.659,5.183,2.182
2026-08-31T22:38:00,machine-03,35.402,51.537,5.19,3.864
2026-08-31T22:39:00,machine-03,37.86,48.566,5.684,5.817
2026-08-31T22:40:00,machine-03,39.244,46.872,5.81,4.513
2026-08-31T22:41:00,machine-03,40.28,45.603,5.909,4.758
2026-08-31T22:42:00,machine-03,39.754,46.233,5.713,2.578
2026-08-31T22:43:00,machine-03,37.914,48.44,5.503,2.508
2026-08-31T22:44:00,machine-03,37.052,49.538,5.435,4.15
2026-08-31T22:45:00,machine-03,37.115,49.635,5.51,5.479
2026-08-31T22:46:00,machine-03,37.201,49.299,5.72,4.365
2026-08-31T22:47:00,machine-03,36.467,50.103,5.663,2.838
2026-08-31T22:48:00,machine-03,34.94,52.044,5.41,1.961
2026-08-31T22:49:00,machine-03,32.863,54.682,5.374,2.445
2026-08-31T22:50:00,machine-03,31.437,56.322,5.28,2.498
2026-08-31T22:51:00,machine-03,30.2,57.581,5.073,2.618
2026-08-31T22:52:00,machine-03,28.631,59.677,5.07,2.249
2026-08-31T22:53:00,machine-03,28.156,60.044,5.286,2.476
2026-08-31T22:54:00,machine-03,27.93,60.522,5.116,2.28
2026-08-31T22:55:00,machine-03,28.81,59.511,5.395,4.837
2026-08-31T22:56:00,machine-03,30.842,57.112,5.732,5.837
2026-08-31T22:57:00,machine-03,32.923,54.477,5.947,6.338
2026-08-31T22:58:00,machine-03,34.822,52.321,6.191,6.28
2026-08-31T22:59:00,machine-03,36.32,50.521,6.063,4.595
2026-08-31T23:00:00,machine-03,36.913,49.619,5.726,2.737
2026-08-31T23:01:00,machine-03,37.137,49.376,5.578,2.716
2026-08-31T23:02:00,machine-03,37.997,48.352,5.544,3.272
2026-08-31T23:03:00,machine-03,38.763,47.425,5.459,4.058
2026-08-31T23:04:00,machine-03,40.236,45.606,5.54,4.002
2026-08-31T23:05:00,machine-03,40.402,45.624,5.722,4.093
2026-08-31T23:06:00,machine-03,40.819,45.126,5.831,4.231
2026-08-31T23:07:00,machine-03,41.33,44.626,5.889,3.273
2026-08-31T23:08:00,machine-03,41.425,44.347,5.659,3.09
2026-08-31T23:09:00,machine-03,40.77,44.987,5.631,1.042
2026-08-31T23:10:00,machine-03,38.737,47.376,5.225,0.736
2026-08-31T23:11:00,machine-03,35.992,50.892,4.882,1.077
2026-08-31T23:12:00,machine-03,34.349,52.676,4.804,2.392
2026-08-31T23:13:00,machine-03,34.469,52.716,5.189,4.811
2026-08-31T23:14:00,machine-03,35.057,52.036,5.799,3.514
2026-08-31T23:15:00,machine-03,34.459,52.829,5.691,2.132
2026-08-31T23:16:00,machine-03,33.204,54.222,5.545,3.023
2026-08-31T23:17:00,machine-03,32.497,55.015,5.526,2.72
2026-08-31T23:18:00,machine-03,31.161,56.718,5.444,2.612
2026-08-31T23:19:00,machine-03,30.627,57.244,5.451,2.75
2026-08-31T23:20:00,machine-03,29.867,58.163,5.451,2.556
2026-08-31T23:21:00,machine-03,28.995,59.146,5.428,2.554
2026-08-31T23:22:00,machine-03,28.477,59.793,5.156,1.461
2026-08-31T23:23:00,machine-03,27.053,61.48,4.749,0.808
2026-08-31T23:24:00,machine-03,26.553,62.354,4.501,1.008
2026-08-31T23:25:00,machine-03,25.784,63.058,4.376,1.476
2026-08-31T23:26:00,machine-03,25.443,63.598,4.761,2.706
2026-08-31T23:27:00,machine-03,26.573,62.215,5.049,1.86
2026-08-31T23:28:00,machine-03,27.419,61.04,4.991,2.484
2026-08-31T23:29:00,machine-03,30.01,58.077,5.312,5.604
2026-08-31T23:30:00,machine-03,32.991,54.326,5.766,6.004
2026-08-31T23:31:00,machine-03,35.612,51.317,6.051,5.872
2026-08-31T23:32:00,machine-03,38.533,47.53,6.092,5.279
2026-08-31T23:33:00,machine-03,40.287,45.734,5.923,4.867
2026-08-31T23:34:00,machine-03,40.888,45.133,5.666,3.545
2026-08-31T23:35:00,machine-03,40.647,45.259,5.433,3.713
2026-08-31T23:36:00,machine-03,41.555,44.01,5.511,4.212
2026-08-31T23:37:00,machine-03,41.797,43.809,5.561,3.236
2026-08-31T23:38:00,machine-03,41.133,44.585,5.542,1.782
2026-08-31T23:39:00,machine-03,39.201,46.867,5.256,0.896
2026-08-31T23:40:00,machine-03,36.915,49.697,4.831,0.542
2026-08-31T23:41:00,machine-03,34.215,52.847,4.741,0.609
2026-08-31T23:42:00,machine-03,32.287,55.146,4.738,0.851
2026-08-31T23:43:00,machine-03,31.778,55.863,4.418,0.904
2026-08-31T23:44:00,machine-03,30.973,56.847,4.335,1.395
2026-08-31T23:45:00,machine-03,30.096,58.014,4.467,1.828
2026-08-31T23:46:00,machine-03,30.049,57.745,4.767,3.704
2026-08-31T23:47:00,machine-03,31.217,56.537,5.153,3.572
2026-08-31T23:48:00,machine-03,30.392,57.6,5.201,2.034
2026-08-31T23:49:00,machine-03,28.858,59.271,5.052,1.742
2026-08-31T23:50:00,machine-03,28.405,59.855,4.907,1.926
2026-08-31T23:51:00,machine-03,28.552,59.805,5.01,3.191
2026-08-31T23:52:00,machine-03,29.066,59.074,5.108,2.837
2026-08-31T23:53:00,machine-03,28.657,59.561,5.051,2.517
2026-08-31T23:54:00,machine-03,28.39,60.017,5.064,3.074
2026-08-31T23:55:00,machine-03,29.464,58.47,5.25,4.633
2026-08-31T23:56:00,machine-03,30.873,56.839,5.611,4.426
2026-08-31T23:57:00,machine-03,31.418,56.487,5.557,2.509
2026-08-31T23:58:00,machine-03,31.471,56.301,5.263,1.655
2026-08-31T23:59:00,machine-03,31.207,56.61,4.868,1.09
2026-09-01T00:00:00,machine-03,31.048,56.929,4.826,1.575
2026-09-01T00:01:00,machine-03,30.591,57.339,4.721,0.734
2026-09-01T00:02:00,machine-03,30.091,58.12,4.765,0.589
2026-09-01T00:03:00,machine-03,29.041,59.208,4.441,0.668
2026-09-01T00:04:00,machine-03,28.753,59.412,4.331,0.563
2026-09-01T00:05:00,machine-03,29.081,59.108,4.38,0.63
2026-09-01T00:06:00,machine-03,28.782,59.437,4.354,0.687
2026-09-01T00:07:00,machine-03,29.071,59.01,4.598,1.247
2026-09-01T00:08:00,machine-03,30.178,57.629,4.849,3.097
2026-09-01T00:09:00,machine-03,31.903,55.612,5.127,3.741
2026-09-01T00:10:00,machine-03,34.139,52.94,5.561,5.326
2026-09-01T00:11:00,machine-03,36.025,50.644,5.649,4.182
2026-09-01T00:12:00,machine-03,36.933,49.761,5.778,4.743
2026-09-01T00:13:00,machine-03,38.23,48.108,5.931,5.228
2026-09-01T00:14:00,machine-03,38.433,47.81,5.99,3.8
2026-09-01T00:15:00,machine-03,38.135,48.328,6.194,5.316
2026-09-01T00:16:00,machine-03,37.847,48.548,6.131,4.588
2026-09-01T00:17:00,machine-03,36.906,49.722,6.013,3.318
2026-09-01T00:18:00,machine-03,35.398,51.441,5.838,3.104
2026-09-01T00:19:00,machine-03,34.772,52.233,5.865,5.728
2026-09-01T00:20:00,machine-03,34.853,52.091,5.962,4.419
2026-09-01T00:21:00,machine-03,34.419,52.63,6.072,5.02
2026-09-01T00:22:00,machine-03,33.749,53.515,5.938,3.628
2026-09-01T00:23:00,machine-03,31.828,55.981,5.582,1.623
2026-09-01T00:24:00,machine-03,29.648,58.613,5.233,0.809
2026-09-01T00:25:00,machine-03,27.958,60.388,4.823,0.693
2026-09-01T00:26:00,machine-03,26.57,61.95,4.404,0.62
2026-09-01T00:27:00,machine-03,25.533,63.321,4.283,0.63
2026-09-01T00:28:00,machine-03,25.073,64.009,4.232,0.53
2026-09-01T00:29:00,machine-03,24.469,64.479,4.318,0.658
2026-09-01T00:30:00,machine-03,24.418,64.778,4.571,0.753
2026-09-01T00:31:00,machine-03,24.757,64.27,4.475,0.583
2026-09-01T00:32:00,machine-03,25.873,63.061,4.6,1.556
2026-09-01T00:33:00,machine-03,28.041,60.409,4.862,3.039
2026-09-01T00:34:00,machine-03,29.553,58.701,4.922,1.98
2026-09-01T00:35:00,machine-03,30.118,57.985,4.75,1.394
2026-09-01T00:36:00,machine-03,30.066,57.752,4.856,1.627
2026-09-01T00:37:00,machine-03,30.502,57.305,4.983,1.848
2026-09-01T00:38:00,machine-03,31.746,55.765,4.918,3.299
2026-09-01T00:39:00,machine-03,33.461,54.198,5.156,3.65
2026-09-01T00:40:00,machine-03,35.027,51.833,5.335,3.834
2026-09-01T00:41:00,machine-03,35.98,50.844,5.611,4.396
2026-09-01T00:42:00,machine-03,36.789,49.9,5.847,4.119
2026-09-01T00:43:00,machine-03,36.935,49.727,5.791,3.569
2026-09-01T00:44:00,machine-03,36.536,50.012,5.572,3.47
2026-09-01T00:45:00,machine-03,36.346,50.553,5.434,3.26
2026-09-01T00:46:00,machine-03,35.634,51.209,5.16,3.439
2026-09-01T00:47:00,machine-03,34.931,51.999,5.357,2.687
2026-09-01T00:48:00,machine-03,33.375,53.934,5.172,1.252
2026-09-01T00:49:00,machine-03,30.861,56.987,4.853,0.741
2026-09-01T00:50:00,machine-03,28.572,59.603,4.617,1.262
2026-09-01T00:51:00,machine-03,28.51,59.699,4.94,5.243
2026-09-01T00:52:00,machine-03,30.162,58.022,5.407,6.147
2026-09-01T00:53:00,machine-03,32.107,55.601,5.809,5.423
2026-09-01T00:54:00,machine-03,33.395,53.965,6.021,5.059
2026-09-01T00:55:00,machine-03,34.144,52.955,5.907,4.778
2026-09-01T00:56:00,machine-03,35.36,51.399,6.018,5.185
2026-09-01T00:57:00,machine-03,35.0,52.055,5.792,2.578
2026-09-01T00:58:00,machine-03,33.591,53.671,5.46,1.236
2026-09-01T00:59:00,machine-03,32.231,55.158,5.014,1.797
2026-09-01T01:00:00,machine-03,32.466,55.012,5.05,1.758
2026-09-01T01:01:00,machine-03,31.635,55.974,4.903,1.278
2026-09-01T01:02:00,machine-03,32.172,55.561,4.91,2.16
2026-09-01T01:03:00,machine-03,33.503,53.818,4.932,4.045
2026-09-01T01:04:00,machine-03,36.103,50.586,5.181,4.679
2026-09-01T01:05:00,machine-03,37.531,49.074,5.26,3.015
2026-09-01T01:06:00,machine-03,37.465,49.017,5.261,2.625
2026-09-01T01:07:00,machine-03,36.446,50.288,5.189,0.746
2026-09-01T01:08:00,machine-03,34.766,52.364,4.793,0.615
2026-09-01T01:09:00,machine-03,33.762,53.476,4.742,2.202
2026-09-01T01:10:00,machine-03,34.528,52.521,4.93,3.38
2026-09-01T01:11:00,machine-03,36.249,50.384,5.598,5.772
2026-09-01T01:12:00,machine-03,37.47,49.049,5.961,4.948
2026-09-01T01:13:00,machine-03,38.702,47.576,6.088,5.591
2026-09-01T01:14:00,machine-03,39.124,46.923,6.159,4.647
2026-09-01T01:15:00,machine-03,39.123,47.166,6.093,4.359
2026-09-01T01:16:00,machine-03,38.854,47.593,5.854,5.026
2026-09-01T01:17:00,machine-03,38.844,47.387,5.819,5.77
2026-09-01T01:18:00,machine-03,38.219,48.127,5.873,4.171
2026-09-01T01:19:00,machine-03,36.574,49.925,5.723,2.565
2026-09-01T01:20:00,machine-03,35.182,51.761,5.45,3.093
2026-09-01T01:21:00,machine-03,34.631,52.45,5.67,3.572
2026-09-01T01:22:00,machine-03,33.892,53.21,5.693,3.069
2026-09-01T01:23:00,machine-03,33.118,54.271,5.595,3.072
2026-09-01T01:24:00,machine-03,32.54,55.061,5.585,3.773
2026-09-01T01:25:00,machine-03,33.006,54.428,5.746,5.494
2026-09-01T01:26:00,machine-03,33.956,53.277,5.694,3.397
2026-09-01T01:27:00,machine-03,34.183,52.993,5.61,2.663
2026-09-01T01:28:00,machine-03,34.294,52.794,5.646,2.799
2026-09-01T01:29:00,machine-03,35.465,51.578,5.732,5.244
2026-09-01T01:30:00,machine-03,37.011,49.677,5.988,6.052
2026-09-01T01:31:00,machine-03,38.266,48.165,6.043,3.374
2026-09-01T01:32:00,machine-03,37.343,49.165,5.608,1.895
2026-09-01T01:33:00,machine-03,37.107,49.33,5.388,3.75
2026-09-01T01:34:00,machine-03,38.025,48.463,5.367,3.389
2026-09-01T01:35:00,machine-03,37.927,48.628,5.09,2.326
2026-09-01T01:36:00,machine-03,37.86,48.528,5.008,3.168
2026-09-01T01:37:00,machine-03,39.592,46.435,5.335,4.714
2026-09-01T01:38:00,machine-03,40.799,45.16,5.619,4.174
2026-09-01T01:39:00,machine-03,40.976,44.765,5.807,4.744
2026-09-01T01:40:00,machine-03,40.973,44.851,5.801,4.538
2026-09-01T01:41:00,machine-03,41.176,44.833,6.069,4.785
2026-09-01T01:42:00,machine-03,40.798,44.959,5.875,2.385
2026-09-01T01:43:00,machine-03,39.754,46.405,5.739,3.549
2026-09-01T01:44:00,machine-03,39.369,46.81,5.713,3.953
2026-09-01T01:45:00,machine-03,38.999,47.325,5.828,5.494
2026-09-01T01:46:00,machine-03,38.286,48.037,5.737,4.437
2026-09-01T01:47:00,machine-03,37.697,48.648,5.723,5.651
2026-09-01T01:48:00,machine-03,36.702,50.053,5.782,3.525
2026-09-01T01:49:00,machine-03,35.632,51.167,5.713,4.188
2026-09-01T01:50:00,machine-03,35.909,50.998,5.855,5.423
2026-09-01T01:51:00,machine-03,36.482,50.003,5.96,5.856
2026-09-01T01:52:00,machine-03,36.651,49.945,6.168,5.016
2026-09-01T01:53:00,machine-03,36.574,50.175,6.284,5.52
2026-09-01T01:54:00,machine-03,36.198,50.597,5.959,3.9
2026-09-01T01:55:00,machine-03,35.626,51.368,5.642,3.41
2026-09-01T01:56:00,machine-03,34.848,52.322,5.338,2.273
2026-09-01T01:57:00,machine-03,33.901,53.396,5.0,1.744
2026-09-01T01:58:00,machine-03,33.058,54.316,4.941,1.472
2026-09-01T01:59:00,machine-03,31.413,56.41,4.736,0.705
2026-09-01T02:00:00,machine-03,29.835,58.225,4.496,0.985
2026-09-01T02:01:00,machine-03,29.261,58.795,4.631,0.741
2026-09-01T02:02:00,machine-03,28.839,59.425,4.632,1.187
2026-09-01T02:03:00,machine-03,29.475,58.747,4.659,1.368
2026-09-01T02:04:00,machine-03,30.46,57.472,4.685,2.345
2026-09-01T02:05:00,machine-03,32.381,55.095,5.037,2.665
2026-09-01T02:06:00,machine-03,33.056,54.126,5.018,1.244
2026-09-01T02:07:00,machine-03,33.118,54.402,4.762,1.407
2026-09-01T02:08:00,machine-03,33.521,53.682,4.787,1.742
2026-09-01T02:09:00,machine-03,33.427,53.85,4.884,1.306
2026-09-01T02:10:00,machine-03,33.237,54.026,4.988,1.439
2026-09-01T02:11:00,machine-03,33.521,53.61,4.832,1.827
2026-09-01T02:12:00,machine-03,33.538,53.587,4.812,1.429
2026-09-01T02:13:00,machine-03,32.874,54.553,5.083,3.279
2026-09-01T02:14:00,machine-03,32.661,54.74,5.223,2.805
2026-09-01T02:15:00,machine-03,32.132,55.51,5.122,2.767
2026-09-01T02:16:00,machine-03,31.934,55.6,5.093,2.616
2026-09-01T02:17:00,machine-03,31.475,56.228,5.0,2.499
2026-09-01T02:18:00,machine-03,31.577,56.21,5.002,3.357
2026-09-01T02:19:00,machine-03,32.418,55.139,5.28,5.567
2026-09-01T02:20:00,machine-03,33.257,54.182,5.697,5.902
2026-09-01T02:21:00,machine-03,34.003,53.014,5.827,5.895
2026-09-01T02:22:00,machine-03,34.195,52.951,5.889,4.591
2026-09-01T02:23:00,machine-03,33.93,53.177,5.932,4.924
2026-09-01T02:24:00,machine-03,35.065,51.862,6.08,5.935
2026-09-01T02:25:00,machine-03,35.985,50.604,6.067,5.352
2026-09-01T02:26:00,machine-03,36.646,50.132,6.046,4.889
2026-09-01T02:27:00,machine-03,36.173,50.585,6.07,4.236
2026-09-01T02:28:00,machine-03,36.231,50.466,5.819,4.268
2026-09-01T02:29:00,machine-03,37.697,48.717,5.923,6.148
2026-09-01T02:30:00,machine-03,39.157,47.088,5.944,6.042
2026-09-01T02:31:00,machine-03,40.747,45.127,5.983,5.578
2026-09-01T02:32:00,machine-03,42.393,42.948,6.017,6.18
2026-09-01T02:33:00,machine-03,43.362,41.885,5.925,4.91
2026-09-01T02:34:00,machine-03,42.963,42.599,5.79,2.701
2026-09-01T02:35:00,machine-03,41.735,43.997,5.828,3.122
2026-09-01T02:36:00,machine-03,41.264,44.69,5.814,3.868
2026-09-01T02:37:00,machine-03,41.324,44.522,5.82,3.852
2026-09-01T02:38:00,machine-03,41.594,43.979,5.785,3.253
2026-09-01T02:39:00,machine-03,41.998,43.522,5.838,4.666
2026-09-01T02:40:00,machine-03,42.499,43.055,6.03,4.426
2026-09-01T02:41:00,machine-03,42.631,42.861,6.063,4.669
2026-09-01T02:42:00,machine-03,41.474,44.437,5.894,3.484
2026-09-01T02:43:00,machine-03,40.945,44.777,5.853,4.855
2026-09-01T02:44:00,machine-03,40.39,45.642,5.842,5.001
2026-09-01T02:45:00,machine-03,41.084,44.787,6.027,5.927
2026-09-01T02:46:00,machine-03,41.389,44.146,6.026,5.369
2026-09-01T02:47:00,machine-03,40.139,45.722,5.961,3.836
2026-09-01T02:48:00,machine-03,38.471,47.825,5.888,3.953
2026-09-01T02:49:00,machine-03,36.465,50.335,5.692,2.292
2026-09-01T02:50:00,machine-03,33.807,53.291,5.474,0.959
2026-09-01T02:51:00,machine-03,30.447,57.502,4.989,0.581
2026-09-01T02:52:00,machine-03,28.606,59.634,4.8,0.798
2026-09-01T02:53:00,machine-03,26.928,61.492,4.679,0.646
2026-09-01T02:54:00,machine-03,24.923,64.112,4.439,0.634
2026-09-01T02:55:00,machine-03,24.262,65.025,4.413,0.644
2026-09-01T02:56:00,machine-03,23.87,65.34,4.494,0.647
2026-09-01T02:57:00,machine-03,24.213,64.835,4.633,1.646
2026-09-01T02:58:00,machine-03,24.763,64.301,4.635,1.055
2026-09-01T02:59:00,machine-03,25.522,63.268,4.602,2.034
2026-09-01T03:00:00,machine-03,28.098,60.335,4.858,3.026
2026-09-01T03:01:00,machine-03,29.897,58.008,5.053,2.564
2026-09-01T03:02:00,machine-03,31.328,56.286,5.087,2.255
2026-09-01T03:03:00,machine-03,32.3,55.225,5.038,1.466
2026-09-01T03:04:00,machine-03,32.485,55.111,4.937,1.432
2026-09-01T03:05:00,machine-03,33.042,54.35,4.667,1.062
2026-09-01T03:06:00,machine-03,33.671,53.843,4.799,2.894
2026-09-01T03:07:00,machine-03,35.204,51.663,5.157,3.586
2026-09-01T03:08:00,machine-03,35.951,51.033,5.249,4.026
2026-09-01T03:09:00,machine-03,36.771,49.759,5.419,4.004
2026-09-01T03:10:00,machine-03,36.932,49.79,5.466,3.795
2026-09-01T03:11:00,machine-03,36.631,50.061,5.332,1.759
2026-09-01T03:12:00,machine-03,35.232,51.669,5.048,1.532
2026-09-01T03:13:00,machine-03,34.163,52.854,5.006,1.735
2026-09-01T03:14:00,machine-03,32.58,54.844,4.901,0.946
2026-09-01T03:15:00,machine-03,30.37,57.455,4.674,0.693
2026-09-01T03:16:00,machine-03,29.348,58.687,4.689,1.704
2026-09-01T03:17:00,machine-03,27.773,60.542,4.585,0.872
2026-09-01T03:18:00,machine-03,26.225,62.686,4.637,0.652
2026-09-01T03:19:00,machine-03,24.68,64.321,4.475,0.785
2026-09-01T03:20:00,machine-03,23.701,65.581,4.453,1.132
2026-09-01T03:21:00,machine-03,22.768,66.764,4.476,0.66
2026-09-01T03:22:00,machine-03,21.419,68.229,4.231,0.627
2026-09-01T03:23:00,machine-03,20.995,68.883,4.256,1.437
2026-09-01T03:24:00,machine-03,22.161,67.37,4.796,3.2
2026-09-01T03:25:00,machine-03,24.441,64.68,5.114,4.908
2026-09-01T03:26:00,machine-03,26.865,61.843,5.252,4.498
2026-09-01T03:27:00,machine-03,29.095,59.037,5.505,5.54
2026-09-01T03:28:00,machine-03,31.515,56.111,5.771,5.727
2026-09-01T03:29:00,machine-03,33.16,54.181,5.785,3.133
2026-09-01T03:30:00,machine-03,33.099,54.247,5.461,2.766
2026-09-01T03:31:00,machine-03,33.903,53.346,5.442,3.165
2026-09-01T03:32:00,machine-03,33.738,53.508,5.297,1.66
2026-09-01T03:33:00,machine-03,33.546,53.915,5.132,1.901
2026-09-01T03:34:00,machine-03,33.788,53.468,5.094,1.396
2026-09-01T03:35:00,machine-03,33.87,53.314,5.032,1.76
2026-09-01T03:36:00,machine-03,34.526,52.402,5.069,2.536
2026-09-01T03:37:00,machine-03,35.378,51.651,5.121,2.873
2026-09-01T03:38:00,machine-03,35.63,51.272,5.002,2.027
2026-09-01T03:39:00,machine-03,34.671,52.462,4.806,1.024
2026-09-01T03:40:00,machine-03,33.649,53.524,4.845,2.242
2026-09-01T03:41:00,machine-03,34.599,52.336,5.17,5.038
2026-09-01T03:42:00,machine-03,36.24,50.364,5.482,5.707
2026-09-01T03:43:00,machine-03,37.61,49.022,5.761,6.068
2026-09-01T03:44:00,machine-03,38.059,48.141,5.912,5.338
2026-09-01T03:45:00,machine-03,38.329,47.936,6.03,5.366
2026-09-01T03:46:00,machine-03,38.119,48.407,6.005,5.266
2026-09-01T03:47:00,machine-03,37.854,48.577,5.851,2.661
2026-09-01T03:48:00,machine-03,36.142,50.445,5.667,2.314
2026-09-01T03:49:00,machine-03,34.718,52.509,5.55,2.636
2026-09-01T03:50:00,machine-03,33.98,53.219,5.414,3.067
2026-09-01T03:51:00,machine-03,32.587,54.986,5.24,1.913
2026-09-01T03:52:00,machine-03,30.83,56.906,5.116,2.32
2026-09-01T03:53:00,machine-03,29.323,58.655,5.149,1.544
2026-09-01T03:54:00,machine-03,27.485,60.986,4.858,0.642
2026-09-01T03:55:00,machine-03,26.353,62.428,4.578,0.823
2026-09-01T03:56:00,machine-03,25.467,63.446,4.33,0.657
2026-09-01T03:57:00,machine-03,24.808,64.18,4.276,0.865
2026-09-01T03:58:00,machine-03,25.539,63.214,4.374,1.76
2026-09-01T03:59:00,machine-03,26.733,62.023,4.718,1.85
2026-09-01T04:00:00,machine-03,27.379,61.177,4.679,1.162
2026-09-01T04:01:00,machine-03,28.475,59.749,4.69,1.916
2026-09-01T04:02:00,machine-03,29.362,58.87,4.739,1.393
2026-09-01T04:03:00,machine-03,29.886,58.07,4.735,1.003
2026-09-01T04:04:00,machine-03,29.94,58.23,4.539,0.95
2026-09-01T04:05:00,machine-03,29.937,58.293,4.498,0.856
2026-09-01T04:06:00,machine-03,29.667,58.579,4.471,0.708
2026-09-01T04:07:00,machine-03,29.178,59.2,4.442,0.909
2026-09-01T04:08:00,machine-03,29.814,57.962,4.276,1.713
2026-09-01T04:09:00,machine-03,31.847,55.692,4.764,3.698
2026-09-01T04:10:00,machine-03,33.383,53.886,4.914,3.477
2026-09-01T04:11:00,machine-03,34.632,52.473,5.188,4.362
2026-09-01T04:12:00,machine-03,34.763,52.48,5.292,2.919
2026-09-01T04:13:00,machine-03,34.985,52.027,5.406,4.428
2026-09-01T04:14:00,machine-03,35.84,50.986,5.69,5.011
2026-09-01T04:15:00,machine-03,35.604,51.077,5.943,4.508
2026-09-01T04:16:00,machine-03,34.705,52.369,5.852,2.978
2026-09-01T04:17:00,machine-03,33.456,53.963,5.597,2.428
2026-09-01T04:18:00,machine-03,31.597,56.194,5.376,1.159
2026-09-01T04:19:00,machine-03,29.115,59.173,4.792,0.868
2026-09-01T04:20:00,machine-03,27.162,61.216,4.641,1.34
2026-09-01T04:21:00,machine-03,25.796,62.94,4.862,1.702
2026-09-01T04:22:00,machine-03,25.258,63.73,4.961,1.411
2026-09-01T04:23:00,machine-03,25.045,64.047,4.817,1.045
2026-09-01T04:24:00,machine-03,24.646,64.498,4.816,1.077
2026-09-01T04:25:00,machine-03,24.638,64.558,4.668,2.099
2026-09-01T04:26:00,machine-03,25.384,63.629,4.93,2.959
2026-09-01T04:27:00,machine-03,27.306,61.231,5.183,3.437
2026-09-01T04:28:00,machine-03,28.714,59.495,5.375,3.159
2026-09-01T04:29:00,machine-03,30.361,57.451,5.471,4.078
2026-09-01T04:30:00,machine-03,32.845,54.616,5.618,5.6
2026-09-01T04:31:00,machine-03,34.853,52.218,5.738,4.945
2026-09-01T04:32:00,machine-03,37.394,49.077,6.084,5.16
2026-09-01T04:33:00,machine-03,39.119,46.967,6.094,4.179
2026-09-01T04:34:00,machine-03,39.641,46.544,5.846,3.691
2026-09-01T04:35:00,machine-03,39.695,46.367,5.655,3.124
2026-09-01T04:36:00,machine-03,40.883,44.817,5.525,5.403
2026-09-01T04:37:00,machine-03,42.403,43.23,5.655,5.111
2026-09-01T04:38:00,machine-03,42.614,42.647,5.65,3.334
2026-09-01T04:39:00,machine-03,42.639,42.835,5.772,4.021
2026-09-01T04:40:00,machine-03,42.014,43.562,5.737,3.336
2026-09-01T04:41:00,machine-03,41.078,44.726,5.556,3.596
2026-09-01T04:42:00,machine-03,40.354,45.664,5.358,2.633
2026-09-01T04:43:00,machine-03,38.488,47.835,5.039,1.093
2026-09-01T04:44:00,machine-03,35.582,51.325,4.673,0.616
2026-09-01T04:45:00,machine-03,33.043,54.17,4.62,0.717
2026-09-01T04:46:00,machine-03,31.212,56.541,4.522,1.18
2026-09-01T04:47:00,machine-03,30.483,57.33,4.703,2.235
2026-09-01T04:48:00,machine-03,29.964,58.093,4.826,2.302
2026-09-01T04:49:00,machine-03,28.986,59.233,4.923,2.124
2026-09-01T04:50:00,machine-03,27.508,61.095,4.688,1.098
2026-09-01T04:51:00,machine-03,25.846,62.918,4.591,0.662
2026-09-01T04:52:00,machine-03,24.803,64.387,4.427,0.802
2026-09-01T04:53:00,machine-03,23.772,65.321,4.364,0.569
2026-09-01T04:54:00,machine-03,22.218,67.436,4.292,0.541
2026-09-01T04:55:00,machine-03,20.51,69.264,4.226,0.607
2026-09-01T04:56:00,machine-03,20.343,69.442,4.318,0.945
2026-09-01T04:57:00,machine-03,20.495,69.369,4.504,0.738
2026-09-01T04:58:00,machine-03,21.613,67.917,4.344,0.843
2026-09-01T04:59:00,machine-03,23.563,65.867,4.312,2.088
2026-09-01T05:00:00,machine-03,25.593,63.143,4.595,2.239
2026-09-01T05:01:00,machine-03,26.635,62.127,4.686,1.421
2026-09-01T05:02:00,machine-03,26.667,61.933,4.446,0.646
2026-09-01T05:03:00,machine-03,26.131,62.528,4.368,0.628
2026-09-01T05:04:00,machine-03,26.364,62.298,4.34,0.728
2026-09-01T05:05:00,machine-03,26.672,62.05,4.249,0.698
2026-09-01T05:06:00,machine-03,27.372,61.214,4.125,1.041
2026-09-01T05:07:00,machine-03,27.823,60.462,4.138,0.802
2026-09-01T05:08:00,machine-03,27.404,61.012,4.092,0.563
2026-09-01T05:09:00,machine-03,26.875,61.653,4.058,0.546
2026-09-01T05:10:00,machine-03,26.541,62.329,4.123,0.731
2026-09-01T05:11:00,machine-03,26.935,61.609,4.143,1.282
2026-09-01T05:12:00,machine-03,26.698,62.029,4.2,1.003
2026-09-01T05:13:00,machine-03,26.561,61.953,4.228,0.975
2026-09-01T05:14:00,machine-03,25.656,63.169,4.395,0.636
2026-09-01T05:15:00,machine-03,24.27,64.897,4.253,0.622
2026-09-01T05:16:00,machine-03,23.557,65.77,4.272,1.403
2026-09-01T05:17:00,machine-03,22.907,66.656,4.456,1.736
2026-09-01T05:18:00,machine-03,23.34,65.782,4.663,2.029
2026-09-01T05:19:00,machine-03,23.072,66.099,4.615,1.093
2026-09-01T05:20:00,machine-03,22.717,66.88,4.549,1.768
2026-09-01T05:21:00,machine-03,23.736,65.571,4.727,3.255
2026-09-01T05:22:00,machine-03,24.087,64.841,4.975,1.23
2026-09-01T05:23:00,machine-03,22.982,66.412,4.709,1.437
2026-09-01T05:24:00,machine-03,22.267,67.33,4.757,1.347
2026-09-01T05:25:00,machine-03,22.254,67.362,4.83,1.341
2026-09-01T05:26:00,machine-03,23.815,65.116,5.032,2.068
2026-09-01T05:27:00,machine-03,25.519,63.501,5.054,3.467
2026-09-01T05:28:00,machine-03,28.005,60.462,5.49,4.139
2026-09-01T05:29:00,machine-03,29.658,58.206,5.653,4.261
2026-09-01T05:30:00,machine-03,32.144,55.473,5.735,5.315
2026-09-01T05:31:00,machine-03,34.338,52.664,5.707,5.064
2026-09-01T05:32:00,machine-03,36.594,50.217,5.807,4.024
2026-09-01T05:33:00,machine-03,37.344,49.045,5.753,2.119
2026-09-01T05:34:00,machine-03,37.425,48.889,5.379,2.337
2026-09-01T05:35:00,machine-03,37.706,48.729,5.206,2.516
2026-09-01T05:36:00,machine-03,38.322,48.053,5.49,3.794
2026-09-01T05:37:00,machine-03,39.229,46.984,5.762,4.534
2026-09-01T05:38:00,machine-03,39.823,46.035,5.949,4.184
2026-09-01T05:39:00,machine-03,40.352,45.489,5.864,4.75
2026-09-01T05:40:00,machine-03,41.143,44.616,5.952,4.758
2026-09-01T05:41:00,machine-03,41.64,44.294,5.888,4.419
2026-09-01T05:42:00,machine-03,42.154,43.36,6.024,5.717
2026-09-01T05:43:00,machine-03,42.212,43.503,6.047,5.054
2026-09-01T05:44:00,machine-03,42.072,43.376,5.917,4.714
2026-09-01T05:45:00,machine-03,41.229,44.492,5.904,5.497
2026-09-01T05:46:00,machine-03,40.406,45.534,5.887,4.607
2026-09-01T05:47:00,machine-03,39.789,46.291,5.874,4.264
2026-09-01T05:48:00,machine-03,38.953,47.246,6.006,5.68
2026-09-01T05:49:00,machine-03,37.702,48.813,6.139,3.035
2026-09-01T05:50:00,machine-03,35.608,51.409,5.776,2.675
2026-09-01T05:51:00,machine-03,34.118,53.079,5.407,1.682
2026-09-01T05:52:00,machine-03,31.999,55.687,5.05,2.31
2026-09-01T05:53:00,machine-03,32.227,55.219,5.335,4.94
2026-09-01T05:54:00,machine-03,33.276,54.052,5.593,3.878
2026-09-01T05:55:00,machine-03,33.767,53.582,5.589,3.814
2026-09-01T05:56:00,machine-03,33.84,53.181,5.566,2.09
2026-09-01T05:57:00,machine-03,32.826,54.438,5.148,1.11
2026-09-01T05:58:00,machine-03,30.777,56.999,4.798,0.764
2026-09-01T05:59:00,machine-03,29.637,58.645,4.693,1.376
2026-09-01T06:00:00,machine-03,31.405,56.342,4.837,3.812
2026-09-01T06:01:00,machine-03,32.967,54.41,5.222,3.727
2026-09-01T06:02:00,machine-03,35.715,51.135,5.599,5.7
2026-09-01T06:03:00,machine-03,37.491,48.953,5.886,5.198
2026-09-01T06:04:00,machine-03,38.564,47.754,5.934,3.832
2026-09-01T06:05:00,machine-03,38.829,47.321,5.857,3.23
2026-09-01T06:06:00,machine-03,39.797,46.329,5.668,3.989
2026-09-01T06:07:00,machine-03,40.232,45.868,5.594,3.406
2026-09-01T06:08:00,machine-03,40.209,45.837,5.503,2.87
2026-09-01T06:09:00,machine-03,40.278,45.824,5.465,3.464
2026-09-01T06:10:00,machine-03,39.436,46.727,5.216,2.105
2026-09-01T06:11:00,machine-03,37.295,49.092,5.035,1.448
2026-09-01T06:12:00,machine-03,35.525,51.258,4.636,2.624
2026-09-01T06:13:00,machine-03,35.2,51.786,4.715,3.017
2026-09-01T06:14:00,machine-03,34.87,52.057,5.001,3.047
2026-09-01T06:15:00,machine-03,34.52,52.606,5.062,2.371
2026-09-01T06:16:00,machine-03,33.74,53.396,5.031,2.157
2026-09-01T06:17:00,machine-03,31.594,56.142,4.801,1.978
2026-09-01T06:18:00,machine-03,29.955,58.172,4.773,1.245
2026-09-01T06:19:00,machine-03,27.043,61.597,4.597,0.618
2026-09-01T06:20:00,machine-03,25.057,64.09,4.639,0.821
2026-09-01T06:21:00,machine-03,23.837,65.508,4.457,1.295
2026-09-01T06:22:00,machine-03,24.298,64.943,4.68,2.298
2026-09-01T06:23:00,machine-03,25.294,63.532,4.987,2.454
2026-09-01T06:24:00,machine-03,25.066,63.991,4.95,0.989
2026-09-01T06:25:00,machine-03,23.737,65.453,4.734,0.653
2026-09-01T06:26:00,machine-03,22.455,67.174,4.46,0.885
2026-09-01T06:27:00,machine-03,22.223,67.343,4.387,0.551
2026-09-01T06:28:00,machine-03,21.851,67.674,4.311,0.58
2026-09-01T06:29:00,machine-03,23.186,66.258,4.361,1.219
2026-09-01T06:30:00,machine-03,25.621,63.376,4.782,2.897
2026-09-01T06:31:00,machine-03,28.587,59.972,5.143,5.573
2026-09-01T06:32:00,machine-03,32.1,55.426,5.59,6.312
2026-09-01T06:33:00,machine-03,34.818,52.232,5.826,4.92
2026-09-01T06:34:00,machine-03,37.032,49.361,5.752,4.548
2026-09-01T06:35:00,machine-03,39.62,46.584,5.773,5.493
2026-09-01T06:36:00,machine-03,41.1,44.719,5.993,5.51
2026-09-01T06:37:00,machine-03,43.249,42.078,6.046,5.271
2026-09-01T06:38:00,machine-03,43.833,41.411,6.005,5.088
2026-09-01T06:39:00,machine-03,44.433,40.636,6.054,5.387
2026-09-01T06:40:00,machine-03,44.804,40.283,6.289,5.317
2026-09-01T06:41:00,machine-03,43.949,41.303,6.251,3.372
2026-09-01T06:42:00,machine-03,42.154,43.33,5.984,2.684
2026-09-01T06:43:00,machine-03,39.936,46.007,5.643,1.134
2026-09-01T06:44:00,machine-03,36.492,50.084,5.072,0.656
2026-09-01T06:45:00,machine-03,33.823,53.352,4.634,0.969
2026-09-01T06:46:00,machine-03,31.112,56.9,4.5,0.721
2026-09-01T06:47:00,machine-03,28.646,59.652,4.381,0.777
2026-09-01T06:48:00,machine-03,26.885,61.842,4.461,2.138
2026-09-01T06:49:00,machine-03,27.251,61.214,5.018,4.018
2026-09-01T06:50:00,machine-03,28.719,59.343,5.284,4.114
2026-09-01T06:51:00,machine-03,29.632,58.568,5.522,3.857
2026-09-01T06:52:00,machine-03,30.105,57.653,5.585,3.339
2026-09-01T06:53:00,machine-03,29.513,58.342,5.4,3.934
2026-09-01T06:54:00,machine-03,30.38,57.619,5.529,3.698
2026-09-01T06:55:00,machine-03,30.703,57.115,5.608,4.573
2026-09-01T06:56:00,machine-03,32.839,54.613,5.844,5.811
2026-09-01T06:57:00,machine-03,35.408,51.645,6.1,5.387
2026-09-01T06:58:00,machine-03,36.477,50.303,6.173,4.678
2026-09-01T06:59:00,machine-03,37.357,49.086,6.157,5.291
2026-09-01T07:00:00,machine-03,37.132,49.371,5.88,3.43
2026-09-01T07:01:00,machine-03,36.899,49.839,5.787,2.874
2026-09-01T07:02:00,machine-03,36.772,49.892,5.747,3.894
2026-09-01T07:03:00,machine-03,38.434,47.902,5.93,5.209
2026-09-01T07:04:00,machine-03,40.612,45.103,6.036,5.846
2026-09-01T07:05:00,machine-03,41.952,43.668,6.186,5.798
2026-09-01T07:06:00,machine-03,42.834,42.654,6.093,3.712
2026-09-01T07:07:00,machine-03,42.836,42.581,5.823,3.816
2026-09-01T07:08:00,machine-03,42.75,42.722,5.72,3.807
2026-09-01T07:09:00,machine-03,41.712,44.028,5.704,2.358
2026-09-01T07:10:00,machine-03,40.906,44.968,5.622,3.993
2026-09-01T07:11:00,machine-03,40.642,45.332,5.632,3.111
2026-09-01T07:12:00,machine-03,40.15,46.038,5.586,3.024
2026-09-01T07:13:00,machine-03,38.93,47.427,5.678,2.988
2026-09-01T07:14:00,machine-03,38.086,48.299,5.536,3.794
2026-09-01T07:15:00,machine-03,37.31,49.142,5.502,4.392
2026-09-01T07:16:00,machine-03,37.298,49.196,5.65,6.068
2026-09-01T07:17:00,machine-03,37.851,48.71,5.892,5.921
2026-09-01T07:18:00,machine-03,37.799,48.515,5.942,4.809
2026-09-01T07:19:00,machine-03,36.667,49.991,5.847,2.554
2026-09-01T07:20:00,machine-03,33.763,53.506,5.447,1.125
2026-09-01T07:21:00,machine-03,30.933,56.9,5.22,0.981
2026-09-01T07:22:00,machine-03,27.849,60.61,4.749,0.737
2026-09-01T07:23:00,machine-03,25.439,63.572,4.558,0.741
2026-09-01T07:24:00,machine-03,24.268,64.712,4.535,0.897
2026-09-01T07:25:00,machine-03,23.729,65.562,4.527,0.696
2026-09-01T07:26:00,machine-03,23.776,65.391,4.235,1.04
2026-09-01T07:27:00,machine-03,24.256,64.87,4.266,1.586
2026-09-01T07:28:00,machine-03,25.271,63.727,4.5,1.975
2026-09-01T07:29:00,machine-03,26.198,62.434,4.635,3.689
2026-09-01T07:30:00,machine-03,28.133,60.246,5.148,5.373
2026-09-01T07:31:00,machine-03,31.56,56.098,5.56,5.826
2026-09-01T07:32:00,machine-03,34.01,53.008,5.733,3.391
2026-09-01T07:33:00,machine-03,33.983,53.269,5.466,1.5
2026-09-01T07:34:00,machine-03,33.788,53.772,5.176,1.452
2026-09-01T07:35:00,machine-03,33.751,53.518,5.056,2.563
2026-09-01T07:36:00,machine-03,33.757,53.422,5.017,1.438
2026-09-01T07:37:00,machine-03,32.128,55.563,4.703,0.579
2026-09-01T07:38:00,machine-03,31.315,56.56,4.526,0.572
2026-09-01T07:39:00,machine-03,31.605,56.075,4.536,1.296
2026-09-01T07:40:00,machine-03,32.267,55.281,4.77,3.166
2026-09-01T07:41:00,machine-03,33.308,53.966,4.944,2.102
2026-09-01T07:42:00,machine-03,32.721,54.752,4.787,0.827
2026-09-01T07:43:00,machine-03,30.961,57.01,4.535,1.077
2026-09-01T07:44:00,machine-03,29.692,58.599,4.553,1.745
2026-09-01T07:45:00,machine-03,28.122,60.283,4.365,1.011
2026-09-01T07:46:00,machine-03,27.636,60.997,4.601,2.834
2026-09-01T07:47:00,machine-03,28.289,60.014,4.894,2.559
2026-09-01T07:48:00,machine-03,28.577,59.683,5.075,3.323
2026-09-01T07:49:00,machine-03,29.33,58.799,5.262,3.811
2026-09-01T07:50:00,machine-03,28.925,59.35,5.303,2.085
2026-09-01T07:51:00,machine-03,27.522,61.113,5.108,1.905
2026-09-01T07:52:00,machine-03,26.903,61.726,5.04,2.386
2026-09-01T07:53:00,machine-03,26.724,61.993,5.053,1.925
2026-09-01T07:54:00,machine-03,26.531,61.989,4.932,1.559
2026-09-01T07:55:00,machine-03,26.908,61.874,4.9,1.835
2026-09-01T07:56:00,machine-03,27.028,61.652,4.726,1.11
2026-09-01T07:57:00,machine-03,26.093,62.808,4.483,0.922
2026-09-01T07:58:00,machine-03,25.964,62.805,4.736,1.253
2026-09-01T07:59:00,machine-03,25.888,62.874,4.44,0.765
2026-09-01T08:00:00,machine-03,26.525,62.275,4.467,1.473
2026-09-01T08:01:00,machine-03,27.232,61.404,4.512,0.604
2026-09-01T08:02:00,machine-03,26.339,62.399,4.318,0.621
2026-09-01T08:03:00,machine-03,25.706,63.111,4.155,0.688
2026-09-01T08:04:00,machine-03,25.741,62.918,3.99,0.806
2026-09-01T08:05:00,machine-03,26.5,62.124,4.37,1.47
2026-09-01T08:06:00,machine-03,27.757,60.579,4.942,1.742
2026-09-01T08:07:00,machine-03,28.743,59.469,4.834,1.266
2026-09-01T08:08:00,machine-03,29.786,58.305,4.653,1.158
2026-09-01T08:09:00,machine-03,29.91,58.15,4.391,0.931
2026-09-01T08:10:00,machine-03,29.792,58.065,4.371,0.849
2026-09-01T08:11:00,machine-03,29.158,58.878,4.394,0.934
2026-09-01T08:12:00,machine-03,28.193,60.216,4.305,0.888
2026-09-01T08:13:00,machine-03,27.839,60.578,4.428,1.793
2026-09-01T08:14:00,machine-03,28.804,59.447,4.69,3.387
2026-09-01T08:15:00,machine-03,29.915,58.205,4.896,3.67
2026-09-01T08:16:00,machine-03,30.876,56.825,5.355,4.066
2026-09-01T08:17:00,machine-03,31.451,56.203,5.699,5.267
2026-09-01T08:18:00,machine-03,32.218,55.35,5.894,4.427
2026-09-01T08:19:00,machine-03,30.862,57.061,5.568,1.412
2026-09-01T08:20:00,machine-03,29.889,58.183,5.342,2.869
2026-09-01T08:21:00,machine-03,29.761,58.269,5.266,2.877
2026-09-01T08:22:00,machine-03,29.717,58.201,5.314,3.561
2026-09-01T08:23:00,machine-03,30.307,57.697,5.574,4.556
2026-09-01T08:24:00,machine-03,30.795,56.829,5.69,5.876
2026-09-01T08:25:00,machine-03,31.64,55.937,5.751,3.735
2026-09-01T08:26:00,machine-03,31.597,56.168,5.561,2.038
2026-09-01T08:27:00,machine-03,31.114,56.568,5.409,1.564
2026-09-01T08:28:00,machine-03,31.223,56.682,5.184,3.081
2026-09-01T08:29:00,machine-03,33.541,53.768,5.565,6.13
2026-09-01T08:30:00,machine-03,36.636,50.162,5.77,5.942
2026-09-01T08:31:00,machine-03,38.422,47.803,6.09,5.712
2026-09-01T08:32:00,machine-03,39.834,46.064,6.107,6.186
2026-09-01T08:33:00,machine-03,41.518,44.379,6.256,4.932
2026-09-01T08:34:00,machine-03,42.153,43.551,5.829,3.723
2026-09-01T08:35:00,machine-03,43.016,42.488,6.018,4.94
2026-09-01T08:36:00,machine-03,44.353,40.756,6.101,3.982
2026-09-01T08:37:00,machine-03,44.806,40.117,5.967,3.839
2026-09-01T08:38:00,machine-03,44.092,40.9,5.748,3.412
2026-09-01T08:39:00,machine-03,42.8,42.459,5.545,2.491
2026-09-01T08:40:00,machine-03,41.486,44.353,5.411,2.267
2026-09-01T08:41:00,machine-03,40.44,45.598,5.384,2.695
2026-09-01T08:42:00,machine-03,39.918,46.093,5.433,3.928
2026-09-01T08:43:00,machine-03,39.484,46.716,5.409,3.324
2026-09-01T08:44:00,machine-03,38.883,47.503,5.451,4.086
2026-09-01T08:45:00,machine-03,38.393,47.812,5.532,3.002
2026-09-01T08:46:00,machine-03,36.345,50.415,5.237,1.857
2026-09-01T08:47:00,machine-03,33.952,53.315,4.889,1.246
2026-09-01T08:48:00,machine-03,31.835,55.771,4.692,1.493
2026-09-01T08:49:00,machine-03,30.46,57.45,4.721,2.14
2026-09-01T08:50:00,machine-03,28.586,59.699,4.705,0.895
2026-09-01T08:51:00,machine-03,26.773,61.876,4.538,1.311
2026-09-01T08:52:00,machine-03,26.81,61.825,4.731,3.031
2026-09-01T08:53:00,machine-03,26.766,61.789,4.803,2.496
2026-09-01T08:54:00,machine-03,28.166,60.147,5.042,3.476
2026-09-01T08:55:00,machine-03,28.578,59.683,5.15,1.896
2026-09-01T08:56:00,machine-03,28.291,60.082,5.074,1.228
2026-09-01T08:57:00,machine-03,27.642,60.741,4.764,0.717
2026-09-01T08:58:00,machine-03,26.942,61.649,4.54,0.978
2026-09-01T08:59:00,machine-03,27.256,61.631,4.682,2.114
2026-09-01T09:00:00,machine-03,27.699,60.721,4.999,2.284
2026-09-01T09:01:00,machine-03,28.282,60.031,5.137,2.406
2026-09-01T09:02:00,machine-03,29.873,58.17,5.15,3.712
2026-09-01T09:03:00,machine-03,31.745,55.848,5.296,3.615
2026-09-01T09:04:00,machine-03,33.378,53.99,5.358,3.032
2026-09-01T09:05:00,machine-03,35.115,51.81,5.484,4.375
2026-09-01T09:06:00,machine-03,36.985,49.474,5.677,4.226
2026-09-01T09:07:00,machine-03,37.953,48.562,5.523,3.051
2026-09-01T09:08:00,machine-03,38.157,48.195,5.4,3.277
2026-09-01T09:09:00,machine-03,38.252,48.161,5.474,2.298
2026-09-01T09:10:00,machine-03,38.533,47.936,5.473,3.666
2026-09-01T09:11:00,machine-03,39.287,46.873,5.674,5.241
2026-09-01T09:12:00,machine-03,40.265,45.622,5.984,6.022
2026-09-01T09:13:00,machine-03,40.293,45.597,5.976,4.274
2026-09-01T09:14:00,machine-03,39.626,46.481,5.995,3.568
2026-09-01T09:15:00,machine-03,38.537,47.84,5.761,3.448
2026-09-01T09:16:00,machine-03,38.154,48.12,5.698,5.447
2026-09-01T09:17:00,machine-03,38.258,48.052,5.742,5.426
2026-09-01T09:18:00,machine-03,38.146,48.242,5.92,5.188
2026-09-01T09:19:00,machine-03,37.923,48.548,6.037,4.302
2026-09-01T09:20:00,machine-03,36.498,50.066,5.8,3.086
2026-09-01T09:21:00,machine-03,33.863,53.374,5.402,1.863
2026-09-01T09:22:00,machine-03,32.304,55.276,5.329,2.574
2026-09-01T09:23:00,machine-03,31.884,55.756,5.481,4.041
2026-09-01T09:24:00,machine-03,32.827,54.891,5.739,5.114
2026-09-01T09:25:00,machine-03,34.196,53.083,5.843,5.428
2026-09-01T09:26:00,machine-03,35.685,51.097,5.906,5.468
2026-09-01T09:27:00,machine-03,37.101,49.493,6.002,5.765
2026-09-01T09:28:00,machine-03,38.058,48.429,5.956,5.262
2026-09-01T09:29:00,machine-03,38.125,48.473,5.905,2.433
2026-09-01T09:30:00,machine-03,37.096,49.379,5.562,1.851
2026-09-01T09:31:00,machine-03,36.716,49.948,5.359,1.865
2026-09-01T09:32:00,machine-03,37.516,48.919,5.218,4.553
2026-09-01T09:33:00,machine-03,39.525,46.46,5.713,6.187
2026-09-01T09:34:00,machine-03,41.595,44.079,5.816,5.941
2026-09-01T09:35:00,machine-03,42.842,42.435,6.078,6.246
2026-09-01T09:36:00,machine-03,43.771,41.587,6.327,5.32
2026-09-01T09:37:00,machine-03,44.279,40.64,6.345,5.893
2026-09-01T09:38:00,machine-03,45.195,39.915,6.226,5.258
2026-09-01T09:39:00,machine-03,45.933,39.052,6.043,4.1
2026-09-01T09:40:00,machine-03,45.018,39.863,5.932,2.317
2026-09-01T09:41:00,machine-03,42.119,43.464,5.505,0.86
2026-09-01T09:42:00,machine-03,39.886,46.2,5.254,1.458
2026-09-01T09:43:00,machine-03,37.915,48.555,5.09,1.177
2026-09-01T09:44:00,machine-03,34.75,52.334,5.007,0.615
2026-09-01T09:45:00,machine-03,32.742,54.72,4.815,1.565
2026-09-01T09:46:00,machine-03,32.456,54.914,5.091,3.226
2026-09-01T09:47:00,machine-03,32.395,55.085,5.164,2.582
2026-09-01T09:48:00,machine-03,31.476,56.327,5.08,1.292
2026-09-01T09:49:00,machine-03,29.575,58.469,4.918,1.62
2026-09-01T09:50:00,machine-03,28.03,60.354,4.902,1.625
2026-09-01T09:51:00,machine-03,27.432,61.136,5.119,2.041
2026-09-01T09:52:00,machine-03,26.623,61.898,4.887,1.216
2026-09-01T09:53:00,machine-03,25.603,63.378,4.423,0.792
2026-09-01T09:54:00,machine-03,24.732,64.454,4.223,1.097
2026-09-01T09:55:00,machine-03,23.919,65.253,4.357,0.733
2026-09-01T09:56:00,machine-03,23.02,66.259,4.357,1.736
2026-09-01T09:57:00,machine-03,24.608,64.342,4.716,2.343
2026-09-01T09:58:00,machine-03,25.085,63.971,4.664,1.066
2026-09-01T09:59:00,machine-03,25.983,63.001,4.726,1.478
2026-09-01T10:00:00,machine-03,26.837,61.658,4.771,1.535
2026-09-01T10:01:00,machine-03,27.336,61.233,4.586,0.824
2026-09-01T10:02:00,machine-03,27.918,60.522,4.629,2.29
2026-09-01T10:03:00,machine-03,29.064,59.057,4.746,2.031
2026-09-01T10:04:00,machine-03,29.815,58.227,4.907,1.395
2026-09-01T10:05:00,machine-03,29.511,58.8,4.799,0.789
2026-09-01T10:06:00,machine-03,29.951,58.052,4.546,0.911
2026-09-01T10:07:00,machine-03,30.525,57.378,4.511,1.549
2026-09-01T10:08:00,machine-03,30.6,57.464,4.675,0.965
2026-09-01T10:09:00,machine-03,29.778,58.394,4.627,0.726
2026-09-01T10:10:00,machine-03,29.148,58.869,4.492,0.609
2026-09-01T10:11:00,machine-03,28.997,59.109,4.542,1.702
2026-09-01T10:12:00,machine-03,29.378,58.563,4.72,1.831
2026-09-01T10:13:00,machine-03,29.236,59.026,4.637,1.363
2026-09-01T10:14:00,machine-03,28.923,59.292,4.753,2.421
2026-09-01T10:15:00,machine-03,29.222,58.921,4.739,2.781
2026-09-01T10:16:00,machine-03,28.944,59.245,4.661,2.259
2026-09-01T10:17:00,machine-03,28.738,59.511,4.796,3.083
2026-09-01T10:18:00,machine-03,29.671,58.207,5.06,3.421
2026-09-01T10:19:00,machine-03,29.35,58.845,5.024,2.795
2026-09-01T10:20:00,machine-03,29.009,59.18,5.215,3.025
2026-09-01T10:21:00,machine-03,29.469,58.643,5.284,2.923
2026-09-01T10:22:00,machine-03,29.615,58.436,5.513,4.189
2026-09-01T10:23:00,machine-03,30.719,57.225,5.729,5.782
2026-09-01T10:24:00,machine-03,32.227,55.429,5.757,5.523
2026-09-01T10:25:00,machine-03,33.933,52.982,6.029,6.27
2026-09-01T10:26:00,machine-03,35.77,51.099,6.108,6.277
2026-09-01T10:27:00,machine-03,37.616,48.774,6.152,6.074
2026-09-01T10:28:00,machine-03,38.741,47.516,6.342,5.87
2026-09-01T10:29:00,machine-03,40.145,45.92,6.146,5.336
2026-09-01T10:30:00,machine-03,40.605,45.33,6.078,4.341
2026-09-01T10:31:00,machine-03,40.817,45.094,6.083,5.118
2026-09-01T10:32:00,machine-03,40.71,44.94,5.786,3.359
2026-09-01T10:33:00,machine-03,40.356,45.635,5.364,2.944
2026-09-01T10:34:00,machine-03,39.837,46.103,5.381,2.553
2026-09-01T10:35:00,machine-03,39.487,46.794,5.211,1.131
2026-09-01T10:36:00,machine-03,38.784,47.392,5.077,1.453
2026-09-01T10:37:00,machine-03,37.571,48.837,4.887,0.823
2026-09-01T10:38:00,machine-03,35.997,50.784,5.039,1.993
2026-09-01T10:39:00,machine-03,35.614,51.283,5.011,2.306
2026-09-01T10:40:00,machine-03,35.395,51.537,5.2,2.44
2026-09-01T10:41:00,machine-03,35.095,51.976,5.098,2.749
2026-09-01T10:42:00,machine-03,35.709,51.227,5.352,3.357
2026-09-01T10:43:00,machine-03,35.457,51.456,5.38,2.297
2026-09-01T10:44:00,machine-03,34.537,52.492,5.049,1.712
2026-09-01T10:45:00,machine-03,32.854,54.552,4.979,0.982
2026-09-01T10:46:00,machine-03,29.911,58.197,4.827,0.6
2026-09-01T10:47:00,machine-03,27.348,61.196,4.674,0.76
2026-09-01T10:48:00,machine-03,26.496,62.147,4.564,2.172
2026-09-01T10:49:00,machine-03,27.456,61.127,4.905,4.963
2026-09-01T10:50:00,machine-03,29.383,58.824,5.575,5.759
2026-09-01T10:51:00,machine-03,30.756,57.056,5.849,5.224
2026-09-01T10:52:00,machine-03,31.217,56.465,5.906,5.243
2026-09-01T10:53:00,machine-03,31.53,56.048,6.041,5.632
2026-09-01T10:54:00,machine-03,32.604,54.915,5.939,5.027
2026-09-01T10:55:00,machine-03,33.557,53.741,6.015,5.705
2026-09-01T10:56:00,machine-03,34.72,52.357,6.155,4.467
2026-09-01T10:57:00,machine-03,35.608,51.36,6.013,5.496
2026-09-01T10:58:00,machine-03,36.502,50.09,6.199,5.35
2026-09-01T10:59:00,machine-03,37.426,49.184,6.371,5.123
2026-09-01T11:00:00,machine-03,37.737,48.741,6.161,2.718
2026-09-01T11:01:00,machine-03,37.397,49.148,5.677,1.731
2026-09-01T11:02:00,machine-03,37.245,49.332,5.326,2.34
2026-09-01T11:03:00,machine-03,37.697,48.869,5.308,2.515
2026-09-01T11:04:00,machine-03,36.751,49.977,5.073,0.87
2026-09-01T11:05:00,machine-03,35.509,51.304,4.765,1.227
2026-09-01T11:06:00,machine-03,35.238,51.761,4.703,1.455
2026-09-01T11:07:00,machine-03,34.513,52.612,4.536,0.733
2026-09-01T11:08:00,machine-03,33.493,53.892,4.48,0.905
2026-09-01T11:09:00,machine-03,33.065,54.177,4.423,1.876
2026-09-01T11:10:00,machine-03,33.663,53.609,4.745,2.319
2026-09-01T11:11:00,machine-03,33.932,53.386,4.839,2.684
2026-09-01T11:12:00,machine-03,34.29,52.779,5.025,3.04
2026-09-01T11:13:00,machine-03,34.403,52.428,5.087,3.074
2026-09-01T11:14:00,machine-03,35.177,51.707,5.327,5.483
2026-09-01T11:15:00,machine-03,36.261,50.517,5.705,6.024
2026-09-01T11:16:00,machine-03,37.412,49.225,5.819,5.896
2026-09-01T11:17:00,machine-03,36.935,49.823,5.796,3.595
2026-09-01T11:18:00,machine-03,35.476,51.634,5.703,3.242
2026-09-01T11:19:00,machine-03,34.38,52.77,5.731,4.127
2026-09-01T11:20:00,machine-03,33.213,54.1,5.762,4.116
2026-09-01T11:21:00,machine-03,32.399,54.958,5.554,3.936
2026-09-01T11:22:00,machine-03,32.745,54.613,5.672,4.361
2026-09-01T11:23:00,machine-03,33.545,53.912,5.828,3.537
2026-09-01T11:24:00,machine-03,33.724,53.494,5.873,3.404
2026-09-01T11:25:00,machine-03,33.49,53.696,5.829,3.367
2026-09-01T11:26:00,machine-03,34.034,53.106,5.814,3.964
2026-09-01T11:27:00,machine-03,33.904,53.212,5.619,3.032
2026-09-01T11:28:00,machine-03,34.001,53.253,5.566,4.26
2026-09-01T11:29:00,machine-03,35.213,51.766,5.708,5.267
2026-09-01T11:30:00,machine-03,37.14,49.438,5.96,6.258
2026-09-01T11:31:00,machine-03,39.269,46.919,6.048,4.918
2026-09-01T11:32:00,machine-03,40.874,44.842,6.228,4.777
2026-09-01T11:33:00,machine-03,41.081,44.721,6.014,3.324
2026-09-01T11:34:00,machine-03,40.807,45.264,5.753,2.325
2026-09-01T11:35:00,machine-03,39.703,46.28,5.36,1.797
2026-09-01T11:36:00,machine-03,39.48,46.56,5.304,2.627
2026-09-01T11:37:00,machine-03,40.074,45.826,5.329,3.486
2026-09-01T11:38:00,machine-03,41.407,44.218,5.727,5.117
2026-09-01T11:39:00,machine-03,42.108,43.529,5.89,5.176
2026-09-01T11:40:00,machine-03,42.857,42.553,5.938,5.413
2026-09-01T11:41:00,machine-03,42.921,42.442,6.03,5.115
2026-09-01T11:42:00,machine-03,42.807,42.684,5.998,4.414
2026-09-01T11:43:00,machine-03,42.647,42.776,5.998,4.016
2026-09-01T11:44:00,machine-03,41.646,44.068,5.984,4.655
2026-09-01T11:45:00,machine-03,41.142,44.722,6.035,4.587
2026-09-01T11:46:00,machine-03,40.81,45.141,5.991,4.843
2026-09-01T11:47:00,machine-03,39.801,46.284,5.947,4.789
2026-09-01T11:48:00,machine-03,39.149,46.93,5.746,5.663
2026-09-01T11:49:00,machine-03,38.965,47.31,5.944,5.305
2026-09-01T11:50:00,machine-03,38.916,47.315,5.971,5.381
2026-09-01T11:51:00,machine-03,38.04,48.258,5.872,3.599
2026-09-01T11:52:00,machine-03,37.327,49.332,5.845,4.524
2026-09-01T11:53:00,machine-03,36.446,50.393,5.806,4.065
2026-09-01T11:54:00,machine-03,36.349,50.168,5.647,5.735
2026-09-01T11:55:00,machine-03,36.6,50.126,5.877,6.159
2026-09-01T11:56:00,machine-03,36.848,49.797,5.974,5.068
2026-09-01T11:57:00,machine-03,36.795,49.71,5.94,3.011
2026-09-01T11:58:00,machine-03,36.191,50.632,5.78,2.272
2026-09-01T11:59:00,machine-03,34.852,52.182,5.299,0.668
2026-09-01T12:00:00,machine-03,33.292,54.218,4.744,0.631
2026-09-01T12:01:00,machine-03,32.047,55.451,4.619,1.064
2026-09-01T12:02:00,machine-03,31.456,56.287,4.537,0.962
2026-09-01T12:03:00,machine-03,31.292,56.528,4.572,1.011
2026-09-01T12:04:00,machine-03,31.844,55.728,4.75,1.268
2026-09-01T12:05:00,machine-03,32.466,55.091,4.761,1.22
2026-09-01T12:06:00,machine-03,32.395,55.071,4.5,0.6
2026-09-01T12:07:00,machine-03,31.968,55.491,4.306,0.721
2026-09-01T12:08:00,machine-03,32.246,55.486,4.315,2.564
2026-09-01T12:09:00,machine-03,33.07,54.305,4.68,2.581
2026-09-01T12:10:00,machine-03,33.381,53.986,4.924,2.357
2026-09-01T12:11:00,machine-03,34.333,52.85,5.083,3.965
2026-09-01T12:12:00,machine-03,35.49,51.46,5.235,4.676
2026-09-01T12:13:00,machine-03,37.228,49.307,5.531,5.874
2026-09-01T12:14:00,machine-03,38.083,48.314,5.762,5.54
2026-09-01T12:15:00,machine-03,38.054,48.171,6.045,4.73
2026-09-01T12:16:00,machine-03,37.991,48.524,5.974,3.724
2026-09-01T12:17:00,machine-03,36.601,49.93,5.743,3.152
2026-09-01T12:18:00,machine-03,35.279,51.798,5.652,3.163
2026-09-01T12:19:00,machine-03,34.875,52.173,5.527,4.312
2026-09-01T12:20:00,machine-03,35.166,51.829,5.692,4.419
2026-09-01T12:21:00,machine-03,33.758,53.414,5.497,1.086
2026-09-01T12:22:00,machine-03,31.412,56.267,5.228,1.159
2026-09-01T12:23:00,machine-03,29.489,58.74,4.987,0.842
2026-09-01T12:24:00,machine-03,27.052,61.489,4.612,0.934
2026-09-01T12:25:00,machine-03,25.649,63.214,4.485,0.741
2026-09-01T12:26:00,machine-03,24.223,64.996,4.418,0.631
2026-09-01T12:27:00,machine-03,23.461,65.709,4.188,0.598
2026-09-01T12:28:00,machine-03,23.473,65.838,4.243,0.87
2026-09-01T12:29:00,machine-03,23.567,65.767,4.142,0.92
2026-09-01T12:30:00,machine-03,23.997,65.222,4.205,0.734
2026-09-01T12:31:00,machine-03,24.591,64.529,4.339,0.682
2026-09-01T12:32:00,machine-03,25.604,63.257,4.417,1.996
2026-09-01T12:33:00,machine-03,28.225,60.159,4.677,2.544
2026-09-01T12:34:00,machine-03,30.546,57.178,4.858,2.811
2026-09-01T12:35:00,machine-03,32.282,55.234,4.983,3.119
2026-09-01T12:36:00,machine-03,33.728,53.412,5.094,3.802
2026-09-01T12:37:00,machine-03,35.419,51.608,5.308,3.347
2026-09-01T12:38:00,machine-03,36.166,50.591,5.274,2.587
2026-09-01T12:39:00,machine-03,35.981,50.729,4.963,1.72
2026-09-01T12:40:00,machine-03,36.052,50.903,4.788,2.613
2026-09-01T12:41:00,machine-03,36.524,50.216,4.97,3.879
2026-09-01T12:42:00,machine-03,38.001,48.326,5.3,5.629
2026-09-01T12:43:00,machine-03,38.919,47.252,5.552,5.642
2026-09-01T12:44:00,machine-03,38.991,47.141,5.637,3.129
2026-09-01T12:45:00,machine-03,35.764,51.264,5.129,0.594
2026-09-01T12:46:00,machine-03,32.729,54.868,4.619,0.602
2026-09-01T12:47:00,machine-03,29.959,58.065,4.357,0.558
2026-09-01T12:48:00,machine-03,28.454,59.856,4.575,0.851
2026-09-01T12:49:00,machine-03,26.718,61.852,4.587,1.367
2026-09-01T12:50:00,machine-03,25.855,62.895,4.693,2.309
2026-09-01T12:51:00,machine-03,25.783,63.173,4.96,2.338
2026-09-01T12:52:00,machine-03,25.75,63.118,5.035,2.349
2026-09-01T12:53:00,machine-03,26.239,62.288,5.026,1.897
2026-09-01T12:54:00,machine-03,25.753,63.158,4.845,0.948
2026-09-01T12:55:00,machine-03,25.981,62.707,4.798,1.588
2026-09-01T12:56:00,machine-03,26.564,62.061,4.746,2.569
2026-09-01T12:57:00,machine-03,26.861,61.795,4.796,1.802
2026-09-01T12:58:00,machine-03,26.718,61.936,4.642,1.642
2026-09-01T12:59:00,machine-03,26.054,62.816,4.373,0.985
2026-09-01T13:00:00,machine-03,26.234,62.472,4.456,1.124
2026-09-01T13:01:00,machine-03,27.151,61.309,4.53,2.177
2026-09-01T13:02:00,machine-03,29.001,59.177,4.817,3.103
2026-09-01T13:03:00,machine-03,31.045,56.799,5.179,3.6
2026-09-01T13:04:00,machine-03,31.816,55.815,5.194,1.34
2026-09-01T13:05:00,machine-03,31.26,56.388,4.641,0.68
2026-09-01T13:06:00,machine-03,30.643,57.273,4.416,0.609
2026-09-01T13:07:00,machine-03,29.819,58.304,4.349,0.625
2026-09-01T13:08:00,machine-03,29.824,58.107,4.314,0.582
2026-09-01T13:09:00,machine-03,29.512,58.514,4.129,0.674
2026-09-01T13:10:00,machine-03,29.359,58.859,4.029,0.726
2026-09-01T13:11:00,machine-03,28.218,60.189,3.967,0.689
2026-09-01T13:12:00,machine-03,28.188,60.201,4.023,2.117
2026-09-01T13:13:00,machine-03,29.539,58.489,4.5,4.389
2026-09-01T13:14:00,machine-03,31.093,56.588,5.075,4.14
2026-09-01T13:15:00,machine-03,31.152,56.649,5.396,3.414
2026-09-01T13:16:00,machine-03,30.958,56.925,5.554,3.046
2026-09-01T13:17:00,machine-03,30.845,56.879,5.459,2.161
2026-09-01T13:18:00,machine-03,29.985,58.186,5.291,2.504
2026-09-01T13:19:00,machine-03,29.214,58.932,5.329,3.112
2026-09-01T13:20:00,machine-03,29.404,58.747,5.575,3.141
2026-09-01T13:21:00,machine-03,29.003,59.169,5.374,2.462
2026-09-01T13:22:00,machine-03,28.592,59.643,5.181,1.253
2026-09-01T13:23:00,machine-03,27.383,61.046,4.761,0.938
2026-09-01T13:24:00,machine-03,25.874,62.846,4.538,0.957
2026-09-01T13:25:00,machine-03,24.599,64.427,4.401,0.78
2026-09-01T13:26:00,machine-03,23.556,65.733,4.393,0.861
2026-09-01T13:27:00,machine-03,23.778,65.494,4.516,1.36
2026-09-01T13:28:00,machine-03,24.363,64.864,4.3,0.887
2026-09-01T13:29:00,machine-03,24.518,64.416,4.258,0.531
2026-09-01T13:30:00,machine-03,24.303,64.788,4.323,0.682
2026-09-01T13:31:00,machine-03,24.895,64.128,4.388,0.97
2026-09-01T13:32:00,machine-03,26.089,62.483,4.385,1.854
2026-09-01T13:33:00,machine-03,27.569,60.837,4.571,2.299
2026-09-01T13:34:00,machine-03,29.756,58.274,5.16,4.065
2026-09-01T13:35:00,machine-03,32.601,54.972,5.388,5.659
2026-09-01T13:36:00,machine-03,35.972,50.785,5.581,5.305
2026-09-01T13:37:00,machine-03,37.918,48.66,5.591,3.015
2026-09-01T13:38:00,machine-03,37.857,48.812,5.233,0.935
2026-09-01T13:39:00,machine-03,36.418,50.168,4.919,0.861
2026-09-01T13:40:00,machine-03,35.0,52.026,4.569,0.546
2026-09-01T13:41:00,machine-03,33.146,54.276,4.518,0.857
2026-09-01T13:42:00,machine-03,31.732,55.958,4.613,1.377
2026-09-01T13:43:00,machine-03,31.875,55.831,4.802,2.586
2026-09-01T13:44:00,machine-03,33.141,54.261,5.162,4.675
2026-09-01T13:45:00,machine-03,33.806,53.479,5.366,2.75
2026-09-01T13:46:00,machine-03,32.798,54.534,5.502,2.195
2026-09-01T13:47:00,machine-03,31.833,55.717,5.186,2.2
2026-09-01T13:48:00,machine-03,30.357,57.6,5.034,2.461
2026-09-01T13:49:00,machine-03,29.798,58.332,5.058,3.124
2026-09-01T13:50:00,machine-03,30.541,57.387,5.41,4.847
2026-09-01T13:51:00,machine-03,30.777,56.98,5.521,4.166
2026-09-01T13:52:00,machine-03,31.583,56.157,5.687,5.117
2026-09-01T13:53:00,machine-03,32.058,55.448,5.869,3.53
2026-09-01T13:54:00,machine-03,31.607,56.114,5.763,3.414
2026-09-01T13:55:00,machine-03,31.93,55.876,5.712,3.447
2026-09-01T13:56:00,machine-03,32.592,55.007,5.63,4.062
2026-09-01T13:57:00,machine-03,33.6,53.737,5.888,3.558
2026-09-01T13:58:00,machine-03,34.286,52.971,5.846,3.304
2026-09-01T13:59:00,machine-03,35.766,51.013,5.88,5.644
2026-09-01T14:00:00,machine-03,37.349,49.165,6.033,5.956
2026-09-01T14:01:00,machine-03,38.508,47.86,6.065,5.689
2026-09-01T14:02:00,machine-03,39.58,46.354,6.201,5.735
2026-09-01T14:03:00,machine-03,41.807,43.79,6.466,6.101
2026-09-01T14:04:00,machine-03,43.084,42.4,6.245,4.105
2026-09-01T14:05:00,machine-03,42.928,42.677,5.817,3.046
2026-09-01T14:06:00,machine-03,42.516,43.048,5.565,1.474
2026-09-01T14:07:00,machine-03,39.517,46.568,4.952,0.677
2026-09-01T14:08:00,machine-03,37.363,49.39,4.872,1.795
2026-09-01T14:09:00,machine-03,36.15,50.697,5.034,1.696
2026-09-01T14:10:00,machine-03,35.039,51.947,4.9,1.208
2026-09-01T14:11:00,machine-03,33.677,53.531,4.744,0.851
2026-09-01T14:12:00,machine-03,32.955,54.541,4.773,2.479
2026-09-01T14:13:00,machine-03,33.768,53.452,5.118,3.55
2026-09-01T14:14:00,machine-03,34.42,52.596,5.357,4.216
2026-09-01T14:15:00,machine-03,35.237,51.75,5.653,5.647
2026-09-01T14:16:00,machine-03,35.445,51.365,5.709,4.264
2026-09-01T14:17:00,machine-03,34.918,51.948,5.622,2.963
2026-09-01T14:18:00,machine-03,33.614,53.757,5.544,2.111
2026-09-01T14:19:00,machine-03,31.536,56.168,5.231,0.96
2026-09-01T14:20:00,machine-03,29.311,58.923,4.826,0.664
2026-09-01T14:21:00,machine-03,26.76,61.901,4.672,0.782
2026-09-01T14:22:00,machine-03,25.219,63.696,4.48,0.936
2026-09-01T14:23:00,machine-03,24.361,64.883,4.553,2.537
2026-09-01T14:24:00,machine-03,26.069,62.846,5.126,4.903
2026-09-01T14:25:00,machine-03,28.52,59.892,5.577,4.492
2026-09-01T14:26:00,machine-03,30.087,57.896,5.511,2.797
2026-09-01T14:27:00,machine-03,30.689,57.003,5.396,2.47
2026-09-01T14:28:00,machine-03,30.879,56.844,5.389,1.585
2026-09-01T14:29:00,machine-03,31.106,56.68,5.247,1.944
2026-09-01T14:30:00,machine-03,31.815,55.996,5.307,3.4
2026-09-01T14:31:00,machine-03,33.301,54.023,5.313,3.026
2026-09-01T14:32:00,machine-03,34.717,52.226,5.311,3.544
2026-09-01T14:33:00,machine-03,36.759,49.776,5.583,5.378
2026-09-01T14:34:00,machine-03,39.419,46.619,5.813,5.864
2026-09-01T14:35:00,machine-03,40.841,44.942,5.927,4.267
2026-09-01T14:36:00,machine-03,41.025,44.995,5.798,3.236
2026-09-01T14:37:00,machine-03,41.335,44.497,5.751,3.638
2026-09-01T14:38:00,machine-03,40.967,44.896,5.565,1.47
2026-09-01T14:39:00,machine-03,38.863,47.504,5.162,0.696
2026-09-01T14:40:00,machine-03,36.734,49.986,4.727,0.845
2026-09-01T14:41:00,machine-03,35.734,51.105,4.87,2.054
2026-09-01T14:42:00,machine-03,35.063,51.792,5.094,2.558
2026-09-01T14:43:00,machine-03,34.954,51.973,5.326,3.406
2026-09-01T14:44:00,machine-03,33.433,53.952,5.147,1.722
2026-09-01T14:45:00,machine-03,31.317,56.379,5.041,0.969
2026-09-01T14:46:00,machine-03,29.473,58.634,4.869,0.832
2026-09-01T14:47:00,machine-03,28.489,59.648,4.818,0.875
2026-09-01T14:48:00,machine-03,26.804,61.926,4.521,0.67
2026-09-01T14:49:00,machine-03,25.333,63.344,4.474,1.122
2026-09-01T14:50:00,machine-03,24.445,64.741,4.716,1.279
2026-09-01T14:51:00,machine-03,24.041,65.417,4.947,2.526
2026-09-01T14:52:00,machine-03,24.05,65.137,5.318,2.937
2026-09-01T14:53:00,machine-03,24.813,64.267,5.474,3.134
2026-09-01T14:54:00,machine-03,25.702,63.117,5.258,2.318
2026-09-01T14:55:00,machine-03,26.058,62.643,5.201,3.219
2026-09-01T14:56:00,machine-03,27.16,61.544,5.315,3.897
2026-09-01T14:57:00,machine-03,27.899,60.565,5.247,2.782
2026-09-01T14:58:00,machine-03,28.513,59.785,5.351,3.533
2026-09-01T14:59:00,machine-03,30.276,57.716,5.485,4.15
2026-09-01T15:00:00,machine-03,32.721,54.694,5.825,5.161
2026-09-01T15:01:00,machine-03,35.01,52.057,5.906,5.35
2026-09-01T15:02:00,machine-03,37.253,49.05,6.041,5.853
2026-09-01T15:03:00,machine-03,38.599,47.713,6.105,4.803
2026-09-01T15:04:00,machine-03,38.805,47.395,5.974,3.862
2026-09-01T15:05:00,machine-03,39.445,46.771,5.881,3.772
2026-09-01T15:06:00,machine-03,38.985,47.124,5.634,1.282
2026-09-01T15:07:00,machine-03,36.965,49.52,5.141,0.639
2026-09-01T15:08:00,machine-03,35.767,51.105,5.029,0.755
2026-09-01T15:09:00,machine-03,34.205,52.93,4.904,0.949
2026-09-01T15:10:00,machine-03,33.719,53.571,4.851,2.134
2026-09-01T15:11:00,machine-03,33.271,53.991,4.975,2.1
2026-09-01T15:12:00,machine-03,33.23,54.023,5.096,2.377
2026-09-01T15:13:00,machine-03,32.86,54.798,5.112,3.357
2026-09-01T15:14:00,machine-03,33.241,54.135,5.329,3.16
2026-09-01T15:15:00,machine-03,34.151,53.091,5.524,5.4
2026-09-01T15:16:00,machine-03,35.573,51.397,5.783,5.77
2026-09-01T15:17:00,machine-03,35.888,50.823,5.684,3.528
2026-09-01T15:18:00,machine-03,34.946,51.977,5.535,3.897
2026-09-01T15:19:00,machine-03,35.232,51.908,5.81,5.746
2026-09-01T15:20:00,machine-03,36.079,50.708,6.063,6.104
2026-09-01T15:21:00,machine-03,36.57,50.037,6.123,3.911
2026-09-01T15:22:00,machine-03,35.19,51.602,5.661,2.135
2026-09-01T15:23:00,machine-03,33.041,54.279,5.096,0.842
2026-09-01T15:24:00,machine-03,30.506,57.172,4.897,0.691
2026-09-01T15:25:00,machine-03,29.475,58.662,4.748,1.415
2026-09-01T15:26:00,machine-03,28.428,59.99,4.757,2.339
2026-09-01T15:27:00,machine-03,28.219,60.029,4.906,2.219
2026-09-01T15:28:00,machine-03,30.28,57.735,5.226,4.967
2026-09-01T15:29:00,machine-03,32.885,54.569,5.648,6.017
2026-09-01T15:30:00,machine-03,36.114,50.513,6.038,6.087
2026-09-01T15:31:00,machine-03,38.104,48.205,6.234,5.824
2026-09-01T15:32:00,machine-03,39.568,46.663,6.404,6.174
2026-09-01T15:33:00,machine-03,41.208,44.563,6.564,5.558
2026-09-01T15:34:00,machine-03,42.691,42.49,6.483,4.357
2026-09-01T15:35:00,machine-03,43.584,41.663,6.019,5.2
2026-09-01T15:36:00,machine-03,43.956,41.366,5.789,2.788
2026-09-01T15:37:00,machine-03,42.643,42.912,5.47,1.339
2026-09-01T15:38:00,machine-03,40.183,45.874,4.992,0.707
2026-09-01T15:39:00,machine-03,37.51,48.908,4.671,1.492
2026-09-01T15:40:00,machine-03,36.144,50.547,4.588,1.668
2026-09-01T15:41:00,machine-03,35.01,51.982,4.576,1.596
2026-09-01T15:42:00,machine-03,34.503,52.586,4.709,1.336
2026-09-01T15:43:00,machine-03,33.325,54.032,4.665,0.939
2026-09-01T15:44:00,machine-03,31.688,55.863,4.723,1.823
2026-09-01T15:45:00,machine-03,31.852,55.775,4.945,4.159
2026-09-01T15:46:00,machine-03,32.278,55.389,5.353,4.11
2026-09-01T15:47:00,machine-03,32.48,54.987,5.614,5.327
2026-09-01T15:48:00,machine-03,31.672,55.887,5.707,1.737
2026-09-01T15:49:00,machine-03,30.144,57.817,5.373,2.166
2026-09-01T15:50:00,machine-03,30.254,57.571,5.24,2.903
2026-09-01T15:51:00,machine-03,29.425,58.783,5.207,2.847
2026-09-01T15:52:00,machine-03,29.789,58.361,5.392,3.784
2026-09-01T15:53:00,machine-03,30.331,57.234,5.476,3.032
2026-09-01T15:54:00,machine-03,28.586,59.589,5.335,0.975
2026-09-01T15:55:00,machine-03,26.596,61.948,4.94,0.685
2026-09-01T15:56:00,machine-03,26.263,62.298,4.839,0.987
2026-09-01T15:57:00,machine-03,26.557,62.155,4.828,1.722
2026-09-01T15:58:00,machine-03,28.532,59.804,4.949,4.133
2026-09-01T15:59:00,machine-03,30.584,57.176,5.278,5.094
2026-09-01T16:00:00,machine-03,33.436,53.771,5.8,5.463
2026-09-01T16:01:00,machine-03,35.35,51.493,6.024,5.694
2026-09-01T16:02:00,machine-03,37.179,49.431,6.035,5.749
2026-09-01T16:03:00,machine-03,39.478,46.65,5.83,5.289
2026-09-01T16:04:00,machine-03,40.605,45.371,5.986,3.671
2026-09-01T16:05:00,machine-03,40.522,45.417,5.714,1.657
2026-09-01T16:06:00,machine-03,38.493,48.0,5.277,0.735
2026-09-01T16:07:00,machine-03,35.854,51.155,4.907,1.269
2026-09-01T16:08:00,machine-03,35.136,51.857,4.738,2.331
2026-09-01T16:09:00,machine-03,35.449,51.464,4.969,2.694
2026-09-01T16:10:00,machine-03,36.115,50.703,5.211,3.315
2026-09-01T16:11:00,machine-03,36.822,49.869,5.282,3.639
2026-09-01T16:12:00,machine-03,37.096,49.517,5.631,5.234
2026-09-01T16:13:00,machine-03,37.549,48.906,5.922,5.598
2026-09-01T16:14:00,machine-03,38.005,48.314,5.977,4.855
2026-09-01T16:15:00,machine-03,38.39,47.886,6.116,5.588
2026-09-01T16:16:00,machine-03,38.399,47.843,6.172,4.937
2026-09-01T16:17:00,machine-03,37.975,48.426,6.158,3.941
2026-09-01T16:18:00,machine-03,37.581,48.898,5.882,4.021
2026-09-01T16:19:00,machine-03,38.018,48.294,6.112,6.034
2026-09-01T16:20:00,machine-03,37.914,48.398,6.415,5.962
2026-09-01T16:21:00,machine-03,37.347,49.04,6.323,6.03
2026-09-01T16:22:00,machine-03,37.014,49.585,6.154,4.994
2026-09-01T16:23:00,machine-03,36.352,50.44,6.261,4.64
2026-09-01T16:24:00,machine-03,36.004,50.896,6.002,3.909
2026-09-01T16:25:00,machine-03,35.23,51.711,5.708,2.587
2026-09-01T16:26:00,machine-03,33.912,53.441,5.506,2.236
2026-09-01T16:27:00,machine-03,33.71,53.6,5.343,4.378
2026-09-01T16:28:00,machine-03,34.867,52.018,5.668,6.016
2026-09-01T16:29:00,machine-03,36.511,50.216,5.877,4.963
2026-09-01T16:30:00,machine-03,37.774,48.709,5.853,4.807
2026-09-01T16:31:00,machine-03,38.641,47.523,5.888,4.031
2026-09-01T16:32:00,machine-03,39.603,46.46,5.853,3.508
2026-09-01T16:33:00,machine-03,39.929,45.99,5.744,3.189
2026-09-01T16:34:00,machine-03,40.407,45.655,5.721,4.214
2026-09-01T16:35:00,machine-03,40.639,45.269,5.733,3.572
2026-09-01T16:36:00,machine-03,40.644,45.334,5.489,3.303
2026-09-01T16:37:00,machine-03,41.23,44.554,5.193,2.823
2026-09-01T16:38:00,machine-03,41.176,44.583,5.2,1.591
2026-09-01T16:39:00,machine-03,40.346,45.559,5.095,2.642
2026-09-01T16:40:00,machine-03,39.66,46.369,5.204,2.012
2026-09-01T16:41:00,machine-03,38.151,48.265,5.252,1.734
2026-09-01T16:42:00,machine-03,37.01,49.7,5.11,3.432
2026-09-01T16:43:00,machine-03,37.234,49.277,5.549,5.51
2026-09-01T16:44:00,machine-03,37.939,48.502,5.904,5.364
2026-09-01T16:45:00,machine-03,38.682,47.617,6.139,4.582
2026-09-01T16:46:00,machine-03,38.166,48.244,5.955,2.267
2026-09-01T16:47:00,machine-03,36.142,50.508,5.611,2.191
2026-09-01T16:48:00,machine-03,33.106,54.068,5.343,0.749
2026-09-01T16:49:00,machine-03,30.059,57.919,4.985,1.155
2026-09-01T16:50:00,machine-03,27.943,60.631,4.725,1.262
2026-09-01T16:51:00,machine-03,26.195,62.531,4.733,1.469
2026-09-01T16:52:00,machine-03,25.12,63.768,4.725,1.213
2026-09-01T16:53:00,machine-03,24.258,64.902,4.652,1.022
2026-09-01T16:54:00,machine-03,29.378,58.758,5.252,2.948
2026-09-01T16:55:00,machine-03,30.445,57.5,5.46,4.209
2026-09-01T16:56:00,machine-03,30.755,57.138,5.631,2.543
2026-09-01T16:57:00,machine-03,30.242,57.71,5.542,2.26
2026-09-01T16:58:00,machine-03,29.612,58.507,5.287,1.779
2026-09-01T16:59:00,machine-03,28.986,59.213,5.089,1.507
2026-09-01T17:00:00,machine-03,28.899,59.403,5.112,2.796
2026-09-01T17:01:00,machine-03,29.421,58.724,5.117,2.942
2026-09-01T17:02:00,machine-03,29.532,58.501,5.118,3.095
2026-09-01T17:03:00,machine-03,29.977,58.08,5.165,3.555
2026-09-01T17:04:00,machine-03,30.594,57.284,5.325,3.105
2026-09-01T17:05:00,machine-03,31.535,56.083,5.257,2.911
2026-09-01T17:06:00,machine-03,32.236,55.4,5.363,2.804
2026-09-01T17:07:00,machine-03,32.996,54.399,5.237,3.315
2026-09-01T17:08:00,machine-03,33.808,53.451,5.18,2.319
2026-09-01T17:09:00,machine-03,33.687,53.55,5.082,2.129
2026-09-01T17:10:00,machine-03,33.648,53.733,5.117,2.762
2026-09-01T17:11:00,machine-03,33.84,53.376,5.135,2.657
2026-08-31T17:28:00,machine-04,24.276,64.891,4.394,0.917
2026-08-31T17:29:00,machine-04,24.344,64.847,4.346,1.056
2026-08-31T17:30:00,machine-04,24.702,64.3,4.402,0.797
2026-08-31T17:31:00,machine-04,25.279,63.804,4.346,1.461
2026-08-31T17:32:00,machine-04,26.75,61.889,4.335,1.02
2026-08-31T17:33:00,machine-04,27.715,60.864,4.396,0.929
2026-08-31T17:34:00,machine-04,28.645,59.633,4.497,0.889
2026-08-31T17:35:00,machine-04,28.658,59.649,4.47,0.739
2026-08-31T17:36:00,machine-04,28.137,59.972,4.534,1.397
2026-08-31T17:37:00,machine-04,28.88,59.401,4.519,1.243
2026-08-31T17:38:00,machine-04,29.128,59.156,4.568,0.697
2026-08-31T17:39:00,machine-04,28.913,59.06,4.438,0.693
2026-08-31T17:40:00,machine-04,29.601,58.546,4.491,1.553
2026-08-31T17:41:00,machine-04,30.674,57.13,4.883,3.69
2026-08-31T17:42:00,machine-04,32.556,55.108,5.439,5.368
2026-08-31T17:43:00,machine-04,33.871,53.327,5.729,5.671
2026-08-31T17:44:00,machine-04,35.708,51.172,5.972,5.458
2026-08-31T17:45:00,machine-04,36.05,50.601,6.053,5.539
2026-08-31T17:46:00,machine-04,36.64,50.096,6.201,6.3
2026-08-31T17:47:00,machine-04,37.292,49.245,6.458,5.662
2026-08-31T17:48:00,machine-04,37.627,48.88,6.426,6.018
2026-08-31T17:49:00,machine-04,37.583,48.889,6.526,5.184
2026-08-31T17:50:00,machine-04,35.998,50.836,6.281,2.626
2026-08-31T17:51:00,machine-04,33.799,53.717,5.725,1.664
2026-08-31T17:52:00,machine-04,31.688,55.77,5.288,1.289
2026-08-31T17:53:00,machine-04,29.46,58.647,4.835,0.564
2026-08-31T17:54:00,machine-04,27.382,61.03,4.48,0.918
2026-08-31T17:55:00,machine-04,26.598,62.17,4.532,0.723
2026-08-31T17:56:00,machine-04,25.624,63.052,4.55,1.048
2026-08-31T17:57:00,machine-04,24.762,64.449,4.502,1.544
2026-08-31T17:58:00,machine-04,25.47,63.431,4.591,2.579
2026-08-31T17:59:00,machine-04,26.846,61.825,4.78,2.48
2026-08-31T18:00:00,machine-04,27.631,60.934,4.939,2.067
2026-08-31T18:01:00,machine-04,28.872,59.377,5.061,3.124
2026-08-31T18:02:00,machine-04,31.455,56.276,5.242,4.11
2026-08-31T18:03:00,machine-04,33.208,54.153,5.475,2.441
2026-08-31T18:04:00,machine-04,33.451,53.921,5.326,2.545
2026-08-31T18:05:00,machine-04,33.813,53.386,5.221,1.916
2026-08-31T18:06:00,machine-04,33.025,54.462,4.899,0.785
2026-08-31T18:07:00,machine-04,32.139,55.586,4.734,0.914
2026-08-31T18:08:00,machine-04,32.678,54.73,4.682,2.774
2026-08-31T18:09:00,machine-04,34.889,52.003,4.972,2.837
2026-08-31T18:10:00,machine-04,35.054,52.081,4.904,1.627
2026-08-31T18:11:00,machine-04,33.562,53.877,4.625,0.762
2026-08-31T18:12:00,machine-04,31.549,56.168,4.502,0.831
2026-08-31T18:13:00,machine-04,29.905,58.167,4.272,0.718
2026-08-31T18:14:00,machine-04,28.746,59.573,4.296,0.6
2026-08-31T18:15:00,machine-04,27.137,61.4,4.197,0.555
2026-08-31T18:16:00,machine-04,25.632,62.974,4.077,0.821
2026-08-31T18:17:00,machine-04,25.19,63.768,4.108,1.436
2026-08-31T18:18:00,machine-04,24.868,64.191,4.448,1.089
2026-08-31T18:19:00,machine-04,23.27,66.182,4.581,1.471
2026-08-31T18:20:00,machine-04,22.754,66.688,4.593,1.279
2026-08-31T18:21:00,machine-04,22.087,67.463,4.541,0.583
2026-08-31T18:22:00,machine-04,20.824,69.189,4.43,0.702
2026-08-31T18:23:00,machine-04,20.42,69.419,4.355,0.761
2026-08-31T18:24:00,machine-04,20.227,69.746,4.591,1.377
2026-08-31T18:25:00,machine-04,21.014,68.903,4.93,2.038
2026-08-31T18:26:00,machine-04,21.561,67.869,4.836,1.384
2026-08-31T18:27:00,machine-04,21.315,68.448,4.87,0.737
2026-08-31T18:28:00,machine-04,21.498,68.278,4.512,0.805
2026-08-31T18:29:00,machine-04,22.168,67.387,4.487,0.92
2026-08-31T18:30:00,machine-04,22.775,66.586,4.633,1.569
2026-08-31T18:31:00,machine-04,24.605,64.66,4.817,2.968
2026-08-31T18:32:00,machine-04,26.546,62.195,5.066,2.472
2026-08-31T18:33:00,machine-04,27.909,60.65,5.243,2.839
2026-08-31T18:34:00,machine-04,29.53,58.695,5.297,2.003
2026-08-31T18:35:00,machine-04,31.088,56.635,5.063,2.877
2026-08-31T18:36:00,machine-04,33.026,54.302,5.233,4.547
2026-08-31T18:37:00,machine-04,35.363,51.361,5.423,3.184
2026-08-31T18:38:00,machine-04,35.662,51.213,5.501,2.829
2026-08-31T18:39:00,machine-04,35.731,51.098,5.413,2.433
2026-08-31T18:40:00,machine-04,35.287,51.724,5.153,1.377
2026-08-31T18:41:00,machine-04,34.133,52.912,4.943,1.9
2026-08-31T18:42:00,machine-04,33.456,54.003,4.946,1.148
2026-08-31T18:43:00,machine-04,32.217,55.513,4.857,0.686
2026-08-31T18:44:00,machine-04,30.617,57.045,4.764,0.869
2026-08-31T18:45:00,machine-04,29.906,58.104,4.773,2.419
2026-08-31T18:46:00,machine-04,29.4,58.814,4.87,1.302
2026-08-31T18:47:00,machine-04,27.604,60.819,4.679,0.853
2026-08-31T18:48:00,machine-04,26.102,62.604,4.498,0.744
2026-08-31T18:49:00,machine-04,24.854,64.172,4.57,1.536
2026-08-31T18:50:00,machine-04,24.03,65.269,4.701,1.533
2026-08-31T18:51:00,machine-04,24.267,65.045,4.851,3.356
2026-08-31T18:52:00,machine-04,25.608,63.344,5.173,3.98
2026-08-31T18:53:00,machine-04,26.659,62.012,5.493,4.629
2026-08-31T18:54:00,machine-04,27.693,60.706,5.769,5.576
2026-08-31T18:55:00,machine-04,29.911,58.189,5.926,4.288
2026-08-31T18:56:00,machine-04,31.212,56.535,5.842,4.763
2026-08-31T18:57:00,machine-04,32.523,54.949,6.139,5.763
2026-08-31T18:58:00,machine-04,33.439,53.98,6.259,4.343
2026-08-31T18:59:00,machine-04,34.578,52.514,6.156,4.503
2026-08-31T19:00:00,machine-04,35.175,51.688,6.134,3.824
2026-08-31T19:01:00,machine-04,35.204,51.646,6.094,3.304
2026-08-31T19:02:00,machine-04,35.862,51.029,6.204,3.812
2026-08-31T19:03:00,machine-04,37.009,49.381,6.019,4.408
2026-08-31T19:04:00,machine-04,38.398,47.782,5.888,3.371
2026-08-31T19:05:00,machine-04,37.753,48.853,5.62,1.769
2026-08-31T19:06:00,machine-04,37.488,49.18,5.679,2.562
2026-08-31T19:07:00,machine-04,36.837,49.837,5.536,1.943
2026-08-31T19:08:00,machine-04,36.269,50.429,5.436,2.303
2026-08-31T19:09:00,machine-04,36.561,50.18,5.434,3.08
2026-08-31T19:10:00,machine-04,37.836,48.62,5.544,3.594
2026-08-31T19:11:00,machine-04,38.397,48.033,5.561,3.076
2026-08-31T19:12:00,machine-04,37.385,49.097,5.3,1.269
2026-08-31T19:13:00,machine-04,35.109,52.059,4.805,0.566
2026-08-31T19:14:00,machine-04,32.563,54.931,4.636,0.628
2026-08-31T19:15:00,machine-04,30.446,57.606,4.687,0.973
2026-08-31T19:16:00,machine-04,28.985,59.275,4.7,0.84
2026-08-31T19:17:00,machine-04,27.53,61.1,4.52,0.695
2026-08-31T19:18:00,machine-04,26.01,62.64,4.269,0.682
2026-08-31T19:19:00,machine-04,24.722,64.296,4.239,0.717
2026-08-31T19:20:00,machine-04,23.322,65.987,4.565,1.159
2026-08-31T19:21:00,machine-04,22.365,67.105,4.628,1.036
2026-08-31T19:22:00,machine-04,21.448,68.232,4.524,0.852
2026-08-31T19:23:00,machine-04,20.827,68.984,4.448,0.861
2026-08-31T19:24:00,machine-04,20.355,69.546,4.246,1.135
2026-08-31T19:25:00,machine-04,21.318,68.555,4.367,1.868
2026-08-31T19:26:00,machine-04,22.785,66.59,4.657,2.554
2026-08-31T19:27:00,machine-04,23.651,65.771,4.903,1.558
2026-08-31T19:28:00,machine-04,23.498,65.733,4.93,0.927
2026-08-31T19:29:00,machine-04,23.287,66.028,4.806,0.637
2026-08-31T19:30:00,machine-04,23.048,66.167,4.692,1.149
2026-08-31T19:31:00,machine-04,24.402,64.665,4.723,2.137
2026-08-31T19:32:00,machine-04,26.672,62.0,4.868,3.146
2026-08-31T19:33:00,machine-04,29.885,58.086,5.255,5.177
2026-08-31T19:34:00,machine-04,32.879,54.496,5.488,4.688
2026-08-31T19:35:00,machine-04,34.567,52.555,5.569,4.241
2026-08-31T19:36:00,machine-04,36.248,50.461,5.684,4.411
2026-08-31T19:37:00,machine-04,37.864,48.706,5.807,3.429
2026-08-31T19:38:00,machine-04,38.263,48.045,5.547,1.826
2026-08-31T19:39:00,machine-04,37.426,49.04,5.018,1.016
2026-08-31T19:40:00,machine-04,35.991,50.785,4.993,1.085
2026-08-31T19:41:00,machine-04,34.626,52.405,4.685,1.008
2026-08-31T19:42:00,machine-04,33.339,54.101,4.691,1.723
2026-08-31T19:43:00,machine-04,31.876,55.703,4.575,1.151
2026-08-31T19:44:00,machine-04,30.736,57.083,4.666,1.452
2026-08-31T19:45:00,machine-04,30.007,58.001,4.876,1.914
2026-08-31T19:46:00,machine-04,29.485,58.495,5.069,2.236
2026-08-31T19:47:00,machine-04,29.587,58.365,5.043,2.782
2026-08-31T19:48:00,machine-04,29.902,58.162,5.224,3.556
2026-08-31T19:49:00,machine-04,31.168,56.742,5.641,4.673
2026-08-31T19:50:00,machine-04,30.67,57.276,5.477,1.278
2026-08-31T19:51:00,machine-04,28.414,59.804,4.971,0.974
2026-08-31T19:52:00,machine-04,27.145,61.416,4.908,1.73
2026-08-31T19:53:00,machine-04,26.253,62.621,4.829,1.398
2026-08-31T19:54:00,machine-04,26.298,62.453,4.672,2.81
2026-08-31T19:55:00,machine-04,27.715,60.578,5.099,5.818
2026-08-31T19:56:00,machine-04,29.86,58.245,5.542,5.546
2026-08-31T19:57:00,machine-04,30.687,57.069,5.679,4.059
2026-08-31T19:58:00,machine-04,32.246,55.214,5.881,4.374
2026-08-31T19:59:00,machine-04,33.751,53.479,6.05,5.259
2026-08-31T20:00:00,machine-04,35.405,51.57,6.133,5.455
2026-08-31T20:01:00,machine-04,36.752,49.937,6.092,4.704
2026-08-31T20:02:00,machine-04,37.504,49.036,6.041,4.302
2026-08-31T20:03:00,machine-04,38.563,47.76,5.985,5.205
2026-08-31T20:04:00,machine-04,39.479,46.581,6.069,2.756
2026-08-31T20:05:00,machine-04,38.41,47.783,5.598,1.19
2026-08-31T20:06:00,machine-04,37.7,48.94,5.357,1.727
2026-08-31T20:07:00,machine-04,37.179,49.446,5.287,2.404
2026-08-31T20:08:00,machine-04,37.188,49.327,5.271,1.676
2026-08-31T20:09:00,machine-04,36.659,49.947,5.139,2.691
2026-08-31T20:10:00,machine-04,37.388,48.925,5.424,5.083
2026-08-31T20:11:00,machine-04,38.939,47.139,5.898,6.34
2026-08-31T20:12:00,machine-04,39.84,46.198,5.954,3.796
2026-08-31T20:13:00,machine-04,38.856,47.429,5.723,1.745
2026-08-31T20:14:00,machine-04,36.65,50.061,5.161,1.009
2026-08-31T20:15:00,machine-04,34.836,52.364,5.011,1.326
2026-08-31T20:16:00,machine-04,33.424,53.827,5.164,2.166
2026-08-31T20:17:00,machine-04,31.222,56.516,5.087,1.81
2026-08-31T20:18:00,machine-04,29.495,58.759,4.974,1.148
2026-08-31T20:19:00,machine-04,26.958,61.616,4.594,0.772
2026-08-31T20:20:00,machine-04,24.749,64.346,4.524,0.647
2026-08-31T20:21:00,machine-04,23.66,65.7,4.468,1.161
2026-08-31T20:22:00,machine-04,24.016,65.269,4.6,2.906
2026-08-31T20:23:00,machine-04,23.835,65.19,4.631,0.812
2026-08-31T20:24:00,machine-04,21.871,67.771,4.324,0.599
2026-08-31T20:25:00,machine-04,21.23,68.771,4.144,1.079
2026-08-31T20:26:00,machine-04,21.1,68.441,4.236,0.859
2026-08-31T20:27:00,machine-04,20.948,68.771,4.42,1.168
2026-08-31T20:28:00,machine-04,21.419,68.306,4.642,1.045
2026-08-31T20:29:00,machine-04,22.525,67.24,4.787,1.773
2026-08-31T20:30:00,machine-04,24.115,64.908,4.885,2.468
2026-08-31T20:31:00,machine-04,26.086,62.602,5.016,2.872
2026-08-31T20:32:00,machine-04,27.212,61.461,4.94,1.633
2026-08-31T20:33:00,machine-04,27.283,61.133,4.636,0.702
2026-08-31T20:34:00,machine-04,28.447,59.821,4.628,2.971
2026-08-31T20:35:00,machine-04,31.646,55.963,5.111,5.023
2026-08-31T20:36:00,machine-04,34.456,52.671,5.434,4.163
2026-08-31T20:37:00,machine-04,36.557,50.207,5.679,5.611
2026-08-31T20:38:00,machine-04,38.421,47.961,5.718,5.833
2026-08-31T20:39:00,machine-04,39.578,46.542,5.834,5.614
2026-08-31T20:40:00,machine-04,39.643,46.389,5.823,2.491
2026-08-31T20:41:00,machine-04,38.297,48.096,5.543,1.066
2026-08-31T20:42:00,machine-04,36.822,49.893,5.157,2.131
2026-08-31T20:43:00,machine-04,36.903,49.666,5.096,3.839
2026-08-31T20:44:00,machine-04,37.196,49.442,5.601,5.121
2026-08-31T20:45:00,machine-04,37.306,49.254,5.762,4.085
2026-08-31T20:46:00,machine-04,36.122,50.588,5.592,2.708
2026-08-31T20:47:00,machine-04,33.933,53.358,5.196,1.306
2026-08-31T20:48:00,machine-04,31.968,55.728,4.883,1.371
2026-08-31T20:49:00,machine-04,30.806,57.016,4.878,2.639
2026-08-31T20:50:00,machine-04,30.475,57.38,5.252,4.417
2026-08-31T20:51:00,machine-04,31.503,56.218,5.549,5.634
2026-08-31T20:52:00,machine-04,31.977,55.7,5.786,6.144
2026-08-31T20:53:00,machine-04,32.759,54.755,6.164,5.875
2026-08-31T20:54:00,machine-04,33.036,54.368,5.961,3.432
2026-08-31T20:55:00,machine-04,32.29,55.55,5.426,2.395
2026-08-31T20:56:00,machine-04,30.811,57.01,5.284,0.641
2026-08-31T20:57:00,machine-04,28.701,59.359,4.969,0.735
2026-08-31T20:58:00,machine-04,27.674,60.904,4.786,1.122
2026-08-31T20:59:00,machine-04,27.484,61.057,4.681,1.976
2026-08-31T21:00:00,machine-04,28.152,60.131,4.872,3.346
2026-08-31T21:01:00,machine-04,30.256,57.739,5.128,4.657
2026-08-31T21:02:00,machine-04,32.615,54.694,5.388,3.674
2026-08-31T21:03:00,machine-04,33.994,53.243,5.167,1.892
2026-08-31T21:04:00,machine-04,34.003,53.249,5.01,1.3
2026-08-31T21:05:00,machine-04,33.685,53.558,4.94,1.681
2026-08-31T21:06:00,machine-04,34.438,52.557,5.099,2.713
2026-08-31T21:07:00,machine-04,35.963,50.75,5.256,4.372
2026-08-31T21:08:00,machine-04,37.488,48.917,5.62,3.532
2026-08-31T21:09:00,machine-04,37.657,48.923,5.594,3.287
2026-08-31T21:10:00,machine-04,37.939,48.609,5.509,3.007
2026-08-31T21:11:00,machine-04,38.729,47.477,5.54,4.879
2026-08-31T21:12:00,machine-04,39.585,46.479,5.639,5.514
2026-08-31T21:13:00,machine-04,40.019,45.878,5.884,5.237
2026-08-31T21:14:00,machine-04,39.854,46.301,6.02,4.791
2026-08-31T21:15:00,machine-04,39.742,46.33,6.061,4.474
2026-08-31T21:16:00,machine-04,38.91,47.169,5.942,3.807
2026-08-31T21:17:00,machine-04,38.896,47.129,5.807,5.803
2026-08-31T21:18:00,machine-04,39.424,46.733,6.056,5.612
2026-08-31T21:19:00,machine-04,39.273,46.653,6.217,6.263
2026-08-31T21:20:00,machine-04,38.919,47.295,6.347,6.182
2026-08-31T21:21:00,machine-04,38.294,47.876,6.416,6.071
2026-08-31T21:22:00,machine-04,38.169,48.126,6.292,6.177
2026-08-31T21:23:00,machine-04,38.692,47.42,6.448,5.756
2026-08-31T21:24:00,machine-04,38.173,48.27,6.115,3.835
2026-08-31T21:25:00,machine-04,37.802,48.705,5.869,4.325
2026-08-31T21:26:00,machine-04,36.936,49.647,5.855,3.755
2026-08-31T21:27:00,machine-04,36.528,50.342,5.636,3.691
2026-08-31T21:28:00,machine-04,35.839,51.038,5.525,2.287
2026-08-31T21:29:00,machine-04,34.116,52.895,5.227,2.464
2026-08-31T21:30:00,machine-04,34.35,52.804,5.319,4.549
2026-08-31T21:31:00,machine-04,36.682,49.826,5.579,5.873
2026-08-31T21:32:00,machine-04,39.104,47.273,6.044,5.57
2026-08-31T21:33:00,machine-04,39.626,46.548,5.976,3.462
2026-08-31T21:34:00,machine-04,39.387,46.717,5.585,2.358
2026-08-31T21:35:00,machine-04,38.426,47.981,5.232,1.468
2026-08-31T21:36:00,machine-04,37.079,49.497,4.842,0.579
2026-08-31T21:37:00,machine-04,36.119,50.712,4.704,1.176
2026-08-31T21:38:00,machine-04,36.274,50.449,4.843,1.816
2026-08-31T21:39:00,machine-04,36.533,50.178,4.831,2.916
2026-08-31T21:40:00,machine-04,36.735,49.915,5.055,2.732
2026-08-31T21:41:00,machine-04,36.421,50.412,5.138,3.271
2026-08-31T21:42:00,machine-04,36.067,50.735,5.257,2.52
2026-08-31T21:43:00,machine-04,35.107,51.887,5.361,2.924
2026-08-31T21:44:00,machine-04,35.554,51.263,5.596,5.021
2026-08-31T21:45:00,machine-04,36.566,50.143,5.772,5.346
2026-08-31T21:46:00,machine-04,37.342,49.427,5.995,5.928
2026-08-31T21:47:00,machine-04,37.319,49.452,6.106,5.442
2026-08-31T21:48:00,machine-04,37.737,48.709,6.206,5.797
2026-08-31T21:49:00,machine-04,37.112,49.488,6.325,4.986
2026-08-31T21:50:00,machine-04,36.146,50.573,6.129,4.044
2026-08-31T21:51:00,machine-04,35.132,52.079,5.989,3.332
2026-08-31T21:52:00,machine-04,35.104,51.884,6.073,5.271
2026-08-31T21:53:00,machine-04,35.787,51.01,6.097,5.755
2026-08-31T21:54:00,machine-04,36.138,50.645,6.163,5.181
2026-08-31T21:55:00,machine-04,36.662,49.906,6.186,5.505
2026-08-31T21:56:00,machine-04,36.599,49.901,6.203,5.137
2026-08-31T21:57:00,machine-04,36.062,50.784,6.276,4.881
2026-08-31T21:58:00,machine-04,36.15,50.587,6.266,2.775
2026-08-31T21:59:00,machine-04,34.326,52.557,5.7,1.177
2026-08-31T22:00:00,machine-04,33.973,53.165,5.347,2.727
2026-08-31T22:01:00,machine-04,35.088,52.032,5.517,4.586
2026-08-31T22:02:00,machine-04,36.05,50.719,5.599,4.095
2026-08-31T22:03:00,machine-04,37.682,48.836,5.734,5.787
2026-08-31T22:04:00,machine-04,39.523,46.565,5.905,5.94
2026-08-31T22:05:00,machine-04,41.451,44.17,6.182,5.13
2026-08-31T22:06:00,machine-04,42.92,42.737,6.267,4.583
2026-08-31T22:07:00,machine-04,42.918,42.644,6.296,3.742
2026-08-31T22:08:00,machine-04,43.302,42.246,6.391,5.63
2026-08-31T22:09:00,machine-04,43.977,41.352,6.428,5.576
2026-08-31T22:10:00,machine-04,44.34,40.984,6.425,6.003
2026-08-31T22:11:00,machine-04,45.233,39.849,6.311,5.943
2026-08-31T22:12:00,machine-04,45.712,39.047,6.278,5.547
2026-08-31T22:13:00,machine-04,45.535,39.34,6.228,5.473
2026-08-31T22:14:00,machine-04,44.061,41.059,6.001,2.245
2026-08-31T22:15:00,machine-04,41.346,44.568,5.662,2.733
2026-08-31T22:16:00,machine-04,38.156,48.169,5.45,1.235
2026-08-31T22:17:00,machine-04,35.238,51.787,5.202,2.044
2026-08-31T22:18:00,machine-04,32.785,54.529,5.118,1.536
2026-08-31T22:19:00,machine-04,31.463,56.226,4.861,1.384
2026-08-31T22:20:00,machine-04,29.708,58.374,4.691,0.983
2026-08-31T22:21:00,machine-04,28.08,60.384,4.523,0.777
2026-08-31T22:22:00,machine-04,25.708,63.266,4.314,0.657
2026-08-31T22:23:00,machine-04,24.262,64.981,4.14,0.892
2026-08-31T22:24:00,machine-04,23.586,65.845,4.242,1.019
2026-08-31T22:25:00,machine-04,23.388,65.895,4.351,1.913
2026-08-31T22:26:00,machine-04,24.414,64.637,4.437,1.896
2026-08-31T22:27:00,machine-04,25.092,63.778,4.731,2.036
2026-08-31T22:28:00,machine-04,25.087,63.79,4.716,0.979
2026-08-31T22:29:00,machine-04,25.473,63.486,4.743,3.096
2026-08-31T22:30:00,machine-04,27.692,60.796,5.192,4.82
2026-08-31T22:31:00,machine-04,29.841,58.211,5.649,5.165
2026-08-31T22:32:00,machine-04,31.919,55.706,5.906,5.16
2026-08-31T22:33:00,machine-04,34.419,52.587,5.896,5.156
2026-08-31T22:34:00,machine-04,36.391,50.446,5.977,4.248
2026-08-31T22:35:00,machine-04,37.46,49.042,5.867,2.984
2026-08-31T22:36:00,machine-04,37.699,48.812,5.648,2.902
2026-08-31T22:37:00,machine-04,37.922,48.409,5.444,3.529
2026-08-31T22:38:00,machine-04,39.102,47.174,5.676,4.07
2026-08-31T22:39:00,machine-04,39.287,46.858,5.597,3.01
2026-08-31T22:40:00,machine-04,38.82,47.349,5.445,2.999
2026-08-31T22:41:00,machine-04,38.435,47.744,5.428,2.985
2026-08-31T22:42:00,machine-04,37.863,48.529,5.362,2.892
2026-08-31T22:43:00,machine-04,37.063,49.483,5.272,1.503
2026-08-31T22:44:00,machine-04,34.692,52.345,5.087,1.009
2026-08-31T22:45:00,machine-04,32.268,55.281,4.64,0.553
2026-08-31T22:46:00,machine-04,30.127,57.912,4.38,0.695
2026-08-31T22:47:00,machine-04,28.254,59.932,4.512,1.158
2026-08-31T22:48:00,machine-04,27.14,61.276,4.572,1.794
2026-08-31T22:49:00,machine-04,26.373,62.364,4.802,2.76
2026-08-31T22:50:00,machine-04,26.874,61.615,4.972,3.451
2026-08-31T22:51:00,machine-04,26.868,61.84,5.149,3.184
2026-08-31T22:52:00,machine-04,26.154,62.571,4.96,1.227
2026-08-31T22:53:00,machine-04,25.252,63.556,4.791,1.456
2026-08-31T22:54:00,machine-04,24.222,64.75,4.586,0.56
2026-08-31T22:55:00,machine-04,23.423,65.954,4.254,0.7
2026-08-31T22:56:00,machine-04,23.384,65.877,4.417,1.006
2026-08-31T22:57:00,machine-04,23.956,65.225,4.565,1.925
2026-08-31T22:58:00,machine-04,24.444,64.465,4.702,1.112
2026-08-31T22:59:00,machine-04,23.84,65.296,4.606,0.911
2026-08-31T23:00:00,machine-04,24.973,64.062,4.654,2.894
2026-08-31T23:01:00,machine-04,28.202,60.228,5.1,4.44
2026-08-31T23:02:00,machine-04,31.231,56.344,5.519,4.139
2026-08-31T23:03:00,machine-04,33.732,53.366,5.796,5.653
2026-08-31T23:04:00,machine-04,35.895,51.037,6.033,4.582
2026-08-31T23:05:00,machine-04,37.924,48.525,6.032,6.012
2026-08-31T23:06:00,machine-04,39.926,45.96,6.218,6.206
2026-08-31T23:07:00,machine-04,41.362,44.33,6.317,5.678
2026-08-31T23:08:00,machine-04,42.157,43.403,6.128,4.361
2026-08-31T23:09:00,machine-04,43.319,42.079,6.117,5.603
2026-08-31T23:10:00,machine-04,43.646,41.847,6.168,4.262
2026-08-31T23:11:00,machine-04,43.998,41.225,6.046,4.777
2026-08-31T23:12:00,machine-04,43.069,42.539,5.842,2.856
2026-08-31T23:13:00,machine-04,41.294,44.392,5.839,3.401
2026-08-31T23:14:00,machine-04,40.333,45.411,5.9,3.79
2026-08-31T23:15:00,machine-04,40.074,46.012,5.955,3.834
2026-08-31T23:16:00,machine-04,38.651,47.428,5.689,2.734
2026-08-31T23:17:00,machine-04,36.615,50.157,5.444,2.41
2026-08-31T23:18:00,machine-04,35.323,51.664,5.388,3.845
2026-08-31T23:19:00,machine-04,35.018,52.134,5.67,4.74
2026-08-31T23:20:00,machine-04,35.284,51.684,5.762,5.485
2026-08-31T23:21:00,machine-04,35.049,51.963,5.847,3.848
2026-08-31T23:22:00,machine-04,34.752,52.373,5.838,4.252
2026-08-31T23:23:00,machine-04,34.45,52.646,5.896,4.248
2026-08-31T23:24:00,machine-04,33.996,53.271,5.724,3.466
2026-08-31T23:25:00,machine-04,33.368,53.982,5.553,3.377
2026-08-31T23:26:00,machine-04,33.568,53.914,5.709,4.516
2026-08-31T23:27:00,machine-04,34.463,52.511,5.868,3.693
2026-08-31T23:28:00,machine-04,33.389,53.908,5.584,1.16
2026-08-31T23:29:00,machine-04,31.799,55.764,5.121,0.965
2026-08-31T23:30:00,machine-04,32.26,55.244,5.255,3.445
2026-08-31T23:31:00,machine-04,34.152,52.952,5.429,4.886
2026-08-31T23:32:00,machine-04,36.107,50.664,5.841,5.607
2026-08-31T23:33:00,machine-04,37.642,48.925,6.167,5.215
2026-08-31T23:34:00,machine-04,39.065,47.218,6.146,5.541
2026-08-31T23:35:00,machine-04,40.962,44.942,5.988,4.934
2026-08-31T23:36:00,machine-04,41.889,43.74,5.852,3.32
2026-08-31T23:37:00,machine-04,42.01,43.565,5.657,3.627
2026-08-31T23:38:00,machine-04,42.275,43.198,5.591,4.393
2026-08-31T23:39:00,machine-04,43.208,42.156,5.861,5.605
2026-08-31T23:40:00,machine-04,43.96,41.395,6.07,5.333
2026-08-31T23:41:00,machine-04,43.989,41.055,6.166,5.773
2026-08-31T23:42:00,machine-04,44.054,41.114,6.303,6.074
2026-08-31T23:43:00,machine-04,44.02,41.173,6.39,6.177
2026-08-31T23:44:00,machine-04,44.368,40.736,6.145,6.066
2026-08-31T23:45:00,machine-04,44.521,40.471,6.029,5.893
2026-08-31T23:46:00,machine-04,43.726,41.426,6.135,6.25
2026-08-31T23:47:00,machine-04,42.944,42.346,6.336,5.304
2026-08-31T23:48:00,machine-04,40.929,45.042,6.12,4.389
2026-08-31T23:49:00,machine-04,39.478,46.504,5.975,4.523
2026-08-31T23:50:00,machine-04,39.028,47.315,6.138,5.848
2026-08-31T23:51:00,machine-04,39.46,46.534,6.176,5.966
2026-08-31T23:52:00,machine-04,39.196,47.113,6.02,4.35
2026-08-31T23:53:00,machine-04,38.632,47.634,5.843,4.984
2026-08-31T23:54:00,machine-04,38.305,47.863,5.957,5.658
2026-08-31T23:55:00,machine-04,37.619,48.773,6.145,3.951
2026-08-31T23:56:00,machine-04,36.277,50.47,5.721,2.05
2026-08-31T23:57:00,machine-04,33.991,53.144,5.146,1.107
2026-08-31T23:58:00,machine-04,32.465,55.134,4.703,1.118
2026-08-31T23:59:00,machine-04,31.999,55.734,4.766,2.228
2026-09-01T00:00:00,machine-04,31.997,55.755,4.852,1.946
2026-09-01T00:01:00,machine-04,32.394,55.307,4.897,2.081
2026-09-01T00:02:00,machine-04,33.302,53.914,5.073,4.312
2026-09-01T00:03:00,machine-04,35.309,51.482,5.557,5.425
2026-09-01T00:04:00,machine-04,37.562,48.976,6.011,5.833
2026-09-01T00:05:00,machine-04,39.078,46.972,6.051,4.091
2026-09-01T00:06:00,machine-04,40.175,45.908,5.874,4.653
2026-09-01T00:07:00,machine-04,40.936,44.847,5.868,5.778
2026-09-01T00:08:00,machine-04,41.76,43.994,5.79,5.969
2026-09-01T00:09:00,machine-04,42.428,43.118,5.936,5.434
2026-09-01T00:10:00,machine-04,42.982,42.304,6.139,4.581
2026-09-01T00:11:00,machine-04,43.729,41.279,6.213,5.768
2026-09-01T00:12:00,machine-04,43.646,41.815,6.205,5.145
2026-09-01T00:13:00,machine-04,43.674,41.597,6.189,5.732
2026-09-01T00:14:00,machine-04,43.529,41.712,6.179,6.117
2026-09-01T00:15:00,machine-04,42.931,42.323,6.129,5.828
2026-09-01T00:16:00,machine-04,41.964,43.781,6.04,3.852
2026-09-01T00:17:00,machine-04,41.099,44.723,5.965,3.748
2026-09-01T00:18:00,machine-04,39.053,47.126,5.613,3.172
2026-09-01T00:19:00,machine-04,37.967,48.319,5.518,4.773
2026-09-01T00:20:00,machine-04,37.481,49.072,5.635,3.761
2026-09-01T00:21:00,machine-04,35.998,50.879,5.548,2.529
2026-09-01T00:22:00,machine-04,33.502,53.775,5.326,1.292
2026-09-01T00:23:00,machine-04,30.745,57.268,4.941,0.796
2026-09-01T00:24:00,machine-04,28.255,59.968,4.844,0.658
2026-09-01T00:25:00,machine-04,27.226,61.391,4.623,1.13
2026-09-01T00:26:00,machine-04,26.292,62.567,4.58,0.811
2026-09-01T00:27:00,machine-04,25.131,63.883,4.331,0.757
2026-09-01T00:28:00,machine-04,24.52,64.574,4.459,0.774
2026-09-01T00:29:00,machine-04,23.856,65.282,4.645,0.996
2026-09-01T00:30:00,machine-04,24.191,64.923,4.616,0.648
2026-09-01T00:31:00,machine-04,24.582,64.461,4.59,1.42
2026-09-01T00:32:00,machine-04,26.039,62.696,4.473,1.13
2026-09-01T00:33:00,machine-04,26.447,62.14,4.276,1.053
2026-09-01T00:34:00,machine-04,27.563,61.001,4.344,1.712
2026-09-01T00:35:00,machine-04,27.982,60.508,4.484,1.298
2026-09-01T00:36:00,machine-04,28.155,60.308,4.472,1.501
2026-09-01T00:37:00,machine-04,28.492,59.771,4.465,1.917
2026-09-01T00:38:00,machine-04,29.125,58.858,4.598,0.9
2026-09-01T00:39:00,machine-04,28.815,59.36,4.528,0.667
2026-09-01T00:40:00,machine-04,28.936,59.603,4.364,0.948
2026-09-01T00:41:00,machine-04,29.803,58.229,4.323,1.13
2026-09-01T00:42:00,machine-04,29.742,58.346,4.3,0.983
2026-09-01T00:43:00,machine-04,29.033,59.012,4.404,1.441
2026-09-01T00:44:00,machine-04,28.121,60.194,4.477,0.997
2026-09-01T00:45:00,machine-04,27.43,61.138,4.442,1.355
2026-09-01T00:46:00,machine-04,26.435,62.465,4.334,0.631
2026-09-01T00:47:00,machine-04,25.48,63.366,4.461,1.16
2026-09-01T00:48:00,machine-04,24.215,65.025,4.365,0.586
2026-09-01T00:49:00,machine-04,22.863,66.54,4.246,1.128
2026-09-01T00:50:00,machine-04,22.251,67.302,4.339,1.155
2026-09-01T00:51:00,machine-04,22.319,67.167,4.425,2.068
2026-09-01T00:52:00,machine-04,22.546,66.904,4.425,2.118
2026-09-01T00:53:00,machine-04,22.801,66.547,4.38,1.054
2026-09-01T00:54:00,machine-04,22.094,67.312,4.48,0.677
2026-09-01T00:55:00,machine-04,21.842,67.71,4.589,2.178
2026-09-01T00:56:00,machine-04,22.721,66.736,4.73,1.677
2026-09-01T00:57:00,machine-04,23.088,66.491,4.785,0.775
2026-09-01T00:58:00,machine-04,23.254,66.075,4.645,1.086
2026-09-01T00:59:00,machine-04,24.483,64.761,4.833,1.644
2026-09-01T01:00:00,machine-04,25.019,63.996,4.664,0.831
2026-09-01T01:01:00,machine-04,25.561,63.395,4.612,1.88
2026-09-01T01:02:00,machine-04,27.21,61.285,4.792,2.138
2026-09-01T01:03:00,machine-04,28.68,59.537,4.904,3.263
2026-09-01T01:04:00,machine-04,29.708,58.186,4.891,1.692
2026-09-01T01:05:00,machine-04,29.123,59.103,4.573,0.587
2026-09-01T01:06:00,machine-04,28.653,59.58,4.371,0.607
2026-09-01T01:07:00,machine-04,28.442,59.794,4.289,0.77
2026-09-01T01:08:00,machine-04,28.92,59.275,4.322,0.863
2026-09-01T01:09:00,machine-04,29.709,58.327,4.423,1.694
2026-09-01T01:10:00,machine-04,30.322,57.729,4.687,2.42
2026-09-01T01:11:00,machine-04,31.021,56.721,4.843,2.713
2026-09-01T01:12:00,machine-04,31.662,55.963,4.851,2.035
2026-09-01T01:13:00,machine-04,30.718,57.305,4.738,1.171
2026-09-01T01:14:00,machine-04,30.134,57.755,4.643,1.714
2026-09-01T01:15:00,machine-04,29.73,58.316,4.784,1.472
2026-09-01T01:16:00,machine-04,29.131,59.09,4.871,2.27
2026-09-01T01:17:00,machine-04,29.001,59.199,4.979,2.113
2026-09-01T01:18:00,machine-04,27.918,60.511,4.958,1.168
2026-09-01T01:19:00,machine-04,26.557,62.057,4.816,1.363
2026-09-01T01:20:00,machine-04,24.639,64.384,4.681,0.621
2026-09-01T01:21:00,machine-04,23.458,65.784,4.486,2.071
2026-09-01T01:22:00,machine-04,24.299,64.682,4.809,3.412
2026-09-01T01:23:00,machine-04,25.762,63.02,5.121,4.293
2026-09-01T01:24:00,machine-04,26.902,61.897,5.424,3.92
2026-09-01T01:25:00,machine-04,27.515,60.932,5.39,2.44
2026-09-01T01:26:00,machine-04,27.042,61.627,5.123,1.251
2026-09-01T01:27:00,machine-04,26.39,62.46,4.891,0.85
2026-09-01T01:28:00,machine-04,26.261,62.448,4.558,0.619
2026-09-01T01:29:00,machine-04,25.295,63.485,4.334,0.616
2026-09-01T01:30:00,machine-04,25.559,63.208,4.347,0.759
2026-09-01T01:31:00,machine-04,26.076,62.643,4.284,0.757
2026-09-01T01:32:00,machine-04,25.796,63.095,4.32,1.118
2026-09-01T01:33:00,machine-04,26.165,62.55,4.688,2.404
2026-09-01T01:34:00,machine-04,28.172,60.109,4.95,2.755
2026-09-01T01:35:00,machine-04,30.275,57.689,4.928,2.419
2026-09-01T01:36:00,machine-04,31.871,55.688,5.062,2.489
2026-09-01T01:37:00,machine-04,32.185,55.417,4.995,0.964
2026-09-01T01:38:00,machine-04,31.437,56.361,4.718,0.624
2026-09-01T01:39:00,machine-04,30.483,57.267,4.61,0.785
2026-09-01T01:40:00,machine-04,29.813,58.254,4.492,1.096
2026-09-01T01:41:00,machine-04,29.774,58.136,4.47,1.545
2026-09-01T01:42:00,machine-04,29.821,58.207,4.441,1.168
2026-09-01T01:43:00,machine-04,30.314,57.519,4.646,3.369
2026-09-01T01:44:00,machine-04,31.818,55.911,5.08,4.345
2026-09-01T01:45:00,machine-04,32.594,54.95,5.29,4.477
2026-09-01T01:46:00,machine-04,32.913,54.536,5.547,5.696
2026-09-01T01:47:00,machine-04,33.591,53.68,5.705,5.313
2026-09-01T01:48:00,machine-04,34.147,52.988,5.819,5.594
2026-09-01T01:49:00,machine-04,34.714,52.327,5.857,5.936
2026-09-01T01:50:00,machine-04,35.549,51.349,6.0,5.294
2026-09-01T01:51:00,machine-04,35.594,51.375,5.866,4.498
2026-09-01T01:52:00,machine-04,35.255,51.643,5.942,4.668
2026-09-01T01:53:00,machine-04,34.915,52.177,6.052,4.936
2026-09-01T01:54:00,machine-04,34.453,52.686,5.992,3.856
2026-09-01T01:55:00,machine-04,34.54,52.496,6.004,5.835
2026-09-01T01:56:00,machine-04,35.264,51.493,6.136,5.314
2026-09-01T01:57:00,machine-04,36.224,50.361,6.068,5.256
2026-09-01T01:58:00,machine-04,37.726,48.689,6.087,6.148
2026-09-01T01:59:00,machine-04,38.835,47.517,6.074,5.588
2026-09-01T02:00:00,machine-04,39.78,46.232,5.925,5.395
2026-09-01T02:01:00,machine-04,40.145,45.907,5.661,3.627
2026-09-01T02:02:00,machine-04,39.172,47.105,5.446,1.943
2026-09-01T02:03:00,machine-04,38.172,48.14,5.121,1.257
2026-09-01T02:04:00,machine-04,37.203,49.192,4.954,1.33
2026-09-01T02:05:00,machine-04,36.217,50.488,4.953,2.212
2026-09-01T02:06:00,machine-04,36.585,50.174,5.169,4.526
2026-09-01T02:07:00,machine-04,37.998,48.563,5.52,4.374
2026-09-01T02:08:00,machine-04,38.703,47.592,5.665,4.065
2026-09-01T02:09:00,machine-04,39.653,46.483,5.797,5.423
2026-09-01T02:10:00,machine-04,40.904,44.985,5.771,3.059
2026-09-01T02:11:00,machine-04,41.019,44.889,5.654,3.501
2026-09-01T02:12:00,machine-04,40.999,44.86,5.681,3.304
2026-09-01T02:13:00,machine-04,40.835,45.054,5.797,4.616
2026-09-01T02:14:00,machine-04,40.461,45.511,5.919,5.602
2026-09-01T02:15:00,machine-04,40.65,45.093,6.085,5.865
2026-09-01T02:16:00,machine-04,40.226,45.721,6.005,5.626
2026-09-01T02:17:00,machine-04,39.29,46.907,5.953,4.396
2026-09-01T02:18:00,machine-04,38.438,47.839,5.88,4.594
2026-09-01T02:19:00,machine-04,37.848,48.456,5.759,3.496
2026-09-01T02:20:00,machine-04,37.344,49.056,5.764,5.985
2026-09-01T02:21:00,machine-04,37.359,48.995,5.927,5.785
2026-09-01T02:22:00,machine-04,36.93,49.712,6.007,4.063
2026-09-01T02:23:00,machine-04,35.167,51.838,5.722,1.458
2026-09-01T02:24:00,machine-04,33.154,54.199,5.468,1.722
2026-09-01T02:25:00,machine-04,32.96,54.593,5.377,2.764
2026-09-01T02:26:00,machine-04,32.663,54.703,5.53,3.158
2026-09-01T02:27:00,machine-04,31.887,55.895,5.547,2.458
2026-09-01T02:28:00,machine-04,31.87,55.829,5.668,4.152
2026-09-01T02:29:00,machine-04,32.048,55.589,5.474,3.103
2026-09-01T02:30:00,machine-04,33.176,54.152,5.345,3.143
2026-09-01T02:31:00,machine-04,34.787,52.17,5.606,4.43
2026-09-01T02:32:00,machine-04,36.816,49.842,5.923,5.446
2026-09-01T02:33:00,machine-04,38.769,47.396,6.126,5.697
2026-09-01T02:34:00,machine-04,40.302,45.714,6.211,5.205
2026-09-01T02:35:00,machine-04,41.107,44.71,6.169,4.084
2026-09-01T02:36:00,machine-04,42.355,43.125,6.077,5.668
2026-09-01T02:37:00,machine-04,43.949,41.407,6.114,5.183
2026-09-01T02:38:00,machine-04,44.374,40.569,5.954,5.499
2026-09-01T02:39:00,machine-04,45.197,39.865,6.068,4.375
2026-09-01T02:40:00,machine-04,44.22,40.945,5.823,1.908
2026-09-01T02:41:00,machine-04,42.621,42.837,5.656,3.633
2026-09-01T02:42:00,machine-04,42.208,43.322,5.667,4.884
2026-09-01T02:43:00,machine-04,41.077,44.744,5.624,3.787
2026-09-01T02:44:00,machine-04,40.019,46.012,5.635,2.597
2026-09-01T02:45:00,machine-04,38.171,48.18,5.556,2.704
2026-09-01T02:46:00,machine-04,37.206,49.562,5.503,3.62
2026-09-01T02:47:00,machine-04,36.377,50.259,5.566,3.728
2026-09-01T02:48:00,machine-04,35.303,51.576,5.488,2.897
2026-09-01T02:49:00,machine-04,34.147,52.999,5.336,3.046
2026-09-01T02:50:00,machine-04,32.78,54.751,5.344,1.679
2026-09-01T02:51:00,machine-04,29.568,58.454,4.967,0.582
2026-09-01T02:52:00,machine-04,27.383,61.084,4.751,0.694
2026-09-01T02:53:00,machine-04,25.498,63.609,4.34,0.6
2026-09-01T02:54:00,machine-04,24.25,64.774,4.327,0.726
2026-09-01T02:55:00,machine-04,23.464,65.901,4.493,0.682
2026-09-01T02:56:00,machine-04,22.884,66.561,4.381,0.953
2026-09-01T02:57:00,machine-04,22.068,67.543,4.376,0.635
2026-09-01T02:58:00,machine-04,21.793,67.994,4.456,0.831
2026-09-01T02:59:00,machine-04,23.189,66.26,4.343,1.02
2026-09-01T03:00:00,machine-04,23.921,65.214,4.268,0.721
2026-09-01T03:01:00,machine-04,23.751,65.659,4.273,0.557
2026-09-01T03:02:00,machine-04,23.845,65.367,4.244,0.912
2026-09-01T03:03:00,machine-04,25.142,63.871,4.317,3.461
2026-09-01T03:04:00,machine-04,28.222,60.279,4.762,4.365
2026-09-01T03:05:00,machine-04,31.266,56.548,5.283,5.165
2026-09-01T03:06:00,machine-04,33.901,53.338,5.507,4.58
2026-09-01T03:07:00,machine-04,35.619,51.4,5.55,4.511
2026-09-01T03:08:00,machine-04,37.614,48.722,5.773,4.523
2026-09-01T03:09:00,machine-04,39.05,47.116,5.805,3.91
2026-09-01T03:10:00,machine-04,38.51,47.677,5.854,1.815
2026-09-01T03:11:00,machine-04,37.613,48.951,5.619,2.37
2026-09-01T03:12:00,machine-04,36.768,49.734,5.586,2.689
2026-09-01T03:13:00,machine-04,37.151,49.388,5.534,4.063
2026-09-01T03:14:00,machine-04,38.222,48.151,5.696,5.883
2026-09-01T03:15:00,machine-04,38.847,47.434,5.793,4.896
2026-09-01T03:16:00,machine-04,38.5,48.084,5.818,3.831
2026-09-01T03:17:00,machine-04,36.747,49.955,5.693,3.826
2026-09-01T03:18:00,machine-04,35.954,51.004,5.751,5.097
2026-09-01T03:19:00,machine-04,36.216,50.613,5.923,4.86
2026-09-01T03:20:00,machine-04,36.083,50.621,6.25,5.423
2026-09-01T03:21:00,machine-04,36.695,49.933,6.284,5.623
2026-09-01T03:22:00,machine-04,36.523,50.341,6.098,4.681
2026-09-01T03:23:00,machine-04,35.817,50.988,6.05,4.348
2026-09-01T03:24:00,machine-04,35.188,51.515,5.888,3.846
2026-09-01T03:25:00,machine-04,34.733,52.395,5.847,4.387
2026-09-01T03:26:00,machine-04,34.38,52.599,5.83,3.484
2026-09-01T03:27:00,machine-04,34.234,52.944,5.976,5.119
2026-09-01T03:28:00,machine-04,35.085,51.907,6.245,5.407
2026-09-01T03:29:00,machine-04,36.466,50.228,6.238,5.111
2026-09-01T03:30:00,machine-04,36.923,49.71,6.268,3.758
2026-09-01T03:31:00,machine-04,37.831,48.621,6.261,6.118
2026-09-01T03:32:00,machine-04,39.749,46.245,6.286,5.633
2026-09-01T03:33:00,machine-04,41.31,44.429,6.243,4.265
2026-09-01T03:34:00,machine-04,41.782,43.91,5.953,4.646
2026-09-01T03:35:00,machine-04,42.832,42.553,5.799,4.528
2026-09-01T03:36:00,machine-04,42.6,43.061,5.657,3.416
2026-09-01T03:37:00,machine-04,42.457,42.983,5.472,3.459
2026-09-01T03:38:00,machine-04,41.367,44.254,5.408,2.486
2026-09-01T03:39:00,machine-04,40.198,45.855,5.451,1.525
2026-09-01T03:40:00,machine-04,38.314,48.096,5.064,0.947
2026-09-01T03:41:00,machine-04,36.587,50.081,4.764,0.929
2026-09-01T03:42:00,machine-04,35.013,51.884,4.581,1.783
2026-09-01T03:43:00,machine-04,35.364,51.686,4.888,4.356
2026-09-01T03:44:00,machine-04,36.04,50.695,5.255,4.885
2026-09-01T03:45:00,machine-04,36.175,50.575,5.346,2.89
2026-09-01T03:46:00,machine-04,34.485,52.367,5.256,1.901
2026-09-01T03:47:00,machine-04,33.065,54.262,5.217,2.075
2026-09-01T03:48:00,machine-04,31.813,55.719,5.248,1.637
2026-09-01T03:49:00,machine-04,30.629,57.042,5.127,2.737
2026-09-01T03:50:00,machine-04,29.361,58.911,5.225,2.581
2026-09-01T03:51:00,machine-04,28.696,59.556,5.359,4.089
2026-09-01T03:52:00,machine-04,29.407,58.648,5.53,4.651
2026-09-01T03:53:00,machine-04,29.967,58.198,5.599,2.999
2026-09-01T03:54:00,machine-04,30.073,57.952,5.393,2.315
2026-09-01T03:55:00,machine-04,28.592,59.768,4.996,0.606
2026-09-01T03:56:00,machine-04,27.625,60.789,4.49,0.784
2026-09-01T03:57:00,machine-04,26.503,62.258,4.24,0.75
2026-09-01T03:58:00,machine-04,25.72,63.085,3.969,0.629
2026-09-01T03:59:00,machine-04,24.794,64.276,3.897,0.787
2026-09-01T04:00:00,machine-04,24.016,65.143,3.788,0.669
2026-09-01T04:01:00,machine-04,24.584,64.504,4.06,1.37
2026-09-01T04:02:00,machine-04,26.138,62.644,4.355,2.008
2026-09-01T04:03:00,machine-04,28.165,60.289,4.551,1.475
2026-09-01T04:04:00,machine-04,29.66,58.447,4.695,2.572
2026-09-01T04:05:00,machine-04,31.457,56.2,4.874,3.978
2026-09-01T04:06:00,machine-04,33.87,53.232,5.061,3.1
2026-09-01T04:07:00,machine-04,34.986,52.018,5.209,4.771
2026-09-01T04:08:00,machine-04,38.144,48.212,5.816,5.493
2026-09-01T04:09:00,machine-04,39.34,46.919,5.872,3.843
2026-09-01T04:10:00,machine-04,40.533,45.396,5.946,4.732
2026-09-01T04:11:00,machine-04,41.117,44.561,5.95,3.643
2026-09-01T04:12:00,machine-04,40.268,45.713,5.808,3.299
2026-09-01T04:13:00,machine-04,38.99,47.221,5.676,3.052
2026-09-01T04:14:00,machine-04,37.322,49.052,5.681,2.846
2026-09-01T04:15:00,machine-04,35.842,51.106,5.548,2.887
2026-09-01T04:16:00,machine-04,34.985,52.095,5.474,1.894
2026-09-01T04:17:00,machine-04,33.178,54.21,5.027,1.646
2026-09-01T04:18:00,machine-04,31.469,56.265,4.82,1.622
2026-09-01T04:19:00,machine-04,29.792,58.213,4.688,2.446
2026-09-01T04:20:00,machine-04,28.67,59.317,4.926,1.942
2026-09-01T04:21:00,machine-04,27.628,60.974,5.048,3.053
2026-09-01T04:22:00,machine-04,27.751,60.834,5.27,3.378
2026-09-01T04:23:00,machine-04,27.536,60.957,5.216,1.616
2026-09-01T04:24:00,machine-04,26.853,61.98,5.107,1.198
2026-09-01T04:25:00,machine-04,25.425,63.488,4.767,0.945
2026-09-01T04:26:00,machine-04,24.995,63.903,4.666,1.366
2026-09-01T04:27:00,machine-04,24.635,64.437,4.602,2.27
2026-09-01T04:28:00,machine-04,25.454,63.724,5.02,2.852
2026-09-01T04:29:00,machine-04,26.991,61.628,5.22,2.31
2026-09-01T04:30:00,machine-04,28.109,60.291,5.077,1.002
2026-09-01T04:31:00,machine-04,28.595,59.777,4.692,1.264
2026-09-01T04:32:00,machine-04,29.632,58.711,4.795,2.56
2026-09-01T04:33:00,machine-04,30.839,56.967,4.939,1.869
2026-09-01T04:34:00,machine-04,31.167,56.689,4.804,1.14
2026-09-01T04:35:00,machine-04,30.775,57.197,4.693,1.505
2026-09-01T04:36:00,machine-04,31.249,56.504,4.818,1.456
2026-09-01T04:37:00,machine-04,31.507,56.315,4.727,0.992
2026-09-01T04:38:00,machine-04,31.262,56.445,4.638,0.856
2026-09-01T04:39:00,machine-04,30.452,57.479,4.634,0.643
2026-09-01T04:40:00,machine-04,29.865,58.269,4.304,0.639
2026-09-01T04:41:00,machine-04,29.833,58.081,4.318,1.885
2026-09-01T04:42:00,machine-04,29.914,58.014,4.497,2.679
2026-09-01T04:43:00,machine-04,30.599,57.126,4.664,2.824
2026-09-01T04:44:00,machine-04,30.259,57.645,4.962,1.78
2026-09-01T04:45:00,machine-04,28.721,59.501,4.84,0.808
2026-09-01T04:46:00,machine-04,27.951,60.374,4.763,1.158
2026-09-01T04:47:00,machine-04,27.445,60.978,4.739,2.416
2026-09-01T04:48:00,machine-04,28.104,60.149,5.047,2.938
2026-09-01T04:49:00,machine-04,26.795,61.924,5.148,1.551
2026-09-01T04:50:00,machine-04,25.594,63.305,5.097,1.194
2026-09-01T04:51:00,machine-04,24.481,64.727,4.825,0.783
2026-09-01T04:52:00,machine-04,22.875,66.569,4.458,0.567
2026-09-01T04:53:00,machine-04,21.396,68.313,4.293,0.775
2026-09-01T04:54:00,machine-04,21.456,68.156,4.402,1.738
2026-09-01T04:55:00,machine-04,21.872,67.797,4.42,1.629
2026-09-01T04:56:00,machine-04,21.926,67.804,4.583,0.994
2026-09-01T04:57:00,machine-04,22.401,67.125,4.635,0.843
2026-09-01T04:58:00,machine-04,22.746,66.512,4.573,0.645
2026-09-01T04:59:00,machine-04,22.983,66.401,4.188,0.594
2026-09-01T05:00:00,machine-04,23.283,65.968,4.177,0.729
2026-09-01T05:01:00,machine-04,23.775,65.58,4.26,0.755
2026-09-01T05:02:00,machine-04,23.721,65.597,4.514,1.57
2026-09-01T05:03:00,machine-04,25.691,63.121,4.743,3.813
2026-09-01T05:04:00,machine-04,28.307,60.093,5.254,3.123
2026-09-01T05:05:00,machine-04,29.449,58.736,5.153,1.297
2026-09-01T05:06:00,machine-04,31.204,56.866,4.964,2.118
2026-09-01T05:07:00,machine-04,32.459,54.876,4.902,1.548
2026-09-01T05:08:00,machine-04,32.69,54.665,4.837,1.532
2026-09-01T05:09:00,machine-04,32.701,54.786,4.745,0.872
2026-09-01T05:10:00,machine-04,32.352,55.061,4.61,1.726
2026-09-01T05:11:00,machine-04,32.011,55.74,4.612,1.29
2026-09-01T05:12:00,machine-04,32.006,55.576,4.503,1.53
2026-09-01T05:13:00,machine-04,32.091,55.685,4.81,2.899
2026-09-01T05:14:00,machine-04,32.313,55.316,5.155,3.094
2026-09-01T05:15:00,machine-04,32.811,54.524,5.479,5.441
2026-09-01T05:16:00,machine-04,34.035,53.157,5.88,5.503
2026-09-01T05:17:00,machine-04,34.33,52.79,6.059,4.396
2026-09-01T05:18:00,machine-04,33.813,53.534,6.146,4.139
2026-09-01T05:19:00,machine-04,34.147,52.884,6.071,4.97
2026-09-01T05:20:00,machine-04,34.802,52.243,5.966,4.831
2026-09-01T05:21:00,machine-04,34.481,52.586,5.992,3.803
2026-09-01T05:22:00,machine-04,33.727,53.53,5.806,3.576
2026-09-01T05:23:00,machine-04,33.168,54.169,5.814,3.521
2026-09-01T05:24:00,machine-04,32.934,54.4,5.746,5.072
2026-09-01T05:25:00,machine-04,33.74,53.606,5.784,4.799
2026-09-01T05:26:00,machine-04,33.596,53.679,5.843,3.777
2026-09-01T05:27:00,machine-04,34.192,52.887,5.965,4.866
2026-09-01T05:28:00,machine-04,34.78,52.217,5.867,3.949
2026-09-01T05:29:00,machine-04,34.838,52.089,5.739,3.539
2026-09-01T05:30:00,machine-04,35.109,51.659,5.698,3.665
2026-09-01T05:31:00,machine-04,35.938,50.907,5.724,4.147
2026-09-01T05:32:00,machine-04,36.912,49.837,5.65,2.949
2026-09-01T05:33:00,machine-04,37.556,49.091,5.492,3.928
2026-09-01T05:34:00,machine-04,39.227,46.773,5.794,5.61
2026-09-01T05:35:00,machine-04,41.09,44.569,5.892,5.097
2026-09-01T05:36:00,machine-04,42.332,43.188,5.905,5.558
2026-09-01T05:37:00,machine-04,42.833,42.406,5.84,5.494
2026-09-01T05:38:00,machine-04,43.898,41.293,6.049,6.172
2026-09-01T05:39:00,machine-04,44.466,40.699,6.192,5.973
2026-09-01T05:40:00,machine-04,45.22,39.755,6.316,5.941
2026-09-01T05:41:00,machine-04,45.774,39.165,6.302,5.598
2026-09-01T05:42:00,machine-04,44.194,41.081,6.224,3.26
2026-09-01T05:43:00,machine-04,42.244,43.597,5.926,2.789
2026-09-01T05:44:00,machine-04,39.955,46.06,5.652,1.457
2026-09-01T05:45:00,machine-04,36.742,49.906,5.175,0.785
2026-09-01T05:46:00,machine-04,34.021,53.239,4.923,1.771
2026-09-01T05:47:00,machine-04,33.306,54.07,4.988,2.671
2026-09-01T05:48:00,machine-04,32.604,54.83,4.878,1.514
2026-09-01T05:49:00,machine-04,30.713,57.214,4.617,0.782
2026-09-01T05:50:00,machine-04,28.094,60.302,4.456,0.603
2026-09-01T05:51:00,machine-04,26.17,62.452,4.47,1.211
2026-09-01T05:52:00,machine-04,25.228,63.721,4.635,2.026
2026-09-01T05:53:00,machine-04,24.935,64.152,4.874,1.562
2026-09-01T05:54:00,machine-04,23.941,65.326,4.797,0.911
2026-09-01T05:55:00,machine-04,22.589,67.093,4.708,0.728
2026-09-01T05:56:00,machine-04,22.253,67.031,4.658,1.495
2026-09-01T05:57:00,machine-04,23.582,65.625,4.925,3.644
2026-09-01T05:58:00,machine-04,25.128,63.729,5.118,3.004
2026-09-01T05:59:00,machine-04,26.785,62.024,5.29,3.837
2026-09-01T06:00:00,machine-04,28.669,59.664,5.438,3.027
2026-09-01T06:01:00,machine-04,30.53,57.333,5.587,4.972
2026-09-01T06:02:00,machine-04,33.463,53.798,5.878,5.452
2026-09-01T06:03:00,machine-04,35.696,51.179,5.854,5.338
2026-09-01T06:04:00,machine-04,37.122,49.422,5.727,3.517
2026-09-01T06:05:00,machine-04,36.824,49.912,5.383,1.502
2026-09-01T06:06:00,machine-04,35.25,51.708,4.846,0.783
2026-09-01T06:07:00,machine-04,34.497,52.592,4.699,0.796
2026-09-01T06:08:00,machine-04,33.682,53.873,4.504,1.08
2026-09-01T06:09:00,machine-04,34.128,53.136,4.478,2.05
2026-09-01T06:10:00,machine-04,34.223,52.899,4.715,1.63
2026-09-01T06:11:00,machine-04,33.768,53.362,4.709,1.52
2026-09-01T06:12:00,machine-04,32.531,55.078,4.635,1.051
2026-09-01T06:13:00,machine-04,30.874,56.962,4.498,0.803
2026-09-01T06:14:00,machine-04,29.901,58.104,4.581,2.61
2026-09-01T06:15:00,machine-04,31.068,56.474,5.062,5.163
2026-09-01T06:16:00,machine-04,33.121,54.23,5.531,4.768
2026-09-01T06:17:00,machine-04,34.045,53.289,5.794,3.27
2026-09-01T06:18:00,machine-04,33.112,54.302,5.807,3.258
2026-09-01T06:19:00,machine-04,33.655,53.545,5.932,5.365
2026-09-01T06:20:00,machine-04,34.237,52.974,6.175,5.968
2026-09-01T06:21:00,machine-04,34.906,52.173,6.335,5.988
2026-09-01T06:22:00,machine-04,35.282,51.539,6.037,3.454
2026-09-01T06:23:00,machine-04,34.271,52.905,5.723,3.896
2026-09-01T06:24:00,machine-04,34.226,52.845,5.813,5.156
2026-09-01T06:25:00,machine-04,34.654,52.45,5.991,5.305
2026-09-01T06:26:00,machine-04,34.839,52.16,6.083,5.193
2026-09-01T06:27:00,machine-04,34.965,52.142,6.14,5.47
2026-09-01T06:28:00,machine-04,35.808,51.024,6.31,5.278
2026-09-01T06:29:00,machine-04,36.346,50.187,6.021,2.938
2026-09-01T06:30:00,machine-04,36.742,49.921,5.752,3.785
2026-09-01T06:31:00,machine-04,37.016,49.596,5.52,2.737
2026-09-01T06:32:00,machine-04,36.937,49.69,5.46,4.215
2026-09-01T06:33:00,machine-04,37.307,49.214,5.645,5.195
2026-09-01T06:34:00,machine-04,38.685,47.576,5.727,4.916
2026-09-01T06:35:00,machine-04,40.574,45.371,5.992,5.789
2026-09-01T06:36:00,machine-04,41.298,44.378,6.113,3.639
2026-09-01T06:37:00,machine-04,40.939,44.807,5.702,2.855
2026-09-01T06:38:00,machine-04,41.027,44.808,5.514,3.102
2026-09-01T06:39:00,machine-04,41.179,44.668,5.695,4.271
2026-09-01T06:40:00,machine-04,41.351,44.48,5.56,4.112
2026-09-01T06:41:00,machine-04,40.773,45.153,5.653,4.614
2026-09-01T06:42:00,machine-04,41.505,44.259,6.047,5.86
2026-09-01T06:43:00,machine-04,41.653,44.166,6.094,4.985
2026-09-01T06:44:00,machine-04,41.604,44.091,6.152,5.883
2026-09-01T06:45:00,machine-04,42.001,43.361,6.246,4.735
2026-09-01T06:46:00,machine-04,41.253,44.614,6.309,5.799
2026-09-01T06:47:00,machine-04,39.946,46.174,6.209,3.472
2026-09-01T06:48:00,machine-04,37.289,49.222,5.567,1.64
2026-09-01T06:49:00,machine-04,34.947,51.959,5.277,2.053
2026-09-01T06:50:00,machine-04,33.631,53.486,5.215,2.979
2026-09-01T06:51:00,machine-04,32.508,54.987,5.369,2.54
2026-09-01T06:52:00,machine-04,31.527,56.208,5.528,2.736
2026-09-01T06:53:00,machine-04,30.431,57.519,5.543,1.834
2026-09-01T06:54:00,machine-04,28.419,59.847,5.291,1.304
2026-09-01T06:55:00,machine-04,27.054,61.592,5.186,1.3
2026-09-01T06:56:00,machine-04,26.258,62.559,5.099,1.247
2026-09-01T06:57:00,machine-04,25.424,63.487,4.817,0.774
2026-09-01T06:58:00,machine-04,24.99,63.958,4.657,0.607
2026-09-01T06:59:00,machine-04,24.985,63.868,4.769,1.23
2026-09-01T07:00:00,machine-04,25.757,63.01,4.909,1.025
2026-09-01T07:01:00,machine-04,25.502,63.107,4.704,0.69
2026-09-01T07:02:00,machine-04,26.39,62.556,4.496,1.422
2026-09-01T07:03:00,machine-04,27.211,61.506,4.446,0.62
2026-09-01T07:04:00,machine-04,27.839,60.642,4.413,0.599
2026-09-01T07:05:00,machine-04,28.405,59.996,4.299,0.981
2026-09-01T07:06:00,machine-04,29.102,58.926,4.245,1.099
2026-09-01T07:07:00,machine-04,29.617,58.457,4.427,2.026
2026-09-01T07:08:00,machine-04,30.376,57.352,4.792,2.268
2026-09-01T07:09:00,machine-04,30.337,57.643,4.809,0.915
2026-09-01T07:10:00,machine-04,29.817,58.249,4.696,0.688
2026-09-01T07:11:00,machine-04,29.041,59.194,4.412,0.588
2026-09-01T07:12:00,machine-04,28.753,59.447,4.381,1.763
2026-09-01T07:13:00,machine-04,29.948,58.25,4.666,3.011
2026-09-01T07:14:00,machine-04,30.825,56.833,4.894,2.783
2026-09-01T07:15:00,machine-04,30.237,57.842,4.817,1.605
2026-09-01T07:16:00,machine-04,29.208,58.789,4.835,1.227
2026-09-01T07:17:00,machine-04,27.771,60.814,4.702,0.583
2026-09-01T07:18:00,machine-04,26.176,62.575,4.54,0.59
2026-09-01T07:19:00,machine-04,24.831,64.138,4.282,0.7
2026-09-01T07:20:00,machine-04,23.078,66.432,4.169,0.685
2026-09-01T07:21:00,machine-04,22.112,67.368,4.312,0.911
2026-09-01T07:22:00,machine-04,22.116,67.447,4.336,1.689
2026-09-01T07:23:00,machine-04,22.616,66.787,4.55,3.054
2026-09-01T07:24:00,machine-04,23.443,65.888,4.941,2.478
2026-09-01T07:25:00,machine-04,24.51,64.655,4.886,1.613
2026-09-01T07:26:00,machine-04,25.306,63.593,4.829,3.076
2026-09-01T07:27:00,machine-04,26.794,62.111,5.081,2.352
2026-09-01T07:28:00,machine-04,27.803,60.646,5.163,2.719
2026-09-01T07:29:00,machine-04,28.83,59.303,5.231,2.536
2026-09-01T07:30:00,machine-04,29.401,58.809,5.393,2.35
2026-09-01T07:31:00,machine-04,30.607,57.422,5.505,3.158
2026-09-01T07:32:00,machine-04,32.669,54.912,5.648,4.166
2026-09-01T07:33:00,machine-04,34.822,52.117,5.721,4.213
2026-09-01T07:34:00,machine-04,36.94,49.694,5.865,5.108
2026-09-01T07:35:00,machine-04,38.55,47.789,6.017,4.497
2026-09-01T07:36:00,machine-04,38.497,47.803,5.769,2.926
2026-09-01T07:37:00,machine-04,37.641,48.73,5.386,1.384
2026-09-01T07:38:00,machine-04,36.357,50.296,5.026,0.871
2026-09-01T07:39:00,machine-04,35.031,52.01,4.795,0.55
2026-09-01T07:40:00,machine-04,34.014,53.051,4.458,1.418
2026-09-01T07:41:00,machine-04,33.518,53.813,4.44,1.667
2026-09-01T07:42:00,machine-04,32.532,54.84,4.349,1.153
2026-09-01T07:43:00,machine-04,31.589,56.133,4.464,1.603
2026-09-01T07:44:00,machine-04,30.817,57.072,4.551,2.508
2026-09-01T07:45:00,machine-04,30.601,57.227,4.873,2.563
2026-09-01T07:46:00,machine-04,30.811,57.031,5.091,3.074
2026-09-01T07:47:00,machine-04,31.122,56.702,5.048,3.474
2026-09-01T07:48:00,machine-04,31.956,55.644,5.211,4.405
2026-09-01T07:49:00,machine-04,32.681,54.801,5.534,5.478
2026-09-01T07:50:00,machine-04,33.145,54.406,5.869,5.821
2026-09-01T07:51:00,machine-04,33.348,54.058,5.984,4.328
2026-09-01T07:52:00,machine-04,32.386,55.167,5.697,3.478
2026-09-01T07:53:00,machine-04,32.297,55.266,5.455,3.407
2026-09-01T07:54:00,machine-04,32.065,55.518,5.575,4.498
2026-09-01T07:55:00,machine-04,32.904,54.583,5.701,4.63
2026-09-01T07:56:00,machine-04,33.135,54.149,5.497,2.898
2026-09-01T07:57:00,machine-04,32.08,55.586,5.33,1.599
2026-09-01T07:58:00,machine-04,30.85,56.991,5.054,1.587
2026-09-01T07:59:00,machine-04,29.781,58.267,4.888,1.438
2026-09-01T08:00:00,machine-04,30.449,57.605,4.87,2.777
2026-09-01T08:01:00,machine-04,31.466,56.102,5.076,4.079
2026-09-01T08:02:00,machine-04,34.005,53.32,5.651,6.286
2026-09-01T08:03:00,machine-04,36.734,50.045,6.0,5.633
2026-09-01T08:04:00,machine-04,38.707,47.665,6.268,5.449
2026-09-01T08:05:00,machine-04,40.115,45.852,6.202,4.503
2026-09-01T08:06:00,machine-04,41.216,44.452,5.898,3.779
2026-09-01T08:07:00,machine-04,42.329,43.175,5.903,5.319
2026-09-01T08:08:00,machine-04,43.657,41.582,6.09,5.87
2026-09-01T08:09:00,machine-04,44.887,40.257,6.189,6.139
2026-09-01T08:10:00,machine-04,44.684,40.375,6.345,5.63
2026-09-01T08:11:00,machine-04,44.098,41.247,6.147,5.123
2026-09-01T08:12:00,machine-04,43.02,42.202,5.88,3.913
2026-09-01T08:13:00,machine-04,42.711,42.781,5.749,4.68
2026-09-01T08:14:00,machine-04,42.092,43.487,5.668,3.579
2026-09-01T08:15:00,machine-04,40.746,45.0,5.674,2.535
2026-09-01T08:16:00,machine-04,38.191,48.265,5.426,0.997
2026-09-01T08:17:00,machine-04,34.896,52.131,5.21,0.506
2026-09-01T08:18:00,machine-04,31.325,56.431,4.751,0.698
2026-09-01T08:19:00,machine-04,28.49,59.907,4.611,0.978
2026-09-01T08:20:00,machine-04,27.521,60.774,4.582,1.945
2026-09-01T08:21:00,machine-04,27.049,61.5,4.622,1.902
2026-09-01T08:22:00,machine-04,27.372,61.043,4.8,3.356
2026-09-01T08:23:00,machine-04,27.607,60.942,5.035,3.514
2026-09-01T08:24:00,machine-04,27.93,60.629,5.305,4.141
2026-09-01T08:25:00,machine-04,28.582,59.697,5.553,3.841
2026-09-01T08:26:00,machine-04,28.912,59.329,5.378,2.42
2026-09-01T08:27:00,machine-04,28.525,59.723,5.171,2.164
2026-09-01T08:28:00,machine-04,28.371,59.976,4.885,1.886
2026-09-01T08:29:00,machine-04,28.053,60.445,4.754,0.909
2026-09-01T08:30:00,machine-04,27.487,60.972,4.566,0.706
2026-09-01T08:31:00,machine-04,27.145,61.273,4.476,1.063
2026-09-01T08:32:00,machine-04,27.704,60.666,4.449,1.622
2026-09-01T08:33:00,machine-04,29.114,58.991,4.713,2.221
2026-09-01T08:34:00,machine-04,29.535,58.643,4.646,1.394
2026-09-01T08:35:00,machine-04,30.063,58.016,4.613,1.228
2026-09-01T08:36:00,machine-04,29.512,58.589,4.626,0.628
2026-09-01T08:37:00,machine-04,29.027,59.334,4.481,0.823
2026-09-01T08:38:00,machine-04,28.868,59.364,4.398,1.199
2026-09-01T08:39:00,machine-04,28.862,59.237,4.237,0.861
2026-09-01T08:40:00,machine-04,28.91,59.167,4.206,0.778
2026-09-01T08:41:00,machine-04,28.386,59.867,4.265,0.706
2026-09-01T08:42:00,machine-04,28.677,59.574,4.437,1.649
2026-09-01T08:43:00,machine-04,29.093,59.118,4.699,2.026
2026-09-01T08:44:00,machine-04,28.799,59.537,4.868,1.624
2026-09-01T08:45:00,machine-04,27.546,60.948,4.593,0.69
2026-09-01T08:46:00,machine-04,25.984,62.788,4.418,0.854
2026-09-01T08:47:00,machine-04,24.621,64.474,4.476,1.033
2026-09-01T08:48:00,machine-04,24.265,64.922,4.607,1.548
2026-09-01T08:49:00,machine-04,24.661,64.363,4.706,1.688
2026-09-01T08:50:00,machine-04,25.485,63.415,4.885,4.045
2026-09-01T08:51:00,machine-04,26.889,61.671,5.204,5.139
2026-09-01T08:52:00,machine-04,29.107,59.007,5.647,6.147
2026-09-01T08:53:00,machine-04,30.2,57.795,5.973,5.538
2026-09-01T08:54:00,machine-04,30.559,57.252,5.984,4.556
2026-09-01T08:55:00,machine-04,31.048,56.819,5.876,5.115
2026-09-01T08:56:00,machine-04,32.628,54.881,6.028,4.614
2026-09-01T08:57:00,machine-04,33.327,54.074,5.864,3.766
2026-09-01T08:58:00,machine-04,33.574,53.592,5.754,2.839
2026-09-01T08:59:00,machine-04,33.245,53.868,5.514,1.873
2026-09-01T09:00:00,machine-04,32.068,55.637,5.144,1.268
2026-09-01T09:01:00,machine-04,30.797,57.14,5.038,0.949
2026-09-01T09:02:00,machine-04,30.485,57.376,4.963,1.327
2026-09-01T09:03:00,machine-04,31.531,56.15,4.96,2.195
2026-09-01T09:04:00,machine-04,33.49,53.731,5.125,2.823
2026-09-01T09:05:00,machine-04,34.894,52.213,4.98,2.283
2026-09-01T09:06:00,machine-04,35.904,50.838,5.26,3.876
2026-09-01T09:07:00,machine-04,36.744,49.869,5.449,3.771
2026-09-01T09:08:00,machine-04,36.868,49.858,5.379,2.653
2026-09-01T09:09:00,machine-04,35.754,50.952,4.932,1.315
2026-09-01T09:10:00,machine-04,35.499,51.382,4.781,2.547
2026-09-01T09:11:00,machine-04,36.902,49.685,5.069,5.04
2026-09-01T09:12:00,machine-04,38.504,47.712,5.422,5.741
2026-09-01T09:13:00,machine-04,39.94,46.084,5.827,6.19
2026-09-01T09:14:00,machine-04,40.78,44.789,6.033,6.095
2026-09-01T09:15:00,machine-04,40.544,45.051,6.361,4.372
2026-09-01T09:16:00,machine-04,38.884,47.324,6.085,4.44
2026-09-01T09:17:00,machine-04,38.565,47.625,6.003,5.411
2026-09-01T09:18:00,machine-04,38.566,47.817,5.91,4.969
2026-09-01T09:19:00,machine-04,38.888,47.369,5.995,6.137
2026-09-01T09:20:00,machine-04,38.352,48.108,6.12,4.721
2026-09-01T09:21:00,machine-04,36.415,50.401,5.922,2.356
2026-09-01T09:22:00,machine-04,34.276,52.764,5.88,2.883
2026-09-01T09:23:00,machine-04,33.318,53.958,5.682,2.679
2026-09-01T09:24:00,machine-04,32.246,55.414,5.668,2.57
2026-09-01T09:25:00,machine-04,31.573,56.12,5.595,1.803
2026-09-01T09:26:00,machine-04,30.923,56.842,5.278,2.091
2026-09-01T09:27:00,machine-04,31.056,56.761,5.207,2.931
2026-09-01T09:28:00,machine-04,31.544,56.131,5.257,3.223
2026-09-01T09:29:00,machine-04,32.232,55.444,5.224,3.786
2026-09-01T09:30:00,machine-04,33.222,54.218,5.188,2.654
2026-09-01T09:31:00,machine-04,33.794,53.652,5.089,2.525
2026-09-01T09:32:00,machine-04,34.406,52.676,5.299,3.073
2026-09-01T09:33:00,machine-04,35.926,50.833,5.511,5.349
2026-09-01T09:34:00,machine-04,38.514,47.905,5.679,4.907
2026-09-01T09:35:00,machine-04,39.389,46.703,5.827,3.583
2026-09-01T09:36:00,machine-04,39.601,46.443,5.748,2.497
2026-09-01T09:37:00,machine-04,38.943,47.267,5.354,1.355
2026-09-01T09:38:00,machine-04,37.456,48.895,5.092,1.042
2026-09-01T09:39:00,machine-04,35.874,50.872,4.87,0.666
2026-09-01T09:40:00,machine-04,33.709,53.483,4.681,0.711
2026-09-01T09:41:00,machine-04,32.396,55.168,4.396,1.241
2026-09-01T09:42:00,machine-04,32.005,55.546,4.506,2.569
2026-09-01T09:43:00,machine-04,32.939,54.47,4.996,5.186
2026-09-01T09:44:00,machine-04,33.642,53.732,5.527,3.039
2026-09-01T09:45:00,machine-04,33.177,54.219,5.263,2.462
2026-09-01T09:46:00,machine-04,32.997,54.654,5.141,2.422
2026-09-01T09:47:00,machine-04,32.545,54.965,5.312,2.153
2026-09-01T09:48:00,machine-04,30.983,56.915,5.156,1.264
2026-09-01T09:49:00,machine-04,29.041,59.19,4.923,1.064
2026-09-01T09:50:00,machine-04,26.994,61.751,4.734,0.958
2026-09-01T09:51:00,machine-04,26.377,62.443,4.816,1.879
2026-09-01T09:52:00,machine-04,25.916,62.983,4.772,1.916
2026-09-01T09:53:00,machine-04,26.139,62.424,4.871,3.143
2026-09-01T09:54:00,machine-04,26.432,62.254,4.936,3.43
2026-09-01T09:55:00,machine-04,27.435,61.291,5.172,4.55
2026-09-01T09:56:00,machine-04,28.987,59.439,5.472,5.101
2026-09-01T09:57:00,machine-04,30.292,57.679,5.491,4.106
2026-09-01T09:58:00,machine-04,30.66,57.21,5.403,1.91
2026-09-01T09:59:00,machine-04,30.545,57.274,5.153,1.327
2026-09-01T10:00:00,machine-04,29.719,58.336,4.822,0.62
2026-09-01T10:01:00,machine-04,28.941,59.318,4.685,0.86
2026-09-01T10:02:00,machine-04,29.213,59.034,4.397,0.727
2026-09-01T10:03:00,machine-04,29.249,58.932,4.227,0.624
2026-09-01T10:04:00,machine-04,28.39,59.662,4.211,0.801
2026-09-01T10:05:00,machine-04,28.837,59.521,4.153,1.352
2026-09-01T10:06:00,machine-04,30.874,56.826,4.269,1.418
2026-09-01T10:07:00,machine-04,32.542,55.09,4.699,2.824
2026-09-01T10:08:00,machine-04,34.22,52.942,5.089,3.275
2026-09-01T10:09:00,machine-04,34.527,52.592,5.053,1.844
2026-09-01T10:10:00,machine-04,33.718,53.433,4.748,0.916
2026-09-01T10:11:00,machine-04,32.157,55.528,4.609,1.12
2026-09-01T10:12:00,machine-04,31.936,55.638,4.695,2.574
2026-09-01T10:13:00,machine-04,33.139,54.339,5.183,5.285
2026-09-01T10:14:00,machine-04,35.353,51.526,5.607,5.952
2026-09-01T10:15:00,machine-04,36.587,50.208,5.904,4.779
2026-09-01T10:16:00,machine-04,36.031,50.693,6.072,3.59
2026-09-01T10:17:00,machine-04,34.014,53.358,5.631,1.458
2026-09-01T10:18:00,machine-04,32.211,55.345,5.335,1.338
2026-09-01T10:19:00,machine-04,29.612,58.417,5.071,0.721
2026-09-01T10:20:00,machine-04,27.161,61.418,5.015,0.777
2026-09-01T10:21:00,machine-04,25.131,63.695,4.612,0.594
2026-09-01T10:22:00,machine-04,23.606,65.538,4.286,0.561
2026-09-01T10:23:00,machine-04,22.491,66.923,4.138,0.567
2026-09-01T10:24:00,machine-04,21.322,68.442,4.131,0.755
2026-09-01T10:25:00,machine-04,20.48,69.503,4.14,0.725
2026-09-01T10:26:00,machine-04,20.435,69.369,4.197,0.985
2026-09-01T10:27:00,machine-04,21.129,68.609,4.445,1.076
2026-09-01T10:28:00,machine-04,21.591,67.948,4.567,0.549
2026-09-01T10:29:00,machine-04,22.038,67.525,4.514,0.554
2026-09-01T10:30:00,machine-04,23.026,66.314,4.57,1.462
2026-09-01T10:31:00,machine-04,24.115,65.194,4.712,1.665
2026-09-01T10:32:00,machine-04,25.154,63.762,4.873,1.231
2026-09-01T10:33:00,machine-04,27.255,61.443,5.003,3.054
2026-09-01T10:34:00,machine-04,29.643,58.439,5.109,2.839
2026-09-01T10:35:00,machine-04,31.999,55.557,5.207,3.42
2026-09-01T10:36:00,machine-04,33.425,53.961,5.337,1.875
2026-09-01T10:37:00,machine-04,34.477,52.512,5.15,3.365
2026-09-01T10:38:00,machine-04,35.718,51.069,5.096,2.815
2026-09-01T10:39:00,machine-04,36.217,50.424,5.098,2.075
2026-09-01T10:40:00,machine-04,36.419,50.299,5.339,4.121
2026-09-01T10:41:00,machine-04,37.588,48.958,5.647,4.464
2026-09-01T10:42:00,machine-04,38.559,47.543,5.835,4.666
2026-09-01T10:43:00,machine-04,39.197,46.951,5.948,5.706
2026-09-01T10:44:00,machine-04,39.196,47.041,6.051,5.842
2026-09-01T10:45:00,machine-04,39.092,47.073,6.266,5.48
2026-09-01T10:46:00,machine-04,38.948,47.471,6.303,5.514
2026-09-01T10:47:00,machine-04,38.801,47.484,6.255,5.502
2026-09-01T10:48:00,machine-04,38.367,47.999,5.999,4.529
2026-09-01T10:49:00,machine-04,37.547,48.881,5.802,3.815
2026-09-01T10:50:00,machine-04,36.573,50.09,5.783,4.82
2026-09-01T10:51:00,machine-04,36.167,50.448,5.901,3.537
2026-09-01T10:52:00,machine-04,33.792,53.6,5.671,1.625
2026-09-01T10:53:00,machine-04,31.957,55.645,5.504,2.015
2026-09-01T10:54:00,machine-04,31.409,56.316,5.369,3.548
2026-09-01T10:55:00,machine-04,32.345,55.315,5.481,4.228
2026-09-01T10:56:00,machine-04,32.963,54.356,5.737,3.174
2026-09-01T10:57:00,machine-04,31.848,55.917,5.431,1.454
2026-09-01T10:58:00,machine-04,30.711,57.168,5.101,1.078
2026-09-01T10:59:00,machine-04,29.543,58.792,4.856,0.794
2026-09-01T11:00:00,machine-04,28.512,59.775,4.473,0.65
2026-09-01T11:01:00,machine-04,28.262,60.054,4.397,1.201
2026-09-01T11:02:00,machine-04,29.088,59.151,4.509,2.341
2026-09-01T11:03:00,machine-04,30.615,57.133,4.842,2.972
2026-09-01T11:04:00,machine-04,32.852,54.768,5.003,3.898
2026-09-01T11:05:00,machine-04,33.593,53.731,5.138,1.487
2026-09-01T11:06:00,machine-04,33.607,53.576,5.115,1.631
2026-09-01T11:07:00,machine-04,34.249,53.074,5.323,4.213
2026-09-01T11:08:00,machine-04,36.423,50.181,5.675,4.908
2026-09-01T11:09:00,machine-04,37.973,48.27,5.724,4.888
2026-09-01T11:10:00,machine-04,39.482,46.756,5.653,4.444
2026-09-01T11:11:00,machine-04,40.224,45.854,5.82,4.095
2026-09-01T11:12:00,machine-04,39.859,46.094,5.924,3.563
2026-09-01T11:13:00,machine-04,38.763,47.473,5.667,2.01
2026-09-01T11:14:00,machine-04,36.406,50.34,5.334,1.494
2026-09-01T11:15:00,machine-04,34.731,52.228,4.955,1.041
2026-09-01T11:16:00,machine-04,32.472,55.266,4.59,1.107
2026-09-01T11:17:00,machine-04,31.053,56.697,4.601,1.771
2026-09-01T11:18:00,machine-04,30.439,57.527,4.95,3.738
2026-09-01T11:19:00,machine-04,31.515,56.278,5.403,4.237
2026-09-01T11:20:00,machine-04,32.277,55.353,5.627,5.194
2026-09-01T11:21:00,machine-04,32.826,54.871,6.055,5.596
2026-09-01T11:22:00,machine-04,33.071,54.422,6.027,4.06
2026-09-01T11:23:00,machine-04,32.564,55.022,5.656,2.004
2026-09-01T11:24:00,machine-04,31.254,56.628,5.431,1.599
2026-09-01T11:25:00,machine-04,30.378,57.611,5.175,2.071
2026-09-01T11:26:00,machine-04,29.741,58.187,4.982,1.675
2026-09-01T11:27:00,machine-04,28.395,59.822,4.653,0.685
2026-09-01T11:28:00,machine-04,27.341,60.98,4.359,1.295
2026-09-01T11:29:00,machine-04,27.295,61.354,4.616,1.559
2026-09-01T11:30:00,machine-04,27.483,60.933,4.854,2.15
2026-09-01T11:31:00,machine-04,28.717,59.474,4.964,2.098
2026-09-01T11:32:00,machine-04,29.808,58.368,5.128,1.607
2026-09-01T11:33:00,machine-04,30.295,57.715,4.955,1.515
2026-09-01T11:34:00,machine-04,30.127,57.936,4.825,1.123
2026-09-01T11:35:00,machine-04,30.269,57.482,4.758,2.105
2026-09-01T11:36:00,machine-04,31.618,56.016,4.82,2.033
2026-09-01T11:37:00,machine-04,32.034,55.437,4.927,1.405
2026-09-01T11:38:00,machine-04,31.287,56.434,4.766,0.695
2026-09-01T11:39:00,machine-04,30.399,57.751,4.462,0.608
2026-09-01T11:40:00,machine-04,30.851,56.957,4.51,2.068
2026-09-01T11:41:00,machine-04,30.981,56.637,4.75,2.541
2026-09-01T11:42:00,machine-04,31.228,56.46,5.029,2.987
2026-09-01T11:43:00,machine-04,31.673,56.071,5.007,2.973
2026-09-01T11:44:00,machine-04,32.812,54.674,5.006,4.08
2026-09-01T11:45:00,machine-04,34.219,53.006,5.216,5.734
2026-09-01T11:46:00,machine-04,35.243,51.722,5.496,4.949
2026-09-01T11:47:00,machine-04,35.356,51.636,5.576,3.04
2026-09-01T11:48:00,machine-04,33.646,53.721,5.415,1.654
2026-09-01T11:49:00,machine-04,31.632,55.907,5.194,1.76
2026-09-01T11:50:00,machine-04,30.019,58.058,5.285,1.754
2026-09-01T11:51:00,machine-04,28.595,59.604,5.096,1.246
2026-09-01T11:52:00,machine-04,26.827,61.818,4.922,0.915
2026-09-01T11:53:00,machine-04,25.625,63.012,4.779,0.6
2026-09-01T11:54:00,machine-04,23.883,65.229,4.483,0.705
2026-09-01T11:55:00,machine-04,22.58,66.801,4.516,0.933
2026-09-01T11:56:00,machine-04,21.726,67.908,4.453,0.697
2026-09-01T11:57:00,machine-04,22.182,67.358,4.521,1.688
2026-09-01T11:58:00,machine-04,23.465,65.861,4.757,1.861
2026-09-01T11:59:00,machine-04,25.035,63.888,4.877,1.609
2026-09-01T12:00:00,machine-04,25.696,63.149,4.663,1.053
2026-09-01T12:01:00,machine-04,26.351,62.236,4.698,1.271
2026-09-01T12:02:00,machine-04,27.119,61.364,4.643,1.455
2026-09-01T12:03:00,machine-04,27.927,60.655,4.573,0.758
2026-09-01T12:04:00,machine-04,27.71,60.823,4.345,0.585
2026-09-01T12:05:00,machine-04,28.056,60.465,4.092,0.516
2026-09-01T12:06:00,machine-04,27.974,60.439,4.098,0.81
2026-09-01T12:07:00,machine-04,28.328,59.976,4.255,1.801
2026-09-01T12:08:00,machine-04,29.222,58.967,4.63,1.656
2026-09-01T12:09:00,machine-04,29.35,58.625,4.705,1.976
2026-09-01T12:10:00,machine-04,30.45,57.552,4.933,3.204
2026-09-01T12:11:00,machine-04,32.393,55.244,5.148,3.354
2026-09-01T12:12:00,machine-04,32.566,55.01,5.142,1.809
2026-09-01T12:13:00,machine-04,32.574,54.952,5.211,3.614
2026-09-01T12:14:00,machine-04,33.927,53.28,5.522,5.834
2026-09-01T12:15:00,machine-04,35.273,51.528,5.703,5.816
2026-09-01T12:16:00,machine-04,36.419,50.364,5.957,6.078
2026-09-01T12:17:00,machine-04,36.791,49.795,6.108,5.524
2026-09-01T12:18:00,machine-04,36.524,50.225,6.142,5.611
2026-09-01T12:19:00,machine-04,37.23,49.254,6.014,5.664
2026-09-01T12:20:00,machine-04,37.098,49.543,6.025,3.121
2026-09-01T12:21:00,machine-04,36.146,50.72,5.968,4.12
2026-09-01T12:22:00,machine-04,35.129,51.806,5.85,4.105
2026-09-01T12:23:00,machine-04,34.327,52.765,5.868,4.372
2026-09-01T12:24:00,machine-04,33.989,53.029,5.954,3.976
2026-09-01T12:25:00,machine-04,33.489,53.793,5.697,3.561
2026-09-01T12:26:00,machine-04,33.021,54.477,5.629,2.486
2026-09-01T12:27:00,machine-04,33.542,53.757,5.637,4.809
2026-09-01T12:28:00,machine-04,34.618,52.374,5.74,5.209
2026-09-01T12:29:00,machine-04,35.224,51.601,5.926,4.026
2026-09-01T12:30:00,machine-04,34.66,52.548,5.671,1.244
2026-09-01T12:31:00,machine-04,32.696,54.869,5.089,0.592
2026-09-01T12:32:00,machine-04,31.647,55.964,4.588,0.647
2026-09-01T12:33:00,machine-04,30.705,57.116,4.52,0.797
2026-09-01T12:34:00,machine-04,30.78,57.11,4.507,0.817
2026-09-01T12:35:00,machine-04,30.64,57.288,4.309,0.616
2026-09-01T12:36:00,machine-04,30.375,57.436,4.226,1.046
2026-09-01T12:37:00,machine-04,30.345,57.706,4.384,1.006
2026-09-01T12:38:00,machine-04,29.835,58.113,4.562,1.165
2026-09-01T12:39:00,machine-04,30.126,57.694,4.6,1.108
2026-09-01T12:40:00,machine-04,29.594,58.557,4.385,0.666
2026-09-01T12:41:00,machine-04,28.91,59.202,4.249,0.946
2026-09-01T12:42:00,machine-04,28.696,59.556,4.185,0.702
2026-09-01T12:43:00,machine-04,27.959,60.401,4.187,1.193
2026-09-01T12:44:00,machine-04,27.683,60.809,4.424,1.875
2026-09-01T12:45:00,machine-04,27.638,60.942,4.553,2.274
2026-09-01T12:46:00,machine-04,28.249,60.071,4.859,4.869
2026-09-01T12:47:00,machine-04,30.437,57.629,5.432,4.747
2026-09-01T12:48:00,machine-04,31.24,56.404,5.738,5.292
2026-09-01T12:49:00,machine-04,32.399,55.204,6.013,6.324
2026-09-01T12:50:00,machine-04,33.418,53.998,6.287,6.297
2026-09-01T12:51:00,machine-04,33.923,53.114,6.045,5.685
2026-09-01T12:52:00,machine-04,33.942,53.332,6.087,5.324
2026-09-01T12:53:00,machine-04,33.676,53.601,5.874,2.502
2026-09-01T12:54:00,machine-04,31.524,56.119,5.348,1.348
2026-09-01T12:55:00,machine-04,30.707,57.233,5.147,1.62
2026-09-01T12:56:00,machine-04,30.506,57.544,5.094,1.735
2026-09-01T12:57:00,machine-04,28.727,59.587,5.094,0.768
2026-09-01T12:58:00,machine-04,27.44,60.961,4.825,1.416
2026-09-01T12:59:00,machine-04,27.238,61.435,4.554,1.533
2026-09-01T13:00:00,machine-04,27.516,60.974,4.699,1.439
2026-09-01T13:01:00,machine-04,27.498,61.035,4.697,0.899
2026-09-01T13:02:00,machine-04,27.397,61.143,4.763,1.322
2026-09-01T13:03:00,machine-04,28.882,59.438,5.051,2.368
2026-09-01T13:04:00,machine-04,30.137,57.766,5.006,2.409
2026-09-01T13:05:00,machine-04,32.46,54.87,5.171,5.22
2026-09-01T13:06:00,machine-04,34.76,52.382,5.597,5.037
2026-09-01T13:07:00,machine-04,36.537,50.075,5.584,3.245
2026-09-01T13:08:00,machine-04,37.856,48.449,5.584,3.925
2026-09-01T13:09:00,machine-04,39.818,46.257,5.962,5.871
2026-09-01T13:10:00,machine-04,41.911,43.622,6.158,6.013
2026-09-01T13:11:00,machine-04,43.058,42.201,6.184,5.908
2026-09-01T13:12:00,machine-04,43.275,42.047,6.333,5.732
2026-09-01T13:13:00,machine-04,43.636,41.544,6.471,5.974
2026-09-01T13:14:00,machine-04,43.476,41.811,6.257,5.378
2026-09-01T13:15:00,machine-04,42.633,42.75,6.018,4.131
2026-09-01T13:16:00,machine-04,40.872,45.016,5.726,2.951
2026-09-01T13:17:00,machine-04,39.453,46.643,5.394,2.393
2026-09-01T13:18:00,machine-04,36.761,49.821,5.188,1.936
2026-09-01T13:19:00,machine-04,34.901,51.965,5.182,2.254
2026-09-01T13:20:00,machine-04,33.273,54.012,5.305,2.636
2026-09-01T13:21:00,machine-04,31.464,56.116,5.345,1.854
2026-09-01T13:22:00,machine-04,29.877,58.36,5.134,1.279
2026-09-01T13:23:00,machine-04,28.691,59.442,4.893,1.333
2026-09-01T13:24:00,machine-04,26.941,61.699,4.698,1.046
2026-09-01T13:25:00,machine-04,25.865,62.932,4.653,1.744
2026-09-01T13:26:00,machine-04,25.643,63.279,4.747,1.851
2026-09-01T13:27:00,machine-04,25.82,62.828,4.89,3.182
2026-09-01T13:28:00,machine-04,26.528,62.035,5.072,2.043
2026-09-01T13:29:00,machine-04,26.892,61.467,4.919,0.735
2026-09-01T13:30:00,machine-04,26.642,61.975,4.601,0.925
2026-09-01T13:31:00,machine-04,27.625,60.887,4.457,1.953
2026-09-01T13:32:00,machine-04,28.477,59.78,4.643,2.015
2026-09-01T13:33:00,machine-04,29.498,58.724,4.892,2.606
2026-09-01T13:34:00,machine-04,31.29,56.409,5.272,2.002
2026-09-01T13:35:00,machine-04,32.436,54.945,5.12,1.024
2026-09-01T13:36:00,machine-04,32.295,55.311,4.587,0.758
2026-09-01T13:37:00,machine-04,32.458,55.087,4.349,0.816
2026-09-01T13:38:00,machine-04,32.005,55.626,4.409,0.799
2026-09-01T13:39:00,machine-04,30.863,57.05,4.242,0.629
2026-09-01T13:40:00,machine-04,29.853,58.268,4.177,0.82
2026-09-01T13:41:00,machine-04,29.495,58.699,4.056,0.601
2026-09-01T13:42:00,machine-04,28.18,60.29,3.871,0.669
2026-09-01T13:43:00,machine-04,27.443,61.062,3.981,0.623
2026-09-01T13:44:00,machine-04,27.098,61.56,4.157,0.692
2026-09-01T13:45:00,machine-04,26.102,62.572,4.259,0.757
2026-09-01T13:46:00,machine-04,25.405,63.312,4.363,1.813
2026-09-01T13:47:00,machine-04,25.196,63.847,4.477,2.392
2026-09-01T13:48:00,machine-04,25.047,63.899,4.706,3.285
2026-09-01T13:49:00,machine-04,25.311,63.88,4.994,2.9
2026-09-01T13:50:00,machine-04,27.01,61.407,5.16,5.055
2026-09-01T13:51:00,machine-04,28.579,59.716,5.496,5.146
2026-09-01T13:52:00,machine-04,29.847,58.165,5.899,6.108
2026-09-01T13:53:00,machine-04,31.049,56.832,6.046,5.887
2026-09-01T13:54:00,machine-04,31.376,56.405,6.127,5.043
2026-09-01T13:55:00,machine-04,31.807,55.852,6.083,4.5
2026-09-01T13:56:00,machine-04,32.33,55.144,5.881,3.853
2026-09-01T13:57:00,machine-04,33.64,53.397,5.762,5.325
2026-09-01T13:58:00,machine-04,35.677,51.299,5.984,5.772
2026-09-01T13:59:00,machine-04,37.733,48.511,6.28,5.675
2026-09-01T14:00:00,machine-04,37.895,48.811,5.924,1.927
2026-09-01T14:01:00,machine-04,35.599,51.299,5.103,0.717
2026-09-01T14:02:00,machine-04,33.494,53.769,4.754,0.969
2026-09-01T14:03:00,machine-04,32.575,54.822,4.646,1.119
2026-09-01T14:04:00,machine-04,32.576,54.916,4.577,1.381
2026-09-01T14:05:00,machine-04,32.075,55.692,4.403,0.552
2026-09-01T14:06:00,machine-04,31.842,55.815,4.447,1.359
2026-09-01T14:07:00,machine-04,31.625,56.136,4.406,1.009
2026-09-01T14:08:00,machine-04,30.904,56.846,4.39,1.693
2026-09-01T14:09:00,machine-04,32.215,55.313,4.8,2.869
2026-09-01T14:10:00,machine-04,33.572,53.779,5.072,2.783
2026-09-01T14:11:00,machine-04,33.927,53.145,5.018,2.304
2026-09-01T14:12:00,machine-04,35.542,51.435,5.222,5.858
2026-09-01T14:13:00,machine-04,37.695,48.846,5.63,5.604
2026-09-01T14:14:00,machine-04,37.742,48.57,5.68,3.484
2026-09-01T14:15:00,machine-04,35.938,50.791,5.417,1.706
2026-09-01T14:16:00,machine-04,34.386,52.979,5.409,3.119
2026-09-01T14:17:00,machine-04,33.805,53.363,5.777,4.005
2026-09-01T14:18:00,machine-04,34.331,52.624,5.946,5.365
2026-09-01T14:19:00,machine-04,34.388,52.807,6.031,3.987
2026-09-01T14:20:00,machine-04,33.924,53.337,5.988,4.37
2026-09-01T14:21:00,machine-04,33.874,53.369,6.177,5.713
2026-09-01T14:22:00,machine-04,33.804,53.638,6.236,4.735
2026-09-01T14:23:00,machine-04,33.754,53.402,6.137,5.709
2026-09-01T14:24:00,machine-04,33.911,53.403,6.097,4.658
2026-09-01T14:25:00,machine-04,33.275,54.011,5.877,1.55
2026-09-01T14:26:00,machine-04,32.523,54.85,5.593,2.767
2026-09-01T14:27:00,machine-04,32.194,55.427,5.489,2.21
2026-09-01T14:28:00,machine-04,32.044,55.593,5.419,2.471
2026-09-01T14:29:00,machine-04,30.987,56.785,5.23,0.943
2026-09-01T14:30:00,machine-04,29.454,58.778,4.752,1.082
2026-09-01T14:31:00,machine-04,29.16,58.962,4.66,1.917
2026-09-01T14:32:00,machine-04,30.612,57.292,4.763,2.449
2026-09-01T14:33:00,machine-04,32.426,55.179,4.913,3.012
2026-09-01T14:34:00,machine-04,33.863,53.38,5.216,2.562
2026-09-01T14:35:00,machine-04,34.015,53.186,5.193,2.77
2026-09-01T14:36:00,machine-04,34.884,52.104,5.416,3.633
2026-09-01T14:37:00,machine-04,36.039,50.88,5.463,3.393
2026-09-01T14:38:00,machine-04,36.799,50.115,5.366,2.967
2026-09-01T14:39:00,machine-04,37.491,48.984,5.189,2.814
2026-09-01T14:40:00,machine-04,37.445,48.989,4.915,2.187
2026-09-01T14:41:00,machine-04,36.824,49.725,4.8,1.267
2026-09-01T14:42:00,machine-04,34.683,52.25,4.569,0.701
2026-09-01T14:43:00,machine-04,32.667,54.768,4.447,0.92
2026-09-01T14:44:00,machine-04,30.787,56.947,4.272,0.751
2026-09-01T14:45:00,machine-04,28.957,59.126,4.322,0.591
2026-09-01T14:46:00,machine-04,27.153,61.547,4.267,0.76
2026-09-01T14:47:00,machine-04,26.474,62.322,4.277,1.439
2026-09-01T14:48:00,machine-04,25.667,63.155,4.279,1.096
2026-09-01T14:49:00,machine-04,25.687,63.29,4.601,3.057
2026-09-01T14:50:00,machine-04,26.044,62.772,5.11,3.474
2026-09-01T14:51:00,machine-04,26.388,62.27,5.186,2.664
2026-09-01T14:52:00,machine-04,25.453,63.466,4.915,0.995
2026-09-01T14:53:00,machine-04,24.974,64.163,5.145,2.469
2026-09-01T14:54:00,machine-04,26.218,62.695,5.283,2.352
2026-09-01T14:55:00,machine-04,26.992,61.685,5.004,1.945
2026-09-01T14:56:00,machine-04,26.947,61.602,5.12,1.824
2026-09-01T14:57:00,machine-04,26.395,62.236,5.079,2.023
2026-09-01T14:58:00,machine-04,27.193,61.288,5.155,2.795
2026-09-01T14:59:00,machine-04,28.307,59.869,5.107,2.957
2026-09-01T15:00:00,machine-04,29.517,58.601,5.222,2.334
2026-09-01T15:01:00,machine-04,30.512,57.54,5.042,2.197
2026-09-01T15:02:00,machine-04,32.659,54.793,5.248,4.931
2026-09-01T15:03:00,machine-04,35.229,51.603,5.793,5.335
2026-09-01T15:04:00,machine-04,37.017,49.555,5.728,5.222
2026-09-01T15:05:00,machine-04,39.243,46.841,5.879,5.897
2026-09-01T15:06:00,machine-04,41.155,44.693,6.174,5.885
2026-09-01T15:07:00,machine-04,43.204,42.109,6.31,5.625
2026-09-01T15:08:00,machine-04,44.304,40.805,6.353,5.078
2026-09-01T15:09:00,machine-04,44.909,40.208,6.206,5.673
2026-09-01T15:10:00,machine-04,44.855,39.957,6.094,5.356
2026-09-01T15:11:00,machine-04,43.857,41.279,6.029,3.701
2026-09-01T15:12:00,machine-04,42.639,42.806,5.92,4.049
2026-09-01T15:13:00,machine-04,41.733,43.989,5.666,2.71
2026-09-01T15:14:00,machine-04,39.19,47.075,5.211,1.172
2026-09-01T15:15:00,machine-04,36.367,50.601,4.854,1.359
2026-09-01T15:16:00,machine-04,34.724,52.357,4.891,2.744
2026-09-01T15:17:00,machine-04,33.942,53.057,5.191,3.676
2026-09-01T15:18:00,machine-04,33.964,53.361,5.295,5.265
2026-09-01T15:19:00,machine-04,33.323,53.928,5.634,3.84
2026-09-01T15:20:00,machine-04,32.601,54.811,5.597,2.815
2026-09-01T15:21:00,machine-04,30.74,57.115,5.198,0.937
2026-09-01T15:22:00,machine-04,28.443,60.037,4.831,0.93
2026-09-01T15:23:00,machine-04,26.887,61.745,4.7,1.202
2026-09-01T15:24:00,machine-04,25.939,62.594,4.587,1.101
2026-09-01T15:25:00,machine-04,24.414,64.801,4.458,0.629
2026-09-01T15:26:00,machine-04,22.788,66.748,4.205,0.61
2026-09-01T15:27:00,machine-04,21.854,67.925,3.944,0.696
2026-09-01T15:28:00,machine-04,22.136,67.482,4.147,1.404
2026-09-01T15:29:00,machine-04,23.34,66.07,4.342,0.876
2026-09-01T15:30:00,machine-04,23.509,65.808,4.121,0.575
2026-09-01T15:31:00,machine-04,23.269,65.852,4.068,0.823
2026-09-01T15:32:00,machine-04,23.758,65.498,4.281,1.154
2026-09-01T15:33:00,machine-04,24.571,64.68,4.388,0.989
2026-09-01T15:34:00,machine-04,25.362,63.327,4.364,1.579
2026-09-01T15:35:00,machine-04,26.702,61.85,4.469,0.829
2026-09-01T15:36:00,machine-04,27.449,60.872,4.399,1.041
2026-09-01T15:37:00,machine-04,28.411,59.812,4.592,0.917
2026-09-01T15:38:00,machine-04,28.298,59.999,4.449,0.611
2026-09-01T15:39:00,machine-04,27.524,60.982,4.183,0.766
2026-09-01T15:40:00,machine-04,27.423,61.107,4.164,0.989
2026-09-01T15:41:00,machine-04,27.796,60.596,4.189,0.806
2026-09-01T15:42:00,machine-04,27.761,60.716,4.246,0.769
2026-09-01T15:43:00,machine-04,27.498,61.094,4.352,0.819
2026-09-01T15:44:00,machine-04,27.5,60.943,4.655,1.844
2026-09-01T15:45:00,machine-04,27.675,60.899,4.828,2.587
2026-09-01T15:46:00,machine-04,27.813,60.434,4.893,2.828
2026-09-01T15:47:00,machine-04,27.928,60.652,5.148,2.714
2026-09-01T15:48:00,machine-04,27.212,61.467,5.191,1.714
2026-09-01T15:49:00,machine-04,25.887,62.855,4.995,1.38
2026-09-01T15:50:00,machine-04,26.083,62.603,4.951,2.897
2026-09-01T15:51:00,machine-04,26.42,62.29,4.83,2.048
2026-09-01T15:52:00,machine-04,25.655,63.017,5.056,1.87
2026-09-01T15:53:00,machine-04,24.099,65.089,4.893,0.567
2026-09-01T15:54:00,machine-04,21.814,67.855,4.437,1.015
2026-09-01T15:55:00,machine-04,22.71,66.714,4.587,3.136
2026-09-01T15:56:00,machine-04,24.133,65.143,4.94,2.584
2026-09-01T15:57:00,machine-04,25.55,63.364,5.102,2.358
2026-09-01T15:58:00,machine-04,26.468,62.322,5.143,2.689
2026-09-01T15:59:00,machine-04,27.999,60.333,5.268,4.154
2026-09-01T16:00:00,machine-04,29.607,58.516,5.361,4.041
2026-09-01T16:01:00,machine-04,31.465,56.41,5.439,4.16
2026-09-01T16:02:00,machine-04,33.427,53.883,5.572,3.78
2026-09-01T16:03:00,machine-04,35.004,51.954,5.533,3.296
2026-09-01T16:04:00,machine-04,36.438,50.253,5.595,4.486
2026-09-01T16:05:00,machine-04,38.276,48.097,5.861,4.877
2026-09-01T16:06:00,machine-04,39.617,46.497,5.759,3.414
2026-09-01T16:07:00,machine-04,40.064,45.981,5.499,3.437
2026-09-01T16:08:00,machine-04,39.737,46.505,5.464,1.697
2026-09-01T16:09:00,machine-04,37.848,48.536,4.883,0.995
2026-09-01T16:10:00,machine-04,36.826,49.763,4.877,1.518
2026-09-01T16:11:00,machine-04,35.259,51.771,4.749,0.667
2026-09-01T16:12:00,machine-04,33.569,53.802,4.765,1.733
2026-09-01T16:13:00,machine-04,33.18,54.007,5.02,2.315
2026-09-01T16:14:00,machine-04,32.251,55.373,4.964,0.913
2026-09-01T16:15:00,machine-04,29.731,58.397,4.555,0.823
2026-09-01T16:16:00,machine-04,28.74,59.515,4.455,2.686
2026-09-01T16:17:00,machine-04,29.058,58.948,4.75,2.011
2026-09-01T16:18:00,machine-04,27.701,60.72,4.751,1.763
2026-09-01T16:19:00,machine-04,27.258,61.26,4.714,1.481
2026-09-01T16:20:00,machine-04,25.267,63.551,4.644,0.695
2026-09-01T16:21:00,machine-04,23.571,65.9,4.54,1.065
2026-09-01T16:22:00,machine-04,22.628,66.808,4.618,1.908
2026-09-01T16:23:00,machine-04,22.754,66.655,4.872,2.127
2026-09-01T16:24:00,machine-04,22.419,67.111,4.728,0.789
2026-09-01T16:25:00,machine-04,21.582,68.138,4.766,0.992
2026-09-01T16:26:00,machine-04,21.224,68.453,4.619,0.796
2026-09-01T16:27:00,machine-04,21.117,68.856,4.588,1.061
2026-09-01T16:28:00,machine-04,21.438,68.449,4.765,2.35
2026-09-01T16:29:00,machine-04,23.393,65.876,5.15,3.061
2026-09-01T16:30:00,machine-04,26.219,62.48,5.387,3.678
2026-09-01T16:31:00,machine-04,28.972,59.232,5.547,3.465
2026-09-01T16:32:00,machine-04,30.814,57.046,5.479,2.547
2026-09-01T16:33:00,machine-04,31.748,55.971,5.299,1.475
2026-09-01T16:34:00,machine-04,32.352,55.083,5.262,1.679
2026-09-01T16:35:00,machine-04,32.399,55.247,5.203,1.677
2026-09-01T16:36:00,machine-04,32.39,55.099,4.912,1.07
2026-09-01T16:37:00,machine-04,32.503,54.959,4.973,1.76
2026-09-01T16:38:00,machine-04,32.589,54.91,4.992,1.426
2026-09-01T16:39:00,machine-04,32.631,54.696,4.868,1.727
2026-09-01T16:40:00,machine-04,33.07,54.405,4.92,2.846
2026-09-01T16:41:00,machine-04,33.66,53.538,5.126,3.405
2026-09-01T16:42:00,machine-04,34.281,52.905,5.398,3.641
2026-09-01T16:43:00,machine-04,35.447,51.467,5.478,3.946
2026-09-01T16:44:00,machine-04,35.605,51.305,5.456,3.517
2026-09-01T16:45:00,machine-04,34.899,52.174,5.425,3.955
2026-09-01T16:46:00,machine-04,34.748,52.245,5.569,2.877
2026-09-01T16:47:00,machine-04,34.279,52.87,5.524,2.874
2026-09-01T16:48:00,machine-04,33.176,54.267,5.384,3.584
2026-09-01T16:49:00,machine-04,32.083,55.353,5.431,3.238
2026-09-01T16:50:00,machine-04,31.656,56.092,5.577,4.311
2026-09-01T16:51:00,machine-04,31.751,55.846,5.719,4.604
2026-09-01T16:52:00,machine-04,32.225,55.458,6.014,5.049
2026-09-01T16:53:00,machine-04,33.097,54.5,6.103,5.789
2026-09-01T16:54:00,machine-04,34.017,53.1,5.734,4.265
2026-09-01T16:55:00,machine-04,33.668,53.513,5.621,3.237
2026-09-01T16:56:00,machine-04,32.592,54.912,5.505,2.327
2026-09-01T16:57:00,machine-04,31.42,56.316,5.374,2.662
2026-09-01T16:58:00,machine-04,30.56,57.185,5.123,2.07
2026-09-01T16:59:00,machine-04,29.539,58.563,4.997,1.473
2026-09-01T17:00:00,machine-04,29.197,58.989,4.838,1.854
2026-09-01T17:01:00,machine-04,30.322,57.62,4.964,4.126
2026-09-01T17:02:00,machine-04,31.529,56.15,5.222,3.115
2026-09-01T17:03:00,machine-04,31.083,56.599,5.121,1.961
2026-09-01T17:04:00,machine-04,30.572,57.461,4.902,2.43
2026-09-01T17:05:00,machine-04,30.684,57.148,4.832,1.588
2026-09-01T17:06:00,machine-04,30.462,57.326,4.756,1.662
2026-09-01T17:07:00,machine-04,30.516,57.442,4.867,2.387
2026-09-01T17:08:00,machine-04,31.171,56.604,5.002,3.098
2026-09-01T17:09:00,machine-04,31.854,55.892,5.132,2.578
2026-09-01T17:10:00,machine-04,31.777,55.901,5.139,2.54
2026-09-01T17:11:00,machine-04,32.207,55.264,5.182,3.325
